county_name,state,cambium_ba,fips_code,cdiv,aia,population,emm_pre2020,ASHRAE,countryns,emm2020_county,emm2020_ba
Autauga,AL,90,1001,6,5,55416,SRSE,3A,161526,SRSE,SRSE
Baldwin,AL,90,1003,6,5,208563,SRSE,2A,161527,SRSE,SRSE
Barbour,AL,90,1005,6,5,25965,SRSE,3A,161528,SRSE,SRSE
Bibb,AL,89,1007,6,4,22643,SRSE,3A,161529,SRSE,SRSE
Blount,AL,90,1009,6,4,57704,SRSE,3A,161530,SRSE,SRSE
Bullock,AL,90,1011,6,5,10362,SRSE,3A,161531,SRSE,SRSE
Butler,AL,90,1013,6,5,19998,SRSE,3A,161532,SRSE,SRSE
Calhoun,AL,90,1015,6,4,114611,SRSE,3A,161533,SRSE,SRSE
Chambers,AL,90,1017,6,4,33843,SRSE,3A,161534,SRSE,SRSE
Cherokee,AL,90,1019,6,4,25725,SRSE,3A,161535,SRSE,SRSE
Chilton,AL,90,1021,6,4,43941,SRSE,3A,161536,SRSE,SRSE
Choctaw,AL,89,1023,6,4,12993,SRSE,3A,161537,SRSE,SRSE
Clarke,AL,90,1025,6,5,24392,SRSE,3A,161538,SRSE,SRSE
Clay,AL,90,1027,6,4,13492,SRSE,3A,161539,SRSE,SRSE
Cleburne,AL,90,1029,6,4,14924,SRSE,3A,161540,SRSE,SRSE
Coffee,AL,90,1031,6,5,51226,SRSE,3A,161541,SRSE,SRSE
Colbert,AL,89,1033,6,4,54216,SRSE,3A,161542,SRSE,SRSE
Conecuh,AL,90,1035,6,5,12395,SRSE,3A,161543,SRSE,SRSE
Coosa,AL,90,1037,6,4,10581,SRSE,3A,161544,SRSE,SRSE
Covington,AL,90,1039,6,4,37458,SRSE,3A,161545,SRSE,SRSE
Crenshaw,AL,90,1041,6,4,13913,SRSE,3A,161546,SRSE,SRSE
Cullman,AL,89,1043,6,4,82471,SRSE,3A,161547,SRSE,SRSE
Dale,AL,90,1045,6,5,49226,SRSE,3A,161548,SRSE,SRSE
Dallas,AL,90,1047,6,5,40008,SRSE,3A,161549,SRSE,SRSE
DeKalb,AL,89,1049,6,4,70900,SRSE,3A,161550,SRCE,SRSE
Elmore,AL,90,1051,6,4,81799,SRSE,3A,161551,SRSE,SRSE
Escambia,AL,90,1053,6,5,37728,SRSE,3A,161552,SRSE,SRSE
Etowah,AL,90,1055,6,4,102564,SRSE,3A,161553,SRSE,SRSE
Fayette,AL,89,1057,6,4,16546,SRSE,3A,161554,SRSE,SRSE
Franklin,AL,89,1059,6,4,31628,SRSE,3A,161555,SRSE,SRSE
Geneva,AL,90,1061,6,5,26614,SRSE,3A,161556,SRSE,SRSE
Greene,AL,89,1063,6,4,8422,SRSE,3A,161557,SRSE,SRSE
Hale,AL,89,1065,6,5,14952,SRSE,3A,161558,SRSE,SRSE
Henry,AL,90,1067,6,5,17164,SRSE,3A,161559,SRSE,SRSE
Houston,AL,90,1069,6,5,104056,SRSE,3A,161560,SRSE,SRSE
Jackson,AL,89,1071,6,4,52138,SRSE,3A,161561,SRCE,SRSE
Jefferson,AL,89,1073,6,4,659521,SRSE,3A,161562,SRSE,SRSE
Lamar,AL,89,1075,6,4,13918,SRSE,3A,161563,SRSE,SRSE
Lauderdale,AL,89,1077,6,4,92318,SRCE,3A,161564,SRCE,SRSE
Lawrence,AL,89,1079,6,4,33244,SRSE,3A,161565,SRSE,SRSE
Lee,AL,90,1081,6,4,158991,SRSE,3A,161566,SRSE,SRSE
Limestone,AL,89,1083,6,4,92753,SRCE,3A,161567,SRCE,SRSE
Lowndes,AL,90,1085,6,5,10358,SRSE,3A,161568,SRSE,SRSE
Macon,AL,90,1087,6,4,18963,SRSE,3A,161569,SRSE,SRSE
Madison,AL,89,1089,6,4,356967,SRCE,3A,161570,SRCE,SRSE
Marengo,AL,89,1091,6,5,19673,SRSE,3A,161572,SRSE,SRSE
Marion,AL,89,1093,6,4,29998,SRSE,3A,161573,SRSE,SRSE
Marshall,AL,89,1095,6,4,95157,SRSE,3A,161574,SRSE,SRSE
Mobile,AL,90,1097,6,5,414836,SRSE,2A,161575,SRSE,SRSE
Monroe,AL,90,1099,6,5,21530,SRSE,3A,161576,SRSE,SRSE
Montgomery,AL,90,1101,6,5,226349,SRSE,3A,161577,SRSE,SRSE
Morgan,AL,89,1103,6,4,119012,SRCE,3A,161578,SRCE,SRSE
Perry,AL,89,1105,6,4,9574,SRSE,3A,161579,SRSE,SRSE
Pickens,AL,89,1107,6,4,20324,SRSE,3A,161580,SRSE,SRSE
Pike,AL,90,1109,6,5,33286,SRSE,3A,161581,SRSE,SRSE
Randolph,AL,90,1111,6,4,22652,SRSE,3A,161582,SRSE,SRSE
Russell,AL,90,1113,6,5,58172,SRSE,3A,161583,SRSE,SRSE
St. Clair,AL,90,1115,6,4,88019,SRSE,3A,164997,SRSE,SRSE
Shelby,AL,89,1117,6,4,210622,SRSE,3A,161584,SRSE,SRSE
Sumter,AL,89,1119,6,4,13040,SRSE,3A,161585,SRSE,SRSE
Talladega,AL,90,1121,6,4,80103,SRSE,3A,161586,SRSE,SRSE
Tallapoosa,AL,90,1123,6,4,40727,SRSE,3A,161587,SRSE,SRSE
Tuscaloosa,AL,89,1125,6,4,206102,SRSE,3A,161588,SRSE,SRSE
Walker,AL,89,1127,6,4,64967,SRSE,3A,161589,SRSE,SRSE
Washington,AL,90,1129,6,5,16756,SRSE,3A,161590,SRSE,SRSE
Wilcox,AL,89,1131,6,5,10986,SRSE,3A,161591,SRSE,SRSE
Winston,AL,89,1133,6,4,23805,SRSE,3A,161592,SRSE,SRSE
Apache,AZ,29,4001,8,2,73112,AZNM,5B,25441,SRSG,
Cochise,AZ,28,4003,8,4,125770,AZNM,3B,25442,SRSG,
Coconino,AZ,28,4005,8,2,140908,AZNM,5B,25443,SRSG,
Gila,AZ,28,4007,8,4,53556,AZNM,4B,40471,SRSG,
Graham,AZ,28,4009,8,5,37599,AZNM,3B,25444,SRSG,
Greenlee,AZ,28,4011,8,5,9613,AZNM,3B,42807,SRSG,
La Paz,AZ,28,4012,8,5,20317,AZNM,2B,43540,SRSG,
Maricopa,AZ,28,4013,8,5,4242997,AZNM,2B,37026,SRSG,
Mohave,AZ,27,4015,8,5,205249,AZNM,3B,25445,SRSG,
Navajo,AZ,28,4017,8,3,110026,AZNM,5B,42808,SRSG,
Pima,AZ,30,4019,8,5,1016206,AZNM,2B,25446,SRSG,
Pinal,AZ,28,4021,8,5,418540,AZNM,2B,25447,SRSG,
Santa Cruz,AZ,30,4023,8,4,45985,AZNM,3B,40472,SRSG,
Yavapai,AZ,28,4025,8,3,225562,AZNM,4B,42809,SRSG,
Yuma,AZ,28,4027,8,5,205631,AZNM,2B,23901,SRSG,
Arkansas,AR,85,5001,7,5,18214,SRDA,3A,63755,MISS,
Ashley,AR,85,5003,7,4,20492,SRDA,3A,63756,MISS,
Baxter,AR,85,5005,7,3,41062,SRDA,4A,69895,MISS,
Benton,AR,56,5007,7,3,258291,SPNO,4A,69896,SPPS,
Boone,AR,56,5009,7,3,37304,SRDA,4A,69897,MISS,
Bradley,AR,85,5011,7,4,10996,SRDA,3A,63757,MISS,
Calhoun,AR,85,5013,7,4,5144,SRDA,3A,63758,MISS,
Carroll,AR,56,5015,7,3,27646,SPSO,4A,66975,SPPS,
Chicot,AR,85,5017,7,5,10945,SRDA,3A,69160,MISS,
Clark,AR,85,5019,7,4,22657,SRDA,3A,66845,MISS,
Clay,AR,85,5021,7,4,14920,SRDA,3A,63759,MISS,
Cleburne,AR,56,5023,7,4,25264,SRDA,3A,66983,MISS,
Cleveland,AR,85,5025,7,4,8241,SRDA,3A,63760,MISS,
Columbia,AR,85,5027,7,4,23901,SRDA,3A,63761,MISS,
Conway,AR,85,5029,7,5,20937,SRDA,3A,66846,MISS,SRSG
Craighead,AR,85,5031,7,4,105835,SRDA,3A,66847,MISS,SRSG
Crawford,AR,56,5033,7,4,62267,SPSO,3A,69161,SPPS,SRSG
Crittenden,AR,85,5035,7,4,49235,SRDA,3A,69162,MISS,SRSG
Cross,AR,85,5037,7,4,17037,SRDA,3A,66848,MISS,SRSG
Dallas,AR,85,5039,7,4,7469,SRDA,3A,66849,MISS,SRSG
Desha,AR,85,5041,7,5,11876,SRDA,3A,66850,MISS,SRSG
Drew,AR,85,5043,7,4,18651,SRDA,3A,66851,MISS,SRSG
Faulkner,AR,85,5045,7,4,122227,SRDA,3A,66852,MISS,SRSG
Franklin,AR,56,5047,7,4,17626,SPSO,3A,66853,SPPS,SRSG
Fulton,AR,85,5049,7,4,12123,SRDA,4A,66854,MISS,SRSG
Garland,AR,85,5051,7,4,97477,SRDA,3A,66855,MISS,SRSG
Grant,AR,85,5053,7,4,18082,SRDA,3A,66856,MISS,SRSG
Greene,AR,85,5055,7,4,44598,SRDA,3A,66857,MISS,SRSG
Hempstead,AR,85,5057,7,4,21974,SPSO,3A,66858,SPPS,SRSG
Hot Spring,AR,85,5059,7,4,33374,SRDA,3A,66859,MISS,MISS
Howard,AR,56,5061,7,4,13377,SPSO,3A,66872,SPPS,MISS
Independence,AR,85,5063,7,4,37168,SRDA,3A,69163,MISS,MISS
Izard,AR,85,5065,7,4,13433,SRDA,4A,66860,MISS,MISS
Jackson,AR,85,5067,7,4,17221,SRDA,3A,66861,MISS,MISS
Jefferson,AR,85,5069,7,5,70016,SRDA,3A,66862,MISS,MISS
Johnson,AR,56,5071,7,4,26176,SPSO,3A,66863,SPPS,MISS
Lafayette,AR,85,5073,7,4,6847,SPSO,3A,66864,SPPS,MISS
Lawrence,AR,85,5075,7,4,16735,SRDA,3A,66865,MISS,MISS
Lee,AR,85,5077,7,4,9310,SRDA,3A,66866,MISS,MISS
Lincoln,AR,85,5079,7,5,13705,SRDA,3A,66873,MISS,MISS
Little River,AR,85,5081,7,5,12451,SPSO,3A,66874,SPPS,MISS
Logan,AR,56,5083,7,4,21792,SPSO,3A,82850,SPPS,MISS
Lonoke,AR,85,5085,7,4,72228,SRDA,3A,69164,MISS,MISS
Madison,AR,56,5087,7,3,16072,SPSO,4A,69165,SPPS,MISS
Marion,AR,56,5089,7,3,16325,SRDA,4A,69898,MISS,MISS
Miller,AR,85,5091,7,5,43787,SPSO,3A,69166,SPPS,MISS
Mississippi,AR,85,5093,7,4,42835,SRDA,3A,69899,MISS,MISS
Monroe,AR,85,5095,7,4,7169,SRDA,3A,69167,MISS,MISS
Montgomery,AR,56,5097,7,4,8879,SRDA,3A,69168,SPPS,MISS
Nevada,AR,85,5099,7,5,8398,SRDA,3A,69169,MISS,MISS
Newton,AR,56,5101,7,3,7936,SRDA,4A,69900,SPPS,MISS
Ouachita,AR,85,5103,7,4,24098,SRDA,3A,69170,MISS,MISS
Perry,AR,85,5105,7,4,10132,SRDA,3A,69171,MISS,MISS
Phillips,AR,85,5107,7,4,18975,SRDA,3A,69172,MISS,MISS
Pike,AR,56,5109,7,4,10832,SRDA,3A,69173,SPPS,MISS
Poinsett,AR,85,5111,7,4,24023,SRDA,3A,69174,MISS,MISS
Polk,AR,56,5113,7,4,20173,SPSO,3A,69175,SPPS,MISS
Pope,AR,85,5115,7,4,63779,SRDA,3A,69901,MISS,MISS
Prairie,AR,85,5117,7,4,8251,SRDA,3A,69176,MISS,MISS
Pulaski,AR,85,5119,7,4,393250,SRDA,3A,69177,MISS,MISS
Randolph,AR,85,5121,7,4,17448,SRDA,3A,69178,MISS,MISS
St. Francis,AR,85,5123,7,4,26196,SRDA,3A,83331,MISS,MISS
Saline,AR,85,5125,7,4,118703,SRDA,3A,67102,MISS,MISS
Scott,AR,56,5127,7,4,10277,SPSO,3A,69179,SPPS,MISS
Searcy,AR,56,5129,7,3,7967,SRDA,4A,69180,MISS,MISS
Sebastian,AR,56,5131,7,4,127793,SPSO,3A,69181,SPPS,MISS
Sevier,AR,85,5133,7,4,16910,SPSO,3A,69182,SPPS,MISS
Sharp,AR,85,5135,7,4,17157,SRDA,3A,69183,MISS,MISS
Stone,AR,85,5137,7,3,12539,SRDA,4A,69902,MISS,MISS
Union,AR,85,5139,7,5,39887,SRDA,3A,69903,MISS,MISS
Van Buren,AR,56,5141,7,4,16628,SRDA,3A,69904,MISS,MISS
Washington,AR,56,5143,7,3,228049,SPNO,4A,69905,SPPS,MISS
White,AR,85,5145,7,4,79263,SRDA,3A,69906,MISS,MISS
Woodruff,AR,85,5147,7,4,6641,SRDA,3A,69907,MISS,MISS
Yell,AR,85,5149,7,4,21552,SRDA,3A,69908,SPPS,MISS
Alameda,CA,9,6001,9,4,1647704,CAMX,3C,1675839,CANO,MISS
Alpine,CA,9,6003,9,1,1071,CAMX,6B,1675840,CANO,MISS
Amador,CA,9,6005,9,4,37383,CAMX,4B,1675841,CANO,MISS
Butte,CA,9,6007,9,4,226864,CAMX,3B,1675842,CANO,MISS
Calaveras,CA,9,6009,9,4,45171,CAMX,4B,1675885,CANO,MISS
Colusa,CA,9,6011,9,4,21588,CAMX,3B,1675902,CANO,MISS
Contra Costa,CA,9,6013,9,4,1135127,CAMX,3B,1675903,CANO,MISS
Del Norte,CA,9,6015,9,3,27540,NWPP,4C,1682074,NWPP,MISS
El Dorado,CA,9,6017,9,4,185625,CAMX,4B,277273,CANO,MISS
Fresno,CA,9,6019,9,4,979915,CAMX,3B,277274,CANO,SPPS
Glenn,CA,9,6021,9,4,28085,CAMX,3B,277275,CANO,SPPS
Humboldt,CA,9,6023,9,3,136646,CAMX,4C,1681908,CANO,SPPS
Imperial,CA,10,6025,9,5,180883,AZNM,2B,277277,SRSG,SPPS
Inyo,CA,10,6027,9,3,18144,CAMX,4B,1804637,CASO,SPPS
Kern,CA,10,6029,9,5,884788,CAMX,3B,2054176,CASO,SPPS
Kings,CA,9,6031,9,4,149785,CAMX,3B,277280,CANO,SPPS
Lake,CA,9,6033,9,4,64116,CAMX,4B,277281,CANO,SPPS
Lassen,CA,8,6035,9,2,30870,CAMX,5B,1693324,NWPP,SPPS
Los Angeles,CA,10,6037,9,4,10137915,CAMX,3B,277283,CASO,SPPS
Madera,CA,9,6039,9,4,154697,CAMX,3B,277284,CANO,SPPS
Marin,CA,9,6041,9,4,260651,CAMX,3C,277285,CANO,SPPS
Mariposa,CA,9,6043,9,4,17410,CAMX,4B,277286,CANO,SPPS
Mendocino,CA,9,6045,9,4,87628,CAMX,3C,277287,CANO,SPPS
Merced,CA,9,6047,9,4,268672,CAMX,3B,277288,CANO,SPPS
Modoc,CA,8,6049,9,1,8795,NWPP,5B,277289,NWPP,SPPS
Mono,CA,10,6051,9,1,13981,CAMX,6B,277290,CASO,SPPS
Monterey,CA,9,6053,9,4,435232,CAMX,3C,277291,CANO,SPPS
Napa,CA,9,6055,9,4,142166,CAMX,3C,277292,CANO,SPPS
Nevada,CA,9,6057,9,3,99107,CAMX,5B,1682927,CANO,SPPS
Orange,CA,10,6059,9,4,3172532,CAMX,3B,277294,CASO,CANO
Placer,CA,9,6061,9,4,380531,CAMX,3B,277295,CANO,CANO
Plumas,CA,9,6063,9,2,18627,CAMX,5B,277296,CANO,CANO
Riverside,CA,10,6065,9,4,2387741,AZNM,3B,277297,CASO,CANO
Sacramento,CA,9,6067,9,4,1514460,CAMX,3B,277298,CANO,CANO
San Benito,CA,9,6069,9,4,59414,CAMX,3C,277299,CANO,CANO
San Bernardino,CA,10,6071,9,4,2140096,CAMX,3B,277300,CASO,CANO
San Diego,CA,11,6073,9,4,3317749,CAMX,3B,277301,CASO,CANO
San Francisco,CA,9,6075,9,4,870887,CAMX,3C,277302,CANO,CANO
San Joaquin,CA,9,6077,9,4,733709,CAMX,3B,277303,CANO,CANO
San Luis Obispo,CA,9,6079,9,4,282887,CAMX,3C,277304,CANO,CANO
San Mateo,CA,9,6081,9,4,764797,CAMX,3C,277305,CANO,CANO
Santa Barbara,CA,9,6083,9,4,446170,CAMX,3C,277306,CANO,CANO
Santa Clara,CA,9,6085,9,4,1919402,CAMX,3C,277307,CANO,CANO
Santa Cruz,CA,9,6087,9,4,274673,CAMX,3C,277308,CANO,CANO
Shasta,CA,9,6089,9,4,179631,CAMX,3B,1682610,CANO,CANO
Sierra,CA,9,6091,9,3,2947,CAMX,5B,277310,CANO,CANO
Siskiyou,CA,8,6093,9,3,43603,NWPP,5B,277311,NWPP,CANO
Solano,CA,9,6095,9,4,440207,CAMX,3B,277312,CANO,CANO
Sonoma,CA,9,6097,9,4,503070,CAMX,3C,1657246,CANO,CANO
Stanislaus,CA,9,6099,9,4,541560,CAMX,3B,277314,CANO,CANO
Sutter,CA,9,6101,9,4,96651,CAMX,3B,277315,CANO,CANO
Tehama,CA,9,6103,9,4,63276,CAMX,3B,1692767,CANO,CANO
Trinity,CA,9,6105,9,3,12782,CAMX,4B,277317,CANO,CANO
Tulare,CA,10,6107,9,4,460437,CAMX,3B,277318,CASO,CANO
Tuolumne,CA,9,6109,9,4,53804,CAMX,4B,277319,CANO,CANO
Ventura,CA,10,6111,9,4,849738,CAMX,3C,277320,CASO,CANO
Yolo,CA,9,6113,9,4,215802,CAMX,3B,277321,CANO,CANO
Yuba,CA,9,6115,9,4,75275,CAMX,3B,277322,CANO,CANO
Adams,CO,33,8001,8,2,498187,RMPA,5B,198116,RMRG,CANO
Alamosa,CO,34,8003,8,1,16654,RMPA,6B,198117,RMRG,CANO
Arapahoe,CO,33,8005,8,2,637068,RMPA,5B,198118,RMRG,CANO
Archuleta,CO,34,8007,8,1,12854,RMPA,6B,198119,RMRG,CANO
Baca,CO,34,8009,8,3,3568,RMPA,4B,198120,RMRG,CANO
Bent,CO,34,8011,8,3,5861,RMPA,5B,198121,RMRG,CANO
Boulder,CO,33,8013,8,2,322226,RMPA,5B,198122,RMRG,CANO
Broomfield,CO,33,8014,8,2,66529,RMPA,5B,1945881,RMRG,CANO
Chaffee,CO,34,8015,8,1,19058,RMPA,6B,198123,RMRG,CANO
Cheyenne,CO,34,8017,8,2,1848,RMPA,5B,198124,RMRG,CANO
Clear Creek,CO,33,8019,8,1,9436,RMPA,7,198125,RMRG,CANO
Conejos,CO,34,8021,8,1,8129,RMPA,6B,198126,RMRG,CANO
Costilla,CO,34,8023,8,1,3721,RMPA,6B,198127,RMRG,CANO
Crowley,CO,34,8025,8,3,5694,RMPA,5B,198128,RMRG,CANO
Custer,CO,34,8027,8,1,4602,RMPA,6B,198129,RMRG,CANO
Delta,CO,34,8029,8,2,30442,RMPA,5B,198130,RMRG,CASO
Denver,CO,33,8031,8,2,693060,RMPA,5B,198131,RMRG,CASO
Dolores,CO,34,8033,8,1,2056,RMPA,6B,198132,RMRG,CASO
Douglas,CO,33,8035,8,2,328632,RMPA,5B,198133,RMRG,CASO
Eagle,CO,33,8037,8,1,53989,RMPA,6B,198134,RMRG,CASO
Elbert,CO,34,8039,8,2,25231,RMPA,5B,198136,RMRG,CASO
El Paso,CO,34,8041,8,2,688284,RMPA,5B,198135,RMRG,CASO
Fremont,CO,34,8043,8,3,47446,RMPA,5B,198137,RMRG,CASO
Garfield,CO,33,8045,8,1,58887,RMPA,5B,198138,RMRG,CASO
Gilpin,CO,33,8047,8,2,5931,RMPA,5B,198139,RMRG,CASO
Grand,CO,33,8049,8,1,15008,RMPA,7,198140,RMRG,NWPP
Gunnison,CO,34,8051,8,1,16408,RMPA,7,198141,RMRG,NWPP
Hinsdale,CO,34,8053,8,1,788,RMPA,7,198142,RMRG,NWPP
Huerfano,CO,34,8055,8,3,6677,RMPA,5B,198143,RMRG,CASO
Jackson,CO,33,8057,8,1,1357,RMPA,7,198144,RMRG,RMRG
Jefferson,CO,33,8059,8,2,571837,RMPA,5B,198145,RMRG,RMRG
Kiowa,CO,34,8061,8,2,1373,RMPA,5B,198146,RMRG,RMRG
Kit Carson,CO,34,8063,8,2,8195,RMPA,5B,198147,RMRG,RMRG
Lake,CO,33,8065,8,1,7618,RMPA,7,198149,RMRG,RMRG
La Plata,CO,34,8067,8,1,55623,RMPA,5B,198148,RMRG,RMRG
Larimer,CO,33,8069,8,2,339993,RMPA,5B,198150,RMRG,RMRG
Las Animas,CO,34,8071,8,3,14103,RMPA,4B,198151,RMRG,RMRG
Lincoln,CO,34,8073,8,2,5643,RMPA,5B,198152,RMRG,RMRG
Logan,CO,33,8075,8,2,21919,RMPA,5B,198153,RMRG,RMRG
Mesa,CO,33,8077,8,2,150083,RMPA,5B,198154,RMRG,RMRG
Mineral,CO,34,8079,8,1,732,RMPA,7,198155,RMRG,RMRG
Moffat,CO,33,8081,8,1,13109,RMPA,6B,198156,RMRG,RMRG
Montezuma,CO,34,8083,8,1,26999,RMPA,5B,198157,RMRG,RMRG
Montrose,CO,34,8085,8,2,41471,RMPA,5B,198158,RMRG,RMRG
Morgan,CO,33,8087,8,2,28274,RMPA,5B,198159,RMRG,RMRG
Otero,CO,34,8089,8,3,18295,RMPA,4B,198160,RMRG,RMRG
Ouray,CO,34,8091,8,1,4857,RMPA,6B,198161,RMRG,RMRG
Park,CO,33,8093,8,1,17166,RMPA,7,198162,RMRG,RMRG
Phillips,CO,33,8095,8,2,4288,RMPA,5B,198163,RMRG,RMRG
Pitkin,CO,33,8097,8,1,17752,RMPA,7,198164,RMRG,RMRG
Prowers,CO,34,8099,8,3,11922,RMPA,5B,198165,RMRG,RMRG
Pueblo,CO,34,8101,8,3,165123,RMPA,5B,198166,RMRG,RMRG
Rio Blanco,CO,33,8103,8,1,6545,RMPA,6B,198167,RMRG,RMRG
Rio Grande,CO,34,8105,8,1,11479,RMPA,7,198168,RMRG,RMRG
Routt,CO,33,8107,8,1,24648,RMPA,7,198169,RMRG,RMRG
Saguache,CO,34,8109,8,1,6389,RMPA,6B,198170,RMRG,RMRG
San Juan,CO,34,8111,8,1,694,RMPA,7,198171,RMRG,RMRG
San Miguel,CO,34,8113,8,1,8017,RMPA,6B,198172,RMRG,RMRG
Sedgwick,CO,33,8115,8,2,2407,RMPA,5B,198173,RMRG,RMRG
Summit,CO,33,8117,8,1,30374,RMPA,7,198174,RMRG,RMRG
Teller,CO,33,8119,8,2,24043,RMPA,5B,198175,RMRG,RMRG
Washington,CO,33,8121,8,2,4908,RMPA,5B,198176,RMRG,RMRG
Weld,CO,33,8123,8,2,294932,RMPA,5B,198177,RMRG,RMRG
Yuma,CO,33,8125,8,2,10103,RMPA,5B,198178,RMRG,RMRG
Fairfield,CT,132,9001,1,2,944177,NEWE,5A,212794,ISNE,RMRG
Hartford,CT,132,9003,1,2,892389,NEWE,5A,212338,ISNE,RMRG
Litchfield,CT,132,9005,1,2,182571,NEWE,5A,212796,ISNE,RMRG
Middlesex,CT,132,9007,1,2,163329,NEWE,5A,212797,ISNE,RMRG
New Haven,CT,132,9009,1,2,856875,NEWE,5A,212798,ISNE,RMRG
New London,CT,132,9011,1,2,269801,NEWE,5A,212799,ISNE,RMRG
Tolland,CT,132,9013,1,2,151118,NEWE,5A,212668,ISNE,RMRG
Windham,CT,132,9015,1,2,116192,NEWE,5A,212801,ISNE,RMRG
Kent,DE,125,10001,5,3,174827,RFCE,4A,217271,PJME,RMRG
New Castle,DE,125,10003,5,3,556987,RFCE,4A,217270,PJME,RMRG
Sussex,DE,125,10005,5,3,220251,RFCE,4A,217269,PJME,RMRG
District of Columbia,DC,123,11001,5,3,681170,RFCE,4A,1702382,PJMD,RMRG
Alachua,FL,101,12001,5,5,263496,FRCC,2A,308548,FRCC,RMRG
Baker,FL,101,12003,5,5,27937,FRCC,2A,306920,FRCC,RMRG
Bay,FL,91,12005,5,5,183974,SRSE,2A,295738,SRSE,RMRG
Bradford,FL,101,12007,5,5,26926,FRCC,2A,303634,FRCC,RMRG
Brevard,FL,102,12009,5,5,579130,FRCC,2A,295749,FRCC,RMRG
Broward,FL,102,12011,5,5,1909632,FRCC,1A,295753,FRCC,RMRG
Calhoun,FL,91,12013,5,5,14423,SRSE,2A,306919,SRSE,RMRG
Charlotte,FL,101,12015,5,5,178465,FRCC,2A,295742,FRCC,RMRG
Citrus,FL,101,12017,5,5,143621,FRCC,2A,295752,FRCC,RMRG
Clay,FL,101,12019,5,5,208311,FRCC,2A,295726,FRCC,RMRG
Collier,FL,101,12021,5,5,365136,FRCC,2A,295754,FRCC,RMRG
Columbia,FL,101,12023,5,5,69299,FRCC,2A,306909,FRCC,RMRG
DeSoto,FL,101,12027,5,5,35800,FRCC,2A,294452,FRCC,RMRG
Dixie,FL,101,12029,5,5,16300,FRCC,2A,295725,FRCC,RMRG
Duval,FL,101,12031,5,5,926255,FRCC,2A,293656,FRCC,RMRG
Escambia,FL,91,12033,5,5,315187,SRSE,2A,295737,SRSE,RMRG
Flagler,FL,101,12035,5,5,108310,FRCC,2A,308547,FRCC,RMRG
Franklin,FL,101,12037,5,5,11901,FRCC,2A,306911,FRCC,ISNE
Gadsden,FL,101,12039,5,5,46006,FRCC,2A,306918,FRCC,ISNE
Gilchrist,FL,101,12041,5,5,17212,FRCC,2A,303633,FRCC,ISNE
Glades,FL,101,12043,5,5,13970,FRCC,2A,295743,FRCC,ISNE
Gulf,FL,91,12045,5,5,15990,SRSE,2A,306917,SRSE,ISNE
Hamilton,FL,101,12047,5,5,14361,FRCC,2A,295736,FRCC,ISNE
Hardee,FL,101,12049,5,5,27360,FRCC,2A,295746,FRCC,ISNE
Hendry,FL,101,12051,5,5,39290,FRCC,2A,307626,FRCC,ISNE
Hernando,FL,101,12053,5,5,182835,FRCC,2A,295751,FRCC,PJME
Highlands,FL,101,12055,5,5,100917,FRCC,2A,295756,FRCC,PJME
Hillsborough,FL,101,12057,5,5,1376238,FRCC,2A,295757,FRCC,PJME
Holmes,FL,91,12059,5,5,19487,SRSE,2A,295735,SRSE,PJME
Indian River,FL,102,12061,5,5,151563,FRCC,2A,307624,FRCC,PJME
Jackson,FL,91,12063,5,5,48229,SRSE,2A,295734,SRSE,PJME
Jefferson,FL,101,12065,5,5,13906,FRCC,2A,295733,FRCC,PJME
Lafayette,FL,101,12067,5,5,8617,FRCC,2A,295732,FRCC,PJME
Lake,FL,101,12069,5,5,335396,FRCC,2A,308551,FRCC,PJME
Lee,FL,101,12071,5,5,722336,FRCC,2A,295758,FRCC,PJME
Leon,FL,101,12073,5,5,287822,FRCC,2A,306916,FRCC,PJME
Levy,FL,101,12075,5,5,39961,FRCC,2A,295724,FRCC,PJME
Liberty,FL,101,12077,5,5,8202,FRCC,2A,308549,FRCC,PJME
Madison,FL,101,12079,5,5,18224,FRCC,2A,295731,FRCC,PJME
Manatee,FL,101,12081,5,5,375888,FRCC,2A,295744,FRCC,PJME
Marion,FL,101,12083,5,5,349020,FRCC,2A,306922,FRCC,PJME
Martin,FL,102,12085,5,5,158701,FRCC,2A,308550,FRCC,PJME
Miami-Dade,FL,102,12086,5,5,2712945,FRCC,1A,295755,FRCC,PJME
Monroe,FL,101,12087,5,5,79077,FRCC,1A,295759,FRCC,PJME
Nassau,FL,101,12089,5,5,80622,FRCC,2A,295730,FRCC,PJME
Okaloosa,FL,91,12091,5,5,201170,SRSE,2A,306915,SRSE,PJME
Okeechobee,FL,101,12093,5,5,40314,FRCC,2A,295760,FRCC,PJME
Orange,FL,101,12095,5,5,1314367,FRCC,2A,295750,FRCC,PJME
Osceola,FL,101,12097,5,5,336015,FRCC,2A,295748,FRCC,PJME
Palm Beach,FL,102,12099,5,5,1443810,FRCC,2A,295761,FRCC,FRCC
Pasco,FL,101,12101,5,5,512368,FRCC,2A,295739,FRCC,FRCC
Pinellas,FL,101,12103,5,5,960730,FRCC,2A,295745,FRCC,FRCC
Polk,FL,101,12105,5,5,666149,FRCC,2A,295747,FRCC,FRCC
Putnam,FL,101,12107,5,5,72277,FRCC,2A,306910,FRCC,FRCC
St. Johns,FL,101,12109,5,5,235087,FRCC,2A,308371,FRCC,FRCC
St. Lucie,FL,102,12111,5,5,306507,FRCC,2A,308372,FRCC,FRCC
Santa Rosa,FL,91,12113,5,5,170497,SRSE,2A,306914,SRSE,FRCC
Sarasota,FL,101,12115,5,5,412569,FRCC,2A,295741,FRCC,FRCC
Seminole,FL,101,12117,5,5,455479,FRCC,2A,303665,FRCC,FRCC
Sumter,FL,101,12119,5,5,123996,FRCC,2A,295740,FRCC,FRCC
Suwannee,FL,101,12121,5,5,43794,FRCC,2A,295729,FRCC,FRCC
Taylor,FL,101,12123,5,5,22175,FRCC,2A,295728,FRCC,FRCC
Union,FL,101,12125,5,5,15142,FRCC,2A,306913,FRCC,FRCC
Volusia,FL,101,12127,5,5,529364,FRCC,2A,306921,FRCC,FRCC
Wakulla,FL,101,12129,5,5,31893,FRCC,2A,306912,FRCC,FRCC
Walton,FL,91,12131,5,5,65889,SRSE,2A,295727,SRSE,FRCC
Washington,FL,91,12133,5,5,24569,SRSE,2A,295762,SRSE,FRCC
Appling,GA,94,13001,5,5,18428,SRSE,2A,349113,SRSE,FRCC
Atkinson,GA,94,13003,5,5,8273,SRSE,2A,345784,SRSE,FRCC
Bacon,GA,94,13005,5,5,11372,SRSE,2A,344784,SRSE,FRCC
Baker,GA,94,13007,5,5,3150,SRSE,2A,342832,SRSE,FRCC
Baldwin,GA,94,13009,5,4,45144,SRSE,3A,345255,SRSE,FRCC
Banks,GA,94,13011,5,4,18397,SRSE,4A,349230,SRSE,FRCC
Barrow,GA,94,13013,5,4,77126,SRSE,3A,356976,SRSE,FRCC
Bartow,GA,94,13015,5,4,103807,SRSE,3A,351604,SRSE,FRCC
Ben Hill,GA,94,13017,5,5,17243,SRSE,3A,351606,SRSE,FRCC
Berrien,GA,94,13019,5,5,18993,SRSE,2A,326638,SRSE,FRCC
Bibb,GA,94,13021,5,5,152760,SRSE,3A,1672039,SRSE,FRCC
Bleckley,GA,94,13023,5,5,12970,SRSE,3A,347451,SRSE,FRCC
Brantley,GA,94,13025,5,5,18355,SRSE,2A,351605,SRSE,FRCC
Brooks,GA,94,13027,5,5,15687,FRCC,2A,345518,SRSE,FRCC
Bryan,GA,94,13029,5,5,36230,SRSE,2A,350496,SRSE,FRCC
Bulloch,GA,94,13031,5,5,74722,SRSE,3A,350302,SRSE,FRCC
Burke,GA,94,13033,5,4,22688,SRSE,3A,347944,SRSE,FRCC
Butts,GA,94,13035,5,4,23817,SRSE,3A,352295,SRSE,FRCC
Calhoun,GA,94,13037,5,5,6324,SRSE,3A,344074,SRSE,FRCC
Camden,GA,94,13039,5,5,53008,SRSE,2A,1671316,SRSE,FRCC
Candler,GA,94,13043,5,5,10910,SRSE,3A,342852,SRSE,FRCC
Carroll,GA,94,13045,5,4,116261,SRSE,3A,326650,SRSE,FRCC
Catoosa,GA,94,13047,5,4,66398,SRSE,4A,353230,SRSE,FRCC
Charlton,GA,94,13049,5,5,12497,SRSE,2A,357747,SRSE,FRCC
Chatham,GA,94,13051,5,5,289082,SRSE,2A,1694477,SRSE,FRCC
Chattahoochee,GA,94,13053,5,4,10922,SRSE,3A,351012,SRSE,FRCC
Chattooga,GA,94,13055,5,4,24824,SRSE,4A,352213,SRSE,FRCC
Cherokee,GA,94,13057,5,4,241689,SRSE,3A,1685718,SRSE,FRCC
Clarke,GA,94,13059,5,4,124707,SRSE,3A,1672699,SRSE,FRCC
Clay,GA,94,13061,5,5,3020,SRSE,3A,344805,SRSE,FRCC
Clayton,GA,94,13063,5,4,279462,SRSE,3A,1672399,SRSE,FRCC
Clinch,GA,94,13065,5,5,6829,FRCC,2A,351285,SRSE,FRCC
Cobb,GA,94,13067,5,4,748150,SRSE,3A,1686112,SRSE,SRSE
Coffee,GA,94,13069,5,5,43012,SRSE,3A,347456,SRSE,SRSE
Colquitt,GA,94,13071,5,5,45708,SRSE,2A,343936,SRSE,SRSE
Columbia,GA,94,13073,5,4,147450,SRSE,3A,348865,SRSE,SRSE
Cook,GA,94,13075,5,5,17167,SRSE,2A,343878,SRSE,SRSE
Coweta,GA,94,13077,5,4,140526,SRSE,3A,326666,SRSE,SRSE
Crawford,GA,94,13079,5,5,12322,SRSE,3A,342918,SRSE,SRSE
Crisp,GA,94,13081,5,5,22721,SRSE,3A,351607,SRSE,SRSE
Dade,GA,94,13083,5,4,16257,SRSE,4A,347465,SRCE,SRSE
Dawson,GA,94,13085,5,4,23604,SRSE,4A,351312,SRSE,SRSE
Decatur,GA,94,13087,5,5,26822,FRCC,2A,352234,SRSE,FRCC
DeKalb,GA,94,13089,5,4,740321,SRSE,3A,1687424,SRSE,FRCC
Dodge,GA,94,13091,5,5,20563,SRSE,3A,348116,SRSE,FRCC
Dooly,GA,94,13093,5,5,13763,SRSE,3A,351608,SRSE,FRCC
Dougherty,GA,94,13095,5,5,90017,SRSE,3A,351259,SRSE,FRCC
Douglas,GA,94,13097,5,4,142224,SRSE,3A,1686467,SRSE,FRCC
Early,GA,94,13099,5,5,10339,SRSE,3A,345041,SRSE,FRCC
Echols,GA,94,13101,5,5,3962,FRCC,2A,348092,SRSE,SRSE
Effingham,GA,94,13103,5,5,58712,SRSE,2A,350219,SRSE,SRSE
Elbert,GA,94,13105,5,4,19143,SRSE,3A,347828,SRSE,SRSE
Emanuel,GA,94,13107,5,5,22635,SRSE,3A,347508,SRSE,SRSE
Evans,GA,94,13109,5,5,10670,SRSE,2A,345923,SRSE,SRSE
Fannin,GA,94,13111,5,4,24900,SRSE,4A,351094,SRSE,SRSE
Fayette,GA,94,13113,5,4,111627,SRSE,3A,1687740,SRSE,SRSE
Floyd,GA,94,13115,5,4,96560,SRSE,4A,353665,SRSE,SRSE
Forsyth,GA,94,13117,5,4,221009,SRSE,3A,1673358,SRSE,SRSE
Franklin,GA,94,13119,5,4,22320,SRSE,4A,349324,SRSE,SRSE
Fulton,GA,94,13121,5,4,1023336,SRSE,3A,1694833,SRSE,SRSE
Gilmer,GA,94,13123,5,4,29733,SRSE,4A,351260,SRSE,SRSE
Glascock,GA,94,13125,5,4,3006,SRSE,3A,345642,SRSE,SRSE
Glynn,GA,94,13127,5,5,84502,SRSE,2A,1671513,SRSE,SRSE
Gordon,GA,94,13129,5,4,56904,SRSE,4A,356672,SRSE,SRSE
Grady,GA,94,13131,5,5,24808,FRCC,2A,351261,SRSE,SRSE
Greene,GA,94,13133,5,4,17003,SRSE,3A,348672,SRSE,SRSE
Gwinnett,GA,94,13135,5,4,907135,SRSE,3A,1688166,SRSE,SRSE
Habersham,GA,94,13137,5,4,44246,SRSE,4A,351383,SRSE,SRSE
Hall,GA,94,13139,5,4,196637,SRSE,4A,1686953,SRSE,SRSE
Hancock,GA,94,13141,5,4,8640,SRSE,3A,348209,SRSE,SRSE
Haralson,GA,94,13143,5,4,29042,SRSE,3A,350637,SRSE,SRSE
Harris,GA,94,13145,5,4,33652,SRSE,3A,326700,SRSE,SRSE
Hart,GA,94,13147,5,4,25553,SRSE,3A,1687995,SRSE,SRSE
Heard,GA,94,13149,5,4,11487,SRSE,3A,347067,SRSE,SRSE
Henry,GA,94,13151,5,4,221768,SRSE,3A,1671894,SRSE,SRSE
Houston,GA,94,13153,5,5,152122,SRSE,3A,1671693,SRSE,SRSE
Irwin,GA,94,13155,5,5,9422,SRSE,3A,352302,SRSE,SRSE
Jackson,GA,94,13157,5,4,64615,SRSE,3A,349570,SRSE,SRSE
Jasper,GA,94,13159,5,5,13654,SRSE,3A,346144,SRSE,SRSE
Jeff Davis,GA,94,13161,5,5,14877,SRSE,2A,1687999,SRSE,SRSE
Jefferson,GA,94,13163,5,5,15916,SRSE,3A,345714,SRSE,SRSE
Jenkins,GA,94,13165,5,5,8849,SRSE,3A,342985,SRSE,SRSE
Johnson,GA,94,13167,5,4,9505,SRSE,3A,346664,SRSE,SRSE
Jones,GA,94,13169,5,4,28623,SRSE,3A,345367,SRSE,SRSE
Lamar,GA,94,13171,5,4,18469,SRSE,3A,326713,SRSE,SRSE
Lanier,GA,94,13173,5,5,10399,SRSE,2A,348102,SRSE,SRSE
Laurens,GA,94,13175,5,5,47516,SRSE,3A,346568,SRSE,SRSE
Lee,GA,94,13177,5,5,29337,SRSE,3A,343390,SRSE,SRSE
Liberty,GA,94,13179,5,5,62570,SRSE,2A,357095,SRSE,SRSE
Lincoln,GA,94,13181,5,4,7828,SRSE,3A,1688000,SRSE,SRSE
Long,GA,94,13183,5,5,18437,SRSE,2A,326719,SRSE,SRSE
Lowndes,GA,94,13185,5,5,114628,FRCC,2A,326720,SRSE,SRSE
Lumpkin,GA,94,13187,5,4,31445,SRSE,4A,357196,SRSE,SRSE
McDuffie,GA,94,13189,5,4,21490,SRSE,3A,348794,SRSE,SRSE
McIntosh,GA,94,13191,5,5,13927,SRSE,2A,356886,SRSE,SRSE
Macon,GA,94,13193,5,5,13450,SRSE,3A,346957,SRSE,SRSE
Madison,GA,94,13195,5,4,28824,SRSE,3A,1688004,SRSE,SRSE
Marion,GA,94,13197,5,4,8524,SRSE,3A,344107,SRSE,SRSE
Meriwether,GA,94,13199,5,4,21074,SRSE,3A,346892,SRSE,SRSE
Miller,GA,94,13201,5,5,5926,SRSE,2A,344088,SRSE,SRSE
Mitchell,GA,94,13205,5,5,22459,SRSE,2A,343645,SRSE,SRSE
Monroe,GA,94,13207,5,4,27306,SRSE,3A,343073,SRSE,SRSE
Montgomery,GA,94,13209,5,5,9060,SRSE,3A,352276,SRSE,SRSE
Morgan,GA,94,13211,5,4,18170,SRSE,3A,346008,SRSE,SRSE
Murray,GA,94,13213,5,4,39315,SRSE,4A,1688005,SRSE,SRSE
Muscogee,GA,94,13215,5,5,197485,SRSE,3A,357428,SRSE,SRSE
Newton,GA,94,13217,5,4,106999,SRSE,3A,1673547,SRSE,SRSE
Oconee,GA,94,13219,5,4,36838,SRSE,3A,356774,SRSE,SRSE
Oglethorpe,GA,94,13221,5,4,14921,SRSE,3A,351262,SRSE,SRSE
Paulding,GA,94,13223,5,4,155825,SRSE,3A,349912,SRSE,SRSE
Peach,GA,94,13225,5,5,26655,SRSE,3A,343153,SRSE,SRSE
Pickens,GA,94,13227,5,4,30832,SRSE,4A,1673011,SRSE,SRSE
Pierce,GA,94,13229,5,5,19171,SRSE,2A,349086,SRSE,SRSE
Pike,GA,94,13231,5,4,17941,SRSE,3A,346482,SRSE,SRSE
Polk,GA,94,13233,5,4,41776,SRSE,3A,343585,SRSE,SRSE
Pulaski,GA,94,13235,5,5,11251,SRSE,3A,347593,SRSE,SRSE
Putnam,GA,94,13237,5,5,21477,SRSE,3A,347246,SRSE,SRSE
Quitman,GA,94,13239,5,5,2335,SRSE,3A,350547,SRSE,SRSE
Rabun,GA,94,13241,5,4,16559,SRSE,4A,351489,SRSE,SRSE
Randolph,GA,94,13243,5,5,7177,SRSE,3A,352242,SRSE,SRSE
Richmond,GA,94,13245,5,4,201647,SRSE,3A,358024,SRSE,SRSE
Rockdale,GA,94,13247,5,4,89355,SRSE,3A,357592,SRSE,SRSE
Schley,GA,94,13249,5,4,5098,SRSE,3A,344129,SRSE,SRSE
Screven,GA,94,13251,5,5,14044,SRSE,3A,350204,SRSE,SRSE
Seminole,GA,94,13253,5,5,8468,FRCC,2A,351263,SRSE,SRSE
Spalding,GA,94,13255,5,4,64806,SRSE,3A,353055,SRSE,SRSE
Stephens,GA,94,13257,5,4,25751,SRSE,4A,350028,SRSE,SRSE
Stewart,GA,94,13259,5,5,5705,SRSE,3A,347360,SRSE,SRSE
Sumter,GA,94,13261,5,4,30389,SRSE,3A,343504,SRSE,SRSE
Talbot,GA,94,13263,5,4,6171,SRSE,3A,326757,SRSE,SRSE
Taliaferro,GA,94,13265,5,4,1593,SRSE,3A,347654,SRSE,SRSE
Tattnall,GA,94,13267,5,5,25092,SRSE,2A,347445,SRSE,SRSE
Taylor,GA,94,13269,5,5,8232,SRSE,3A,344156,SRSE,SRSE
Telfair,GA,94,13271,5,5,15965,SRSE,3A,356958,SRSE,SRSE
Terrell,GA,94,13273,5,5,8967,SRSE,3A,352238,SRSE,SRSE
Thomas,GA,94,13275,5,5,45248,FRCC,2A,343835,SRSE,SRSE
Tift,GA,94,13277,5,5,40828,SRSE,3A,344090,SRSE,SRSE
Toombs,GA,94,13279,5,5,27196,SRSE,2A,345220,SRSE,SRSE
Towns,GA,94,13281,5,4,11391,SRSE,4A,351252,SRCE,SRSE
Treutlen,GA,94,13283,5,5,6637,SRSE,3A,347505,SRSE,SRSE
Troup,GA,94,13285,5,4,70005,SRSE,3A,1673298,SRSE,SRSE
Turner,GA,94,13287,5,5,8030,SRSE,3A,343238,SRSE,SRSE
Twiggs,GA,94,13289,5,5,8171,SRSE,3A,345456,SRSE,SRSE
Union,GA,94,13291,5,4,22928,SRSE,4A,353193,SRCE,SRSE
Upson,GA,94,13293,5,5,26335,SRSE,3A,346759,SRSE,SRSE
Walker,GA,94,13295,5,4,67896,SRSE,4A,354216,SRSE,SRSE
Walton,GA,94,13297,5,4,90184,SRSE,3A,351264,SRSE,SRSE
Ware,GA,94,13299,5,5,35738,SRSE,2A,357722,SRSE,SRSE
Warren,GA,94,13301,5,4,5442,SRSE,3A,347777,SRSE,SRSE
Washington,GA,94,13303,5,4,20457,SRSE,3A,348428,SRSE,SRSE
Wayne,GA,94,13305,5,5,30104,SRSE,2A,350608,SRSE,SRSE
Webster,GA,94,13307,5,5,2599,SRSE,3A,352287,SRSE,SRSE
Wheeler,GA,94,13309,5,5,7978,SRSE,3A,351278,SRSE,SRSE
White,GA,94,13311,5,4,28884,SRSE,4A,326781,SRSE,SRSE
Whitfield,GA,94,13313,5,4,104589,SRSE,4A,353513,SRSE,SRSE
Wilcox,GA,94,13315,5,5,8761,SRSE,3A,345499,SRSE,SRSE
Wilkes,GA,94,13317,5,4,9805,SRSE,3A,351265,SRSE,SRSE
Wilkinson,GA,94,13319,5,5,9104,SRSE,3A,346824,SRSE,SRSE
Worth,GA,94,13321,5,5,20748,SRSE,3A,343365,SRSE,SRSE
Ada,ID,15,16001,8,2,444028,NWPP,5B,395066,BASN,SRSE
Adams,ID,15,16003,8,1,3900,NWPP,6B,395067,BASN,SRSE
Bannock,ID,16,16005,8,1,84377,NWPP,6B,395091,BASN,SRSE
Bear Lake,ID,16,16007,8,1,5945,NWPP,6B,395090,BASN,SRSE
Benewah,ID,14,16009,8,2,9092,NWPP,5B,395190,NWPP,SRSE
Bingham,ID,16,16011,8,1,45201,NWPP,6B,400593,BASN,SRSE
Blaine,ID,15,16013,8,1,21791,NWPP,6B,395696,BASN,SRSE
Boise,ID,15,16015,8,1,7124,NWPP,6B,395157,BASN,SRSE
Bonner,ID,14,16017,8,1,42536,NWPP,6B,395158,NWPP,SRSE
Bonneville,ID,16,16019,8,1,112232,NWPP,6B,395407,BASN,SRSE
Boundary,ID,14,16021,8,1,11681,NWPP,6B,395159,NWPP,SRSE
Butte,ID,15,16023,8,1,2501,NWPP,6B,401703,BASN,SRSE
Camas,ID,15,16025,8,1,1072,NWPP,6B,399408,BASN,SRSE
Canyon,ID,15,16027,8,2,211698,NWPP,5B,399406,BASN,SRSE
Caribou,ID,16,16029,8,1,6887,NWPP,6B,395406,BASN,SRSE
Cassia,ID,16,16031,8,2,23504,NWPP,5B,395698,BASN,SRSE
Clark,ID,16,16033,8,1,860,NWPP,6B,399755,BASN,SRSE
Clearwater,ID,15,16035,8,2,8497,NWPP,5B,395697,NWPP,SRSE
Custer,ID,15,16037,8,1,4096,NWPP,6B,399758,BASN,SRSE
Elmore,ID,15,16039,8,2,26018,NWPP,5B,400252,BASN,SRSE
Franklin,ID,16,16041,8,1,13406,NWPP,6B,395585,BASN,SRSE
Fremont,ID,16,16043,8,1,12943,NWPP,6B,395408,BASN,SRSE
Gem,ID,15,16045,8,2,17184,NWPP,5B,395442,BASN,SRSE
Gooding,ID,15,16047,8,2,15185,NWPP,5B,395441,BASN,SRSE
Idaho,ID,15,16049,8,1,16156,NWPP,5B,395699,BASN,SRSE
Jefferson,ID,16,16051,8,1,27839,NWPP,6B,399751,BASN,SRSE
Jerome,ID,15,16053,8,2,22994,NWPP,5B,395662,BASN,SRSE
Kootenai,ID,14,16055,8,2,154311,NWPP,5B,395661,NWPP,SRSE
Latah,ID,14,16057,8,2,39196,NWPP,5B,395613,NWPP,SRSE
Lemhi,ID,15,16059,8,1,7723,NWPP,6B,399754,BASN,SRSE
Lewis,ID,14,16061,8,1,3853,NWPP,5B,395622,NWPP,SRSE
Lincoln,ID,15,16063,8,1,5271,NWPP,5B,395624,BASN,SRSE
Madison,ID,16,16065,8,1,39048,NWPP,6B,394803,BASN,SRSE
Minidoka,ID,15,16067,8,1,20616,NWPP,5B,394807,BASN,SRSE
Nez Perce,ID,14,16069,8,2,40369,NWPP,5B,399394,NWPP,SRSE
Oneida,ID,16,16071,8,1,4343,NWPP,6B,399759,BASN,SRSE
Owyhee,ID,15,16073,8,2,11389,NWPP,5B,399760,BASN,SRSE
Payette,ID,15,16075,8,2,23026,NWPP,5B,394896,BASN,SRSE
Power,ID,16,16077,8,1,7654,NWPP,5B,394951,BASN,SRSE
Shoshone,ID,15,16079,8,2,12452,NWPP,5B,1702379,NWPP,SRSE
Teton,ID,16,16081,8,1,10960,NWPP,6B,399297,BASN,SRSE
Twin Falls,ID,16,16083,8,2,83514,NWPP,5B,399334,BASN,SRSE
Valley,ID,15,16085,8,1,10496,NWPP,6B,399756,BASN,SRSE
Washington,ID,15,16087,8,2,10172,NWPP,5B,399757,BASN,SRSE
Adams,IL,81,17001,3,2,66578,SRGW,5A,424202,MISC,SRSE
Alexander,IL,81,17003,3,3,6478,SRGW,4A,424203,MISC,SRSE
Bond,IL,81,17005,3,3,16824,SRGW,4A,424204,MISC,SRSE
Boone,IL,80,17007,3,2,53503,RFCW,5A,424205,PJMC,SRSE
Brown,IL,81,17009,3,2,6762,SRGW,5A,424206,MISC,SRSE
Bureau,IL,81,17011,3,2,33359,SRGW,5A,424207,MISC,
Calhoun,IL,81,17013,3,3,4894,SRGW,5A,424208,MISC,
Carroll,IL,80,17015,3,2,14539,MROW,5A,424209,PJMC,
Cass,IL,81,17017,3,2,12676,SRGW,5A,424210,MISC,
Champaign,IL,83,17019,3,2,208419,SRGW,5A,424211,MISC,
Christian,IL,83,17021,3,3,33309,SRGW,4A,424212,MISC,BASN
Clark,IL,83,17023,3,2,15938,SRGW,5A,424213,MISC,BASN
Clay,IL,83,17025,3,3,13300,SRGW,4A,424214,MISC,BASN
Clinton,IL,81,17027,3,3,37729,SRGW,4A,424215,MISC,BASN
Coles,IL,83,17029,3,2,52343,SRGW,5A,424216,MISC,BASN
Cook,IL,80,17031,3,2,5203499,RFCW,5A,1784766,PJMC,BASN
Crawford,IL,83,17033,3,3,19308,SRGW,4A,424218,MISC,BASN
Cumberland,IL,83,17035,3,2,10858,SRGW,5A,424219,MISC,BASN
DeKalb,IL,80,17037,3,2,104528,RFCW,5A,422190,PJMC,BASN
De Witt,IL,83,17039,3,2,16226,SRGW,5A,426598,MISC,BASN
Douglas,IL,83,17041,3,2,19630,SRGW,5A,424222,MISC,BASN
DuPage,IL,80,17043,3,2,929368,RFCW,5A,422191,PJMC,BASN
Edgar,IL,83,17045,3,2,17566,SRGW,5A,424224,MISC,BASN
Edwards,IL,83,17047,3,3,6523,SRGW,4A,424225,MISC,BASN
Effingham,IL,83,17049,3,3,34386,SRGW,4A,424226,MISC,BASN
Fayette,IL,81,17051,3,3,21789,SRGW,4A,424227,MISC,BASN
Ford,IL,83,17053,3,2,13575,SRGW,5A,424228,MISC,BASN
Franklin,IL,81,17055,3,3,39156,SRGW,4A,424229,MISC,BASN
Fulton,IL,81,17057,3,2,35536,SRGW,5A,424230,MISC,BASN
Gallatin,IL,81,17059,3,3,5212,SRGW,4A,424231,MISC,BASN
Greene,IL,81,17061,3,3,13093,SRGW,5A,424232,MISC,BASN
Grundy,IL,80,17063,3,2,50437,RFCW,5A,424233,MISC,BASN
Hamilton,IL,81,17065,3,3,8061,SRGW,4A,424234,MISC,BASN
Hancock,IL,81,17067,3,2,18508,MROW,5A,424235,MISC,BASN
Hardin,IL,81,17069,3,3,4024,SRGW,4A,424236,MISC,BASN
Henderson,IL,81,17071,3,2,6869,MROW,5A,424237,MISC,BASN
Henry,IL,81,17073,3,2,49280,MROW,5A,424238,MISC,BASN
Iroquois,IL,83,17075,3,2,28334,SRGW,5A,424239,MISC,BASN
Jackson,IL,81,17077,3,3,58870,SRGW,4A,424240,MISC,BASN
Jasper,IL,83,17079,3,3,9536,SRGW,4A,424241,MISC,BASN
Jefferson,IL,81,17081,3,3,38460,SRGW,4A,424242,MISC,BASN
Jersey,IL,81,17083,3,3,22025,SRGW,5A,424243,MISC,BASN
Jo Daviess,IL,80,17085,3,2,21770,RFCW,5A,424244,MISW,BASN
Johnson,IL,81,17087,3,3,12902,SRGW,4A,424245,MISC,BASN
Kane,IL,80,17089,3,2,531715,RFCW,5A,424246,PJMC,BASN
Kankakee,IL,80,17091,3,2,110008,RFCW,5A,424247,MISC,BASN
Kendall,IL,80,17093,3,2,124695,RFCW,5A,424248,MISC,BASN
Knox,IL,81,17095,3,2,50938,MROW,5A,424249,MISC,NWPP
Lake,IL,80,17097,3,2,703047,RFCW,5A,1784796,PJMC,NWPP
LaSalle,IL,80,17099,3,2,110642,SRGW,5A,422247,MISC,NWPP
Lawrence,IL,83,17101,3,3,16377,SRGW,4A,424252,MISC,NWPP
Lee,IL,80,17103,3,2,34251,RFCW,5A,424253,PJMC,NWPP
Livingston,IL,80,17105,3,2,36526,RFCW,5A,424254,MISC,NWPP
Logan,IL,82,17107,3,2,29527,SRGW,5A,424255,MISC,NWPP
McDonough,IL,81,17109,3,2,30996,SRGW,5A,1784729,MISC,MISC
McHenry,IL,80,17111,3,2,307004,RFCW,5A,1784815,PJMC,MISC
McLean,IL,83,17113,3,2,172418,SRGW,5A,1784833,MISC,MISC
Macon,IL,83,17115,3,2,106550,SRGW,5A,424256,MISC,MISC
Macoupin,IL,81,17117,3,3,45908,SRGW,4A,424257,MISC,MISC
Madison,IL,81,17119,3,3,265759,SRGW,4A,424258,MISC,MISC
Marion,IL,81,17121,3,3,38140,SRGW,4A,424259,MISC,MISC
Marshall,IL,82,17123,3,2,11939,SRGW,5A,424260,MISC,MISC
Mason,IL,81,17125,3,2,13507,SRGW,5A,424261,MISC,MISC
Massac,IL,81,17127,3,3,14658,SRGW,4A,1784730,MISC,MISC
Menard,IL,81,17129,3,2,12516,SRGW,5A,424266,MISC,MISC
Mercer,IL,81,17131,3,2,15730,MROW,5A,1784750,MISC,MISC
Monroe,IL,81,17133,3,3,34068,SRGW,4A,1784865,MISC,MISC
Montgomery,IL,81,17135,3,3,28952,SRGW,4A,1784866,MISC,MISC
Morgan,IL,81,17137,3,2,34277,SRGW,5A,424270,MISC,MISC
Moultrie,IL,83,17139,3,2,14827,SRGW,5A,1784885,MISC,MISC
Ogle,IL,80,17141,3,2,51273,RFCW,5A,1784894,PJMC,MISC
Peoria,IL,82,17143,3,2,185006,SRGW,5A,1784920,MISC,MISC
Perry,IL,81,17145,3,3,21357,SRGW,4A,1784940,MISC,MISC
Piatt,IL,83,17147,3,2,16560,SRGW,5A,424275,MISC,MISC
Pike,IL,81,17149,3,2,15950,SRGW,5A,1784941,MISC,MISC
Pope,IL,81,17151,3,3,4157,SRGW,4A,424277,MISC,MISC
Pulaski,IL,81,17153,3,3,5619,SRGW,4A,1784966,MISC,MISC
Putnam,IL,81,17155,3,2,5611,SRGW,5A,424279,MISC,MISC
Randolph,IL,81,17157,3,3,32621,SRGW,4A,1784967,MISC,MISC
Richland,IL,83,17159,3,3,15930,SRGW,4A,424281,MISC,MISC
Rock Island,IL,81,17161,3,2,144784,MROW,5A,424282,MISC,MISC
St. Clair,IL,81,17163,3,3,262759,SRGW,4A,1784987,MISC,MISC
Saline,IL,81,17165,3,3,24307,SRGW,4A,424283,MISC,MISC
Sangamon,IL,82,17167,3,2,197499,SRGW,5A,1785010,MISC,MISC
Schuyler,IL,81,17169,3,2,6923,SRGW,5A,1785037,MISC,MISC
Scott,IL,81,17171,3,2,5053,SRGW,5A,424286,MISC,MISC
Shelby,IL,83,17173,3,3,21717,SRGW,4A,1785051,MISC,MISC
Stark,IL,81,17175,3,2,5776,SRGW,5A,424288,MISC,MISC
Stephenson,IL,80,17177,3,2,45624,RFCW,5A,1785076,PJMC,MISC
Tazewell,IL,82,17179,3,2,134385,SRGW,5A,1785094,MISC,MISC
Union,IL,81,17181,3,3,17212,SRGW,4A,1785113,MISC,MISC
Vermilion,IL,83,17183,3,2,78111,SRGW,5A,1785114,MISC,MISC
Wabash,IL,83,17185,3,3,11492,SRGW,4A,424293,MISC,MISC
Warren,IL,81,17187,3,2,17378,SRGW,5A,1785134,MISC,MISC
Washington,IL,81,17189,3,3,14154,SRGW,4A,1785150,MISC,MISC
Wayne,IL,81,17191,3,3,16396,SRGW,4A,424296,MISC,MISC
White,IL,81,17193,3,3,14292,SRGW,4A,424297,MISC,MISC
Whiteside,IL,80,17195,3,2,56536,MROW,5A,1785167,PJMC,MISC
Will,IL,80,17197,3,2,689529,RFCW,5A,1785190,PJMC,MISC
Williamson,IL,81,17199,3,3,67560,SRGW,4A,1785215,MISC,MISC
Winnebago,IL,80,17201,3,2,285873,RFCW,5A,1785216,PJMC,MISC
Woodford,IL,82,17203,3,2,39140,SRGW,5A,1785231,MISC,MISC
Adams,IN,105,18001,3,2,35232,RFCW,5A,450401,PJMW,MISC
Allen,IN,105,18003,3,2,370404,RFCW,5A,450402,PJMW,MISC
Bartholomew,IN,107,18005,3,3,81402,RFCW,5A,451683,MISC,MISC
Benton,IN,105,18007,3,2,8650,RFCW,5A,450403,MISC,MISC
Blackford,IN,105,18009,3,2,12149,RFCW,5A,450404,PJMW,PJMC
Boone,IN,105,18011,3,2,64653,RFCW,5A,450405,MISC,PJMC
Brown,IN,107,18013,3,3,14912,RFCW,4A,451684,MISC,PJMC
Carroll,IN,105,18015,3,2,19970,RFCW,5A,450406,PJMW,PJMC
Cass,IN,105,18017,3,2,37946,RFCW,5A,450339,MISC,PJMC
Clark,IN,107,18019,3,3,116031,RFCW,4A,450340,MISC,PJMC
Clay,IN,107,18021,3,2,26309,RFCW,5A,450341,MISC,PJMC
Clinton,IN,105,18023,3,2,32457,RFCW,5A,450342,MISC,PJMC
Crawford,IN,107,18025,3,3,10539,RFCW,4A,451674,MISC,PJMC
Daviess,IN,107,18027,3,3,32969,RFCW,4A,450343,MISC,PJMC
Dearborn,IN,107,18029,3,3,49331,RFCW,4A,450344,MISC,PJMC
Decatur,IN,107,18031,3,2,26598,RFCW,5A,450345,MISC,PJMC
DeKalb,IN,105,18033,3,2,42746,RFCW,5A,450346,PJMW,PJMC
Delaware,IN,105,18035,3,2,115603,RFCW,5A,450347,PJMW,PJMC
Dubois,IN,107,18037,3,3,42552,RFCW,4A,451675,MISC,PJMC
Elkhart,IN,105,18039,3,2,203781,RFCM,5A,450348,PJMW,PJMC
Fayette,IN,107,18041,3,2,23331,RFCW,5A,450349,MISC,PJMC
Floyd,IN,107,18043,3,3,76990,RFCW,4A,450350,MISC,PJMC
Fountain,IN,105,18045,3,2,16486,RFCW,5A,450351,MISC,PJMC
Franklin,IN,107,18047,3,2,22715,RFCW,5A,450352,MISC,PJMC
Fulton,IN,105,18049,3,2,20139,RFCW,5A,450353,MISC,MISC
Gibson,IN,107,18051,3,3,33703,RFCW,4A,450354,MISC,MISC
Grant,IN,105,18053,3,2,66937,RFCW,5A,450355,PJMW,MISC
Greene,IN,107,18055,3,3,32211,RFCW,4A,451676,MISC,MISC
Hamilton,IN,106,18057,3,2,316373,RFCW,5A,450356,PJMW,MISC
Hancock,IN,105,18059,3,2,73717,RFCW,5A,450357,MISC,MISC
Harrison,IN,107,18061,3,3,39826,RFCW,4A,451677,MISC,MISC
Hendricks,IN,105,18063,3,2,160610,RFCW,5A,450358,MISC,MISC
Henry,IN,107,18065,3,2,48521,RFCW,5A,450359,PJMW,MISC
Howard,IN,105,18067,3,2,82568,RFCW,5A,450360,PJMW,MISC
Huntington,IN,105,18069,3,2,36400,RFCW,5A,450361,PJMW,MISC
Jackson,IN,107,18071,3,3,44013,RFCW,4A,451678,MISC,MISC
Jasper,IN,105,18073,3,2,33433,RFCW,5A,450494,MISC,MISC
Jay,IN,105,18075,3,2,21046,RFCW,5A,450362,PJMW,MISC
Jefferson,IN,107,18077,3,3,32418,RFCW,4A,450363,MISC,MISC
Jennings,IN,107,18079,3,3,27758,RFCW,4A,450364,MISC,MISC
Johnson,IN,107,18081,3,2,151982,RFCW,5A,450365,MISC,MISC
Knox,IN,107,18083,3,3,37744,RFCW,4A,450366,MISC,MISC
Kosciusko,IN,105,18085,3,2,79092,RFCW,5A,450367,PJMW,MISC
LaGrange,IN,105,18087,3,2,39110,RFCM,5A,450368,PJMW,MISC
Lake,IN,105,18089,3,2,485846,RFCW,5A,450495,MISC,MISC
LaPorte,IN,105,18091,3,2,110015,RFCW,5A,450507,PJMW,MISC
Lawrence,IN,107,18093,3,3,45518,RFCW,4A,451703,MISC,MISC
Madison,IN,105,18095,3,2,129296,RFCW,5A,450370,PJMW,MISC
Marion,IN,106,18097,3,2,941229,RFCW,5A,450371,MISC,MISC
Marshall,IN,105,18099,3,2,46556,RFCW,5A,450372,PJMW,MISC
Martin,IN,107,18101,3,3,10171,RFCW,4A,451679,MISC,MISC
Miami,IN,105,18103,3,2,35883,RFCW,5A,450373,PJMW,MISC
Monroe,IN,107,18105,3,3,145496,RFCW,4A,451680,MISC,MISC
Montgomery,IN,105,18107,3,2,38074,RFCW,5A,450374,PJMW,MISC
Morgan,IN,107,18109,3,2,69698,RFCW,5A,450375,MISC,PJMW
Newton,IN,105,18111,3,2,13924,RFCW,5A,450376,MISC,PJMW
Noble,IN,105,18113,3,2,47638,RFCW,5A,450377,PJMW,PJMW
Ohio,IN,107,18115,3,3,5932,RFCW,4A,450378,MISC,PJMW
Orange,IN,107,18117,3,3,19335,RFCW,4A,451681,MISC,PJMW
Owen,IN,107,18119,3,2,20840,RFCW,5A,450379,MISC,PJMW
Parke,IN,105,18121,3,2,16800,RFCW,5A,450380,MISC,PJMW
Perry,IN,107,18123,3,3,18966,RFCW,4A,451682,MISC,PJMW
Pike,IN,107,18125,3,3,12431,RFCW,4A,450381,MISC,PJMW
Porter,IN,105,18127,3,2,167791,RFCW,5A,450382,MISC,PJMW
Posey,IN,107,18129,3,3,25476,RFCW,4A,450383,MISC,PJMW
Pulaski,IN,105,18131,3,2,12660,RFCW,5A,446852,MISC,PJMW
Putnam,IN,105,18133,3,2,37436,RFCW,5A,450384,MISC,PJMW
Randolph,IN,105,18135,3,2,25082,RFCW,5A,446853,PJMW,PJMW
Ripley,IN,107,18137,3,3,28846,RFCW,4A,450385,MISC,PJMW
Rush,IN,107,18139,3,2,16649,RFCW,5A,446854,MISC,PJMW
St. Joseph,IN,105,18141,3,2,269141,RFCM,5A,452855,PJMW,PJMW
Scott,IN,107,18143,3,3,23730,RFCW,4A,450386,MISC,PJMW
Shelby,IN,107,18145,3,2,44324,RFCW,5A,450387,MISC,PJMW
Spencer,IN,107,18147,3,3,20648,RFCW,4A,450388,MISC,PJMW
Starke,IN,105,18149,3,2,23009,RFCW,5A,450389,MISC,PJMW
Steuben,IN,105,18151,3,2,34116,RFCM,5A,450390,PJMW,PJMW
Sullivan,IN,107,18153,3,3,20802,RFCW,4A,450391,MISC,PJMW
Switzerland,IN,107,18155,3,3,10527,RFCW,4A,450392,MISC,PJMW
Tippecanoe,IN,105,18157,3,2,188059,RFCW,5A,450393,MISC,PJMW
Tipton,IN,105,18159,3,2,15182,RFCW,5A,450394,PJMW,PJMW
Union,IN,107,18161,3,2,7212,RFCW,5A,450395,MISC,PJMW
Vanderburgh,IN,107,18163,3,3,181721,RFCW,4A,450396,MISC,PJMW
Vermillion,IN,105,18165,3,2,15645,RFCW,5A,450397,MISC,PJMW
Vigo,IN,105,18167,3,2,107931,RFCW,5A,450398,MISC,PJMW
Wabash,IN,105,18169,3,2,31762,RFCW,5A,450399,PJMW,PJMW
Warren,IN,105,18171,3,2,8166,RFCW,5A,450400,MISC,PJMW
Warrick,IN,107,18173,3,3,62498,RFCW,4A,450335,MISC,PJMW
Washington,IN,107,18175,3,3,27670,RFCW,4A,451665,MISC,PJMW
Wayne,IN,107,18177,3,2,66568,RFCW,5A,450336,MISC,PJMW
Wells,IN,105,18179,3,2,27949,RFCW,5A,450337,PJMW,PJMW
White,IN,105,18181,3,2,23999,RFCW,5A,450338,MISC,PJMW
Whitley,IN,105,18183,3,2,33449,RFCW,5A,450369,PJMW,PJMW
Adair,IA,70,19001,4,2,7092,MROW,5A,465190,SPPN,PJMW
Adams,IA,70,19003,4,2,3693,MROW,5A,465191,MISW,PJMW
Allamakee,IA,69,19005,4,1,13884,MROE,6A,465192,MISW,PJMW
Appanoose,IA,70,19007,4,2,12462,MROW,5A,465193,MISW,PJMW
Audubon,IA,45,19009,4,2,5678,MROW,5A,465194,SPPN,PJMW
Benton,IA,70,19011,4,2,25699,MROW,5A,465195,MISW,PJMW
Black Hawk,IA,69,19013,4,1,132904,MROW,6A,465196,MISW,PJMW
Boone,IA,70,19015,4,2,26532,MROW,5A,465197,MISW,PJMW
Bremer,IA,69,19017,4,1,24798,MROW,6A,465198,MISW,PJMW
Buchanan,IA,69,19019,4,1,20992,MROW,6A,465199,MISW,MISC
Buena Vista,IA,45,19021,4,1,20332,MROW,6A,465200,SPPN,MISC
Butler,IA,69,19023,4,1,14791,MROW,6A,465201,MISW,MISC
Calhoun,IA,45,19025,4,1,9846,MROW,6A,465202,MISW,MISC
Carroll,IA,45,19027,4,2,20437,MROW,5A,465203,SPPN,MISC
Cass,IA,70,19029,4,2,13157,MROW,5A,465204,SPPN,MISC
Cedar,IA,70,19031,4,2,18454,MROW,5A,465205,MISW,MISC
Cerro Gordo,IA,45,19033,4,1,43070,MROW,6A,465206,MISW,MISC
Cherokee,IA,45,19035,4,1,11508,MROW,6A,465207,SPPN,MISC
Chickasaw,IA,69,19037,4,1,12023,MROW,6A,465208,MISW,MISC
Clarke,IA,70,19039,4,2,9309,MROW,5A,465209,MISW,MISC
Clay,IA,45,19041,4,1,16333,MROW,6A,465625,SPPN,MISC
Clayton,IA,69,19043,4,1,17590,MROE,6A,465210,MISW,MISC
Clinton,IA,70,19045,4,2,47309,MROW,5A,465211,MISW,MISC
Crawford,IA,45,19047,4,2,16940,MROW,5A,465212,SPPN,MISC
Dallas,IA,70,19049,4,2,84516,MROW,5A,465213,MISW,MISC
Davis,IA,70,19051,4,2,8860,MROW,5A,465214,MISW,MISC
Decatur,IA,70,19053,4,2,8141,MROW,5A,465215,MISW,MISC
Delaware,IA,70,19055,4,1,17327,MROW,6A,465216,MISW,MISC
Des Moines,IA,70,19057,4,2,39739,MROW,5A,465217,MISW,MISC
Dickinson,IA,45,19059,4,1,17243,MROW,6A,465218,SPPN,MISC
Dubuque,IA,70,19061,4,2,97003,MROE,5A,465219,MISW,MISC
Emmet,IA,45,19063,4,1,9658,MROW,6A,465220,SPPN,MISC
Fayette,IA,69,19065,4,1,20054,MROW,6A,465221,MISW,MISC
Floyd,IA,69,19067,4,1,15873,MROW,6A,465222,MISW,MISC
Franklin,IA,45,19069,4,1,10170,MROW,6A,465223,MISW,MISC
Fremont,IA,45,19071,4,2,6950,MROW,5A,465224,MISW,MISC
Greene,IA,70,19073,4,2,9011,MROW,5A,465225,MISW,MISC
Grundy,IA,69,19075,4,1,12313,MROW,6A,465226,MISW,MISC
Guthrie,IA,70,19077,4,2,10625,MROW,5A,465227,SPPN,MISC
Hamilton,IA,70,19079,4,1,15076,MROW,6A,465228,MISW,MISC
Hancock,IA,45,19081,4,1,10835,MROW,6A,465229,MISW,MISC
Hardin,IA,70,19083,4,1,17226,MROW,6A,465230,MISW,MISC
Harrison,IA,45,19085,4,2,14149,MROW,5A,465231,SPPN,MISC
Henry,IA,70,19087,4,2,19773,MROW,5A,465232,MISW,MISC
Howard,IA,69,19089,4,1,9332,MROW,6A,465233,MISW,MISC
Humboldt,IA,45,19091,4,1,9487,MROW,6A,465234,MISW,MISC
Ida,IA,45,19093,4,1,6985,MROW,6A,465235,SPPN,MISC
Iowa,IA,70,19095,4,2,16311,MROW,5A,465236,MISW,MISC
Jackson,IA,70,19097,4,2,19472,MROW,5A,465237,MISW,MISC
Jasper,IA,70,19099,4,2,36708,MROW,5A,465238,MISW,MISC
Jefferson,IA,70,19101,4,2,18090,MROW,5A,465239,MISW,MISC
Johnson,IA,70,19103,4,2,146547,MROW,5A,465240,MISW,MISC
Jones,IA,70,19105,4,2,20439,MROW,5A,465241,MISW,PJMW
Keokuk,IA,70,19107,4,2,10119,MROW,5A,465242,MISW,PJMW
Kossuth,IA,45,19109,4,1,15114,MROW,6A,465243,SPPN,MISW
Lee,IA,70,19111,4,2,34615,MROW,5A,465244,MISW,MISW
Linn,IA,70,19113,4,2,221661,MROW,5A,465245,MISW,MISW
Louisa,IA,70,19115,4,2,11142,MROW,5A,465246,MISW,MISW
Lucas,IA,70,19117,4,2,8647,MROW,5A,465247,MISW,MISW
Lyon,IA,45,19119,4,1,11754,MROW,6A,465248,SPPN,MISW
Madison,IA,70,19121,4,2,15848,MROW,5A,465249,MISW,MISW
Mahaska,IA,70,19123,4,2,22181,MROW,5A,465250,MISW,MISW
Marion,IA,70,19125,4,2,33189,MROW,5A,465251,MISW,MISW
Marshall,IA,70,19127,4,2,40312,MROW,5A,465252,MISW,MISW
Mills,IA,45,19129,4,2,14972,MROW,5A,465253,MISW,MISW
Mitchell,IA,69,19131,4,1,10763,MROW,6A,465254,MISW,MISW
Monona,IA,45,19133,4,2,8898,MROW,5A,465255,SPPN,MISW
Monroe,IA,70,19135,4,2,7870,MROW,5A,465256,MISW,MISW
Montgomery,IA,45,19137,4,2,10225,MROW,5A,465257,MISW,MISW
Muscatine,IA,70,19139,4,2,42940,MROW,5A,465258,MISW,MISW
O'Brien,IA,45,19141,4,1,14020,MROW,6A,465259,SPPN,MISW
Osceola,IA,45,19143,4,1,6064,MROW,6A,465260,SPPN,MISW
Page,IA,45,19145,4,2,15391,MROW,5A,465261,MISW,MISW
Palo Alto,IA,45,19147,4,1,9047,MROW,6A,465262,SPPN,MISW
Plymouth,IA,45,19149,4,1,25200,MROW,6A,465263,SPPN,MISW
Pocahontas,IA,45,19151,4,1,6886,MROW,6A,465264,SPPN,MISW
Polk,IA,70,19153,4,2,474045,MROW,5A,465265,MISW,MISW
Pottawattamie,IA,45,19155,4,2,93582,MROW,5A,465266,SPPN,MISW
Poweshiek,IA,70,19157,4,2,18533,MROW,5A,465267,MISW,MISW
Ringgold,IA,70,19159,4,2,5068,MROW,5A,465268,SPPN,MISW
Sac,IA,45,19161,4,1,9876,MROW,6A,465269,SPPN,MISW
Scott,IA,70,19163,4,2,172474,MROW,5A,465270,MISW,MISW
Shelby,IA,45,19165,4,2,11800,MROW,5A,465271,SPPN,MISW
Sioux,IA,45,19167,4,1,34898,MROW,6A,465272,SPPN,MISW
Story,IA,70,19169,4,2,97090,MROW,5A,465273,MISW,MISW
Tama,IA,70,19171,4,2,17319,MROW,5A,465274,MISW,MISW
Taylor,IA,45,19173,4,2,6216,MROW,5A,465275,SPPN,MISW
Union,IA,70,19175,4,2,12420,MROW,5A,465276,SPPN,MISW
Van Buren,IA,70,19177,4,2,7271,MROW,5A,465277,MISW,MISW
Wapello,IA,70,19179,4,2,34982,MROW,5A,465278,MISW,MISW
Warren,IA,70,19181,4,2,49691,MROW,5A,465279,MISW,MISW
Washington,IA,70,19183,4,2,22281,MROW,5A,465280,MISW,MISW
Wayne,IA,70,19185,4,2,6452,MROW,5A,465281,MISW,MISW
Webster,IA,45,19187,4,1,36769,MROW,6A,465282,MISW,MISW
Winnebago,IA,45,19189,4,1,10631,MROW,6A,465283,MISW,MISW
Winneshiek,IA,69,19191,4,1,20561,MROW,6A,465284,MISW,MISW
Woodbury,IA,45,19193,4,1,102779,MROW,5A,465285,SPPN,MISW
Worth,IA,45,19195,4,1,7572,MROW,6A,465286,MISW,MISW
Wright,IA,45,19197,4,1,12779,MROW,6A,465287,MISW,MISW
Allen,KS,53,20001,4,3,12714,SPNO,4A,484970,SPPC,MISW
Anderson,KS,53,20003,4,3,7827,SPNO,4A,484971,SPPC,MISW
Atchison,KS,53,20005,4,3,16380,SPNO,4A,484972,SPPC,MISW
Barber,KS,53,20007,4,3,4688,SPNO,4A,484973,SPPC,MISW
Barton,KS,53,20009,4,3,26775,SPNO,4A,484974,SPPC,MISW
Bourbon,KS,53,20011,4,3,14617,SPNO,4A,484975,SPPC,MISW
Brown,KS,53,20013,4,3,9684,SPNO,4A,484976,SPPC,MISW
Butler,KS,53,20015,4,3,67025,SPNO,4A,484977,SPPC,MISW
Chase,KS,53,20017,4,3,2669,SPNO,4A,484978,SPPC,MISW
Chautauqua,KS,53,20019,4,3,3374,SPNO,4A,484979,SPPC,MISW
Cherokee,KS,53,20021,4,3,20246,SPNO,4A,484980,SPPC,MISW
Cheyenne,KS,52,20023,4,2,2661,SPNO,5A,484981,SPPC,MISW
Clark,KS,53,20025,4,3,2072,SPNO,4A,484982,SPPC,MISW
Clay,KS,53,20027,4,3,8143,SPNO,4A,484983,SPPC,MISW
Cloud,KS,53,20029,4,2,9150,SPNO,5A,484984,SPPC,MISW
Coffey,KS,53,20031,4,3,8433,SPNO,4A,484985,SPPC,MISW
Comanche,KS,53,20033,4,3,1862,SPNO,4A,484986,SPPC,MISW
Cowley,KS,53,20035,4,3,35753,SPNO,4A,484987,SPPC,SPPN
Crawford,KS,53,20037,4,3,39164,SPNO,4A,484988,SPPC,SPPN
Decatur,KS,52,20039,4,2,2832,SPNO,5A,484989,SPPC,SPPN
Dickinson,KS,53,20041,4,3,19064,SPNO,4A,484990,SPPC,SPPN
Doniphan,KS,53,20043,4,3,7664,SPNO,4A,484991,SPPC,SPPN
Douglas,KS,53,20045,4,3,119440,SPNO,4A,484992,SPPC,SPPN
Edwards,KS,53,20047,4,3,2938,SPNO,4A,484993,SPPC,SPPN
Elk,KS,53,20049,4,3,2547,SPNO,4A,484994,SPPC,SPPN
Ellis,KS,53,20051,4,2,28893,SPNO,5A,484995,SPPC,SPPN
Ellsworth,KS,53,20053,4,3,6328,SPNO,4A,484996,SPPC,SPPN
Finney,KS,52,20055,4,3,36722,SPNO,4A,485326,SPPC,SPPN
Ford,KS,53,20057,4,3,33971,SPNO,4A,484997,SPPC,SPPN
Franklin,KS,53,20059,4,3,25560,SPNO,4A,484998,SPPC,SPPN
Geary,KS,53,20061,4,3,35586,SPNO,4A,484999,SPPC,SPPN
Gove,KS,52,20063,4,2,2589,SPNO,5A,485000,SPPC,SPPN
Graham,KS,52,20065,4,2,2564,SPNO,5A,481811,SPPC,SPPN
Grant,KS,52,20067,4,3,7646,SPNO,4A,485099,SPPC,SPPN
Gray,KS,53,20069,4,3,6034,SPNO,4A,485001,SPPC,SPPN
Greeley,KS,52,20071,4,2,1296,SPNO,5A,485002,SPPC,SPPN
Greenwood,KS,53,20073,4,3,6151,SPNO,4A,485003,SPPC,SPPN
Hamilton,KS,52,20075,4,3,2536,SPNO,5A,485327,SPPC,SPPN
Harper,KS,53,20077,4,3,5685,SPNO,4A,485004,SPPC,SPPN
Harvey,KS,53,20079,4,3,34913,SPNO,4A,485005,SPPC,SPPN
Haskell,KS,53,20081,4,3,4006,SPNO,4A,485328,SPPC,SPPN
Hodgeman,KS,53,20083,4,3,1870,SPNO,4A,485006,SPPC,SPPN
Jackson,KS,53,20085,4,3,13291,SPNO,4A,485007,SPPC,SPPN
Jefferson,KS,53,20087,4,3,18897,SPNO,4A,485008,SPPC,SPPN
Jewell,KS,53,20089,4,2,2901,SPNO,5A,485009,SPPC,SPPN
Johnson,KS,53,20091,4,3,584451,SPNO,4A,485010,SPPC,SPPN
Kearny,KS,52,20093,4,3,3917,SPNO,4A,485011,SPPC,SPPN
Kingman,KS,53,20095,4,3,7467,SPNO,4A,485012,SPPC,SPPN
Kiowa,KS,53,20097,4,3,2483,SPNO,4A,485013,SPPC,SPPN
Labette,KS,53,20099,4,3,20444,SPNO,4A,485014,SPPC,SPPN
Lane,KS,52,20101,4,2,1636,SPNO,5A,485015,SPPC,SPPN
Leavenworth,KS,53,20103,4,3,80204,SPNO,4A,485016,SPPC,SPPN
Lincoln,KS,53,20105,4,3,3073,SPNO,4A,485017,SPPC,SPPN
Linn,KS,53,20107,4,3,9558,SPNO,4A,485018,SPPC,SPPN
Logan,KS,52,20109,4,2,2831,SPNO,5A,485019,SPPC,SPPC
Lyon,KS,53,20111,4,3,33510,SPNO,4A,485020,SPPC,SPPC
McPherson,KS,53,20113,4,3,28804,SPNO,4A,485021,SPPC,SPPC
Marion,KS,53,20115,4,3,12112,SPNO,4A,485022,SPPC,SPPC
Marshall,KS,53,20117,4,2,9836,SPNO,4A,485023,SPPC,SPPC
Meade,KS,53,20119,4,3,4216,SPNO,4A,485024,SPPC,SPPC
Miami,KS,53,20121,4,3,32964,SPNO,4A,485025,SPPC,SPPC
Mitchell,KS,53,20123,4,2,6243,SPNO,5A,485026,SPPC,SPPC
Montgomery,KS,53,20125,4,3,32746,SPNO,4A,485027,SPPC,SPPC
Morris,KS,53,20127,4,3,5573,SPNO,4A,485028,SPPC,SPPC
Morton,KS,52,20129,4,3,2848,SPNO,4A,485135,SPPC,SPPC
Nemaha,KS,53,20131,4,3,10241,SPNO,4A,485029,SPPC,SPPC
Neosho,KS,53,20133,4,3,16146,SPNO,4A,485030,SPPC,SPPC
Ness,KS,53,20135,4,2,2962,SPNO,5A,485031,SPPC,SPPC
Norton,KS,52,20137,4,2,5493,SPNO,5A,485032,SPPC,SPPC
Osage,KS,53,20139,4,3,15843,SPNO,4A,485033,SPPC,SPPC
Osborne,KS,53,20141,4,2,3642,SPNO,5A,485034,SPPC,SPPC
Ottawa,KS,53,20143,4,3,5920,SPNO,4A,485035,SPPC,SPPC
Pawnee,KS,53,20145,4,3,6743,SPNO,4A,485036,SPPC,SPPC
Phillips,KS,53,20147,4,2,5428,SPNO,5A,485037,SPPC,SPPC
Pottawatomie,KS,53,20149,4,3,23661,SPNO,4A,485038,SPPC,SPPC
Pratt,KS,53,20151,4,3,9584,SPNO,4A,485039,SPPC,SPPC
Rawlins,KS,52,20153,4,2,2549,SPNO,5A,485040,SPPC,SPPC
Reno,KS,53,20155,4,3,63220,SPNO,4A,485041,SPPC,SPPC
Republic,KS,53,20157,4,2,4699,SPNO,5A,485042,SPPC,SPPC
Rice,KS,53,20159,4,3,9831,SPNO,4A,485043,SPPC,SPPC
Riley,KS,53,20161,4,3,73343,SPNO,4A,485044,SPPC,SPPC
Rooks,KS,53,20163,4,2,5076,SPNO,5A,485045,SPPC,SPPC
Rush,KS,53,20165,4,3,3058,SPNO,4A,485358,SPPC,SPPC
Russell,KS,53,20167,4,3,6988,SPNO,4A,485046,SPPC,SPPC
Saline,KS,53,20169,4,3,55142,SPNO,4A,485047,SPPC,SPPC
Scott,KS,52,20171,4,2,5032,SPNO,5A,485048,SPPC,SPPC
Sedgwick,KS,53,20173,4,3,511995,SPNO,4A,485049,SPPC,SPPC
Seward,KS,53,20175,4,3,22709,SPNO,4A,485050,SPPC,SPPC
Shawnee,KS,53,20177,4,3,178146,SPNO,4A,485051,SPPC,SPPC
Sheridan,KS,52,20179,4,2,2509,SPNO,5A,485052,SPPC,SPPC
Sherman,KS,52,20181,4,2,5965,SPNO,5A,485053,SPPC,SPPC
Smith,KS,53,20183,4,2,3632,SPNO,5A,484969,SPPC,SPPC
Stafford,KS,53,20185,4,3,4208,SPNO,4A,485054,SPPC,SPPC
Stanton,KS,52,20187,4,3,2062,SPNO,4A,485055,SPPC,SPPC
Stevens,KS,52,20189,4,3,5584,SPNO,4A,485056,SPPC,SPPC
Sumner,KS,53,20191,4,3,23272,SPNO,4A,481812,SPPC,SPPC
Thomas,KS,52,20193,4,2,7892,SPNO,5A,485057,SPPC,SPPC
Trego,KS,52,20195,4,2,2872,SPNO,5A,485058,SPPC,SPPC
Wabaunsee,KS,53,20197,4,3,6891,SPNO,4A,485059,SPPC,SPPC
Wallace,KS,52,20199,4,2,1497,SPNO,5A,485060,SPPC,SPPC
Washington,KS,53,20201,4,2,5546,SPNO,4A,485061,SPPC,SPPC
Wichita,KS,52,20203,4,2,2112,SPNO,5A,485062,SPPC,SPPC
Wilson,KS,53,20205,4,3,8723,SPNO,4A,485063,SPPC,SPPC
Woodson,KS,53,20207,4,3,3165,SPNO,4A,485064,SPPC,SPPC
Wyandotte,KS,53,20209,4,3,163831,SPNO,4A,485065,SPPC,SPPC
Adair,KY,109,21001,6,3,19280,SRCE,4A,516847,SRCE,SPPC
Allen,KY,93,21003,6,3,20631,SRCE,4A,516848,SRCE,SPPC
Anderson,KY,109,21005,6,3,22158,SRCE,4A,516849,SRCE,SPPC
Ballard,KY,93,21007,6,3,8054,SRCE,4A,516850,SRCE,SPPC
Barren,KY,109,21009,6,3,43993,SRCE,4A,516851,SRCE,SPPC
Bath,KY,109,21011,6,3,12327,SRCE,4A,516852,SRCE,SPPC
Bell,KY,109,21013,6,3,27117,SRCE,4A,516853,SRCE,SPPC
Boone,KY,109,21015,6,3,128536,RFCW,4A,516854,SRCE,SPPC
Bourbon,KY,109,21017,6,3,20030,SRCE,4A,516855,SRCE,SPPC
Boyd,KY,110,21019,6,3,48132,RFCW,4A,516856,PJMW,SPPC
Boyle,KY,109,21021,6,3,30018,SRCE,4A,516857,SRCE,SPPC
Bracken,KY,109,21023,6,3,8400,SRCE,4A,516858,SRCE,SPPC
Breathitt,KY,110,21025,6,3,13284,SRCE,4A,516859,SRCE,SPPC
Breckinridge,KY,108,21027,6,3,19961,SRCE,4A,516860,SRCE,SPPC
Bullitt,KY,109,21029,6,3,79151,SRCE,4A,516861,SRCE,SPPC
Butler,KY,93,21031,6,3,12845,SRCE,4A,516862,SRCE,SPPC
Caldwell,KY,108,21033,6,3,12568,SRCE,4A,516863,SRCE,SPPC
Calloway,KY,93,21035,6,3,38437,SRCE,4A,516864,SRCE,SPPC
Campbell,KY,109,21037,6,3,92211,RFCW,4A,516865,PJMW,SPPC
Carlisle,KY,93,21039,6,3,4855,SRCE,4A,516866,SRCE,SPPC
Carroll,KY,109,21041,6,3,10679,SRCE,4A,516867,SRCE,SPPC
Carter,KY,110,21043,6,3,27046,SRCE,4A,516868,SRCE,SPPC
Casey,KY,109,21045,6,3,15815,SRCE,4A,516869,SRCE,SPPC
Christian,KY,93,21047,6,3,72351,SRCE,4A,516870,SRCE,SPPC
Clark,KY,109,21049,6,3,35819,SRCE,4A,516871,SRCE,SPPC
Clay,KY,109,21051,6,3,20766,SRCE,4A,516872,SRCE,SPPC
Clinton,KY,93,21053,6,3,10177,SRCE,4A,516873,SRCE,SPPC
Crittenden,KY,108,21055,6,3,9188,SRCE,4A,516874,SRCE,SPPC
Cumberland,KY,93,21057,6,3,6738,SRCE,4A,516875,SRCE,SPPC
Daviess,KY,108,21059,6,3,99674,SRCE,4A,516876,SRCE,SPPC
Edmonson,KY,109,21061,6,3,12114,SRCE,4A,516877,SRCE,SPPC
Elliott,KY,109,21063,6,3,7588,SRCE,4A,516878,SRCE,SPPC
Estill,KY,109,21065,6,3,14307,SRCE,4A,516879,SRCE,SPPC
Fayette,KY,109,21067,6,3,318449,SRCE,4A,516880,SRCE,SPPC
Fleming,KY,109,21069,6,3,14507,SRCE,4A,516881,SRCE,SPPC
Floyd,KY,110,21071,6,3,37110,RFCW,4A,516882,SRCE,SPPC
Franklin,KY,109,21073,6,3,50560,SRCE,4A,516883,SRCE,SPPC
Fulton,KY,93,21075,6,3,6179,SRCE,4A,516884,SRCE,SPPC
Gallatin,KY,109,21077,6,3,8609,SRCE,4A,516885,SRCE,SPPC
Garrard,KY,109,21079,6,3,17292,SRCE,4A,516886,SRCE,SPPC
Grant,KY,109,21081,6,3,24923,SRCE,4A,516887,SRCE,SPPC
Graves,KY,93,21083,6,3,37182,SRCE,4A,516888,SRCE,SPPC
Grayson,KY,108,21085,6,3,26184,SRCE,4A,516889,SRCE,SPPC
Green,KY,109,21087,6,3,11060,SRCE,4A,516890,SRCE,SPPC
Greenup,KY,109,21089,6,3,35893,RFCW,4A,516891,SRCE,SPPC
Hancock,KY,108,21091,6,3,8810,SRCE,4A,516892,SRCE,SPPC
Hardin,KY,109,21093,6,3,107316,SRCE,4A,516893,SRCE,SPPC
Harlan,KY,109,21095,6,3,27168,SRCE,4A,516894,SRCE,SPPC
Harrison,KY,109,21097,6,3,18646,SRCE,4A,516895,SRCE,SPPC
Hart,KY,109,21099,6,3,18627,SRCE,4A,516896,SRCE,SPPC
Henderson,KY,108,21101,6,3,46253,SRCE,4A,516897,SRCE,SPPC
Henry,KY,109,21103,6,3,15818,SRCE,4A,516898,SRCE,SPPC
Hickman,KY,93,21105,6,3,4627,SRCE,4A,516899,SRCE,SPPC
Hopkins,KY,108,21107,6,3,45904,SRCE,4A,516900,SRCE,SPPC
Jackson,KY,109,21109,6,3,13368,SRCE,4A,516901,SRCE,SRCE
Jefferson,KY,109,21111,6,3,765352,SRCE,4A,516902,SRCE,SRCE
Jessamine,KY,109,21113,6,3,52357,SRCE,4A,516903,SRCE,SRCE
Johnson,KY,109,21115,6,3,22978,SRCE,4A,516904,PJMW,SRCE
Kenton,KY,109,21117,6,3,164945,RFCW,4A,516905,PJMW,SRCE
Knott,KY,110,21119,6,3,15544,RFCW,4A,516906,PJMW,SRCE
Knox,KY,109,21121,6,3,31687,SRCE,4A,516907,SRCE,SRCE
Larue,KY,109,21123,6,3,14096,SRCE,4A,516908,SRCE,SRCE
Laurel,KY,109,21125,6,3,60250,SRCE,4A,516909,SRCE,SRCE
Lawrence,KY,110,21127,6,3,15863,SRCE,4A,516910,PJMW,SRCE
Lee,KY,109,21129,6,3,6580,SRCE,4A,516911,SRCE,SRCE
Leslie,KY,110,21131,6,3,10538,RFCW,4A,516912,SRCE,SRCE
Letcher,KY,110,21133,6,3,22773,RFCW,4A,516913,SRCE,SRCE
Lewis,KY,109,21135,6,3,13442,RFCW,4A,516914,SRCE,SRCE
Lincoln,KY,109,21137,6,3,24372,SRCE,4A,516915,SRCE,SRCE
Livingston,KY,93,21139,6,3,9269,SRCE,4A,516916,SRCE,SRCE
Logan,KY,93,21141,6,3,26593,SRCE,4A,516917,SRCE,SRCE
Lyon,KY,93,21143,6,3,8069,SRCE,4A,516918,SRCE,SRCE
McCracken,KY,93,21145,6,3,65162,SRCE,4A,516925,SRCE,SRCE
McCreary,KY,93,21147,6,3,17511,SRCE,4A,516926,SRCE,SRCE
McLean,KY,108,21149,6,3,9475,SRCE,4A,516927,SRCE,SRCE
Madison,KY,109,21151,6,3,89547,SRCE,4A,516919,SRCE,SRCE
Magoffin,KY,109,21153,6,3,12684,SRCE,4A,516920,SRCE,SRCE
Marion,KY,109,21155,6,3,19205,SRCE,4A,516921,SRCE,SRCE
Marshall,KY,93,21157,6,3,31365,SRCE,4A,516922,SRCE,SRCE
Martin,KY,110,21159,6,3,12002,RFCW,4A,516923,PJMW,SRCE
Mason,KY,109,21161,6,3,17190,SRCE,4A,516924,SRCE,SRCE
Meade,KY,109,21163,6,3,28126,SRCE,4A,516928,SRCE,SRCE
Menifee,KY,109,21165,6,3,6408,SRCE,4A,516929,SRCE,SRCE
Mercer,KY,109,21167,6,3,21477,SRCE,4A,516930,SRCE,SRCE
Metcalfe,KY,93,21169,6,3,10018,SRCE,4A,516931,SRCE,SRCE
Monroe,KY,93,21171,6,3,10588,SRCE,4A,516932,SRCE,SRCE
Montgomery,KY,109,21173,6,3,27771,SRCE,4A,516933,SRCE,SRCE
Morgan,KY,109,21175,6,3,13298,RFCW,4A,516934,SRCE,SRCE
Muhlenberg,KY,108,21177,6,3,31028,SRCE,4A,516935,SRCE,SRCE
Nelson,KY,109,21179,6,3,45559,SRCE,4A,516936,SRCE,SRCE
Nicholas,KY,109,21181,6,3,7084,SRCE,4A,516937,SRCE,SRCE
Ohio,KY,108,21183,6,3,24378,SRCE,4A,516938,SRCE,SRCE
Oldham,KY,109,21185,6,3,65560,SRCE,4A,516939,SRCE,SRCE
Owen,KY,109,21187,6,3,10642,SRCE,4A,516940,SRCE,SRCE
Owsley,KY,109,21189,6,3,4491,SRCE,4A,516941,SRCE,SRCE
Pendleton,KY,109,21191,6,3,14560,SRCE,4A,516942,SRCE,SRCE
Perry,KY,110,21193,6,3,27343,RFCW,4A,516943,SRCE,SRCE
Pike,KY,110,21195,6,3,60555,RFCW,4A,516944,PJMW,SRCE
Powell,KY,109,21197,6,3,12308,SRCE,4A,516945,SRCE,SRCE
Pulaski,KY,93,21199,6,3,63956,SRCE,4A,516946,SRCE,SRCE
Robertson,KY,109,21201,6,3,2155,SRCE,4A,516947,SRCE,SRCE
Rockcastle,KY,109,21203,6,3,16850,SRCE,4A,516948,SRCE,SRCE
Rowan,KY,109,21205,6,3,24451,SRCE,4A,516949,SRCE,SRCE
Russell,KY,93,21207,6,3,17722,SRCE,4A,516950,SRCE,SRCE
Scott,KY,109,21209,6,3,53972,SRCE,4A,516951,SRCE,SRCE
Shelby,KY,109,21211,6,3,46408,SRCE,4A,516952,SRCE,SRCE
Simpson,KY,93,21213,6,3,18083,SRCE,4A,516953,SRCE,SRCE
Spencer,KY,109,21215,6,3,18274,SRCE,4A,516954,SRCE,SRCE
Taylor,KY,109,21217,6,3,25397,SRCE,4A,516955,SRCE,SRCE
Todd,KY,93,21219,6,3,12295,SRCE,4A,516956,SRCE,SRCE
Trigg,KY,93,21221,6,3,14264,SRCE,4A,516957,SRCE,SRCE
Trimble,KY,109,21223,6,3,8620,SRCE,4A,516958,SRCE,SRCE
Union,KY,108,21225,6,3,14880,SRCE,4A,516959,SRCE,SRCE
Warren,KY,93,21227,6,3,125532,SRCE,4A,516960,SRCE,SRCE
Washington,KY,109,21229,6,3,12189,SRCE,4A,516961,SRCE,SRCE
Wayne,KY,93,21231,6,3,20453,SRCE,4A,516962,SRCE,SRCE
Webster,KY,108,21233,6,3,13316,SRCE,4A,516963,SRCE,SRCE
Whitley,KY,109,21235,6,3,36096,SRCE,4A,516964,SRCE,SRCE
Wolfe,KY,109,21237,6,3,7159,SRCE,4A,516965,SRCE,SRCE
Woodford,KY,109,21239,6,3,26124,SRCE,4A,516966,SRCE,SRCE
Acadia,LA,58,22001,7,5,62645,SPSO,2A,558389,MISS,SRCE
Allen,LA,58,22003,7,5,25684,SPSO,2A,558397,SPPS,SRCE
Ascension,LA,58,22005,7,5,121587,SRDA,2A,558403,MISS,SRCE
Assumption,LA,58,22007,7,5,22695,SRDA,2A,558414,MISS,SRCE
Avoyelles,LA,58,22009,7,5,41117,SPSO,2A,558424,SPPS,SRCE
Beauregard,LA,58,22011,7,5,36927,ERCT,2A,558436,SPPS,SRCE
Bienville,LA,58,22013,7,5,13865,SPSO,3A,558445,SPPS,SRCE
Bossier,LA,58,22015,7,5,126057,SPSO,3A,558453,SPPS,SRCE
Caddo,LA,58,22017,7,5,248851,SPSO,3A,558458,SPPS,SRCE
Calcasieu,LA,58,22019,7,5,200601,SRDA,2A,558468,MISS,SRCE
Caldwell,LA,58,22021,7,5,10087,SRDA,3A,558477,MISS,SRCE
Cameron,LA,58,22023,7,5,6882,SRDA,2A,558488,MISS,SRCE
Catahoula,LA,58,22025,7,5,9921,SRDA,3A,558495,MISS,SRCE
Claiborne,LA,86,22027,7,4,16132,SRDA,3A,558505,MISS,SRCE
Concordia,LA,58,22029,7,5,19920,SRDA,3A,558515,MISS,SRCE
De Soto,LA,58,22031,7,5,27149,SPSO,3A,558521,SPPS,SRCE
East Baton Rouge,LA,58,22033,7,5,447037,SRDA,2A,558530,MISS,SRCE
East Carroll,LA,86,22035,7,5,7271,SRDA,3A,558534,MISS,SRCE
East Feliciana,LA,58,22037,7,5,19683,SRDA,2A,558542,MISS,SRCE
Evangeline,LA,58,22039,7,5,33709,SPSO,2A,558551,SPPS,SRCE
Franklin,LA,86,22041,7,5,20330,SRDA,3A,558557,MISS,SRCE
Grant,LA,58,22043,7,5,22365,SPSO,3A,558567,SPPS,SRCE
Iberia,LA,58,22045,7,5,73273,SRDA,2A,558576,MISS,SRCE
Iberville,LA,58,22047,7,5,32920,SRDA,2A,558582,MISS,SRCE
Jackson,LA,58,22049,7,5,15808,SRDA,3A,558592,SPPS,SRCE
Jefferson,LA,58,22051,7,5,436523,SRDA,2A,558027,MISS,SRCE
Jefferson Davis,LA,58,22053,7,5,31413,SRDA,2A,558039,MISS,SRCE
Lafayette,LA,58,22055,7,5,241398,SPSO,2A,558059,MISS,SRCE
Lafourche,LA,58,22057,7,5,98305,SRDA,2A,558065,MISS,SRCE
LaSalle,LA,58,22059,7,5,15052,SPSO,3A,558049,SPPS,SRCE
Lincoln,LA,86,22061,7,5,47745,SRDA,3A,558077,MISS,SRCE
Livingston,LA,58,22063,7,5,140138,SRDA,2A,558083,MISS,SRCE
Madison,LA,86,22065,7,5,11528,SRDA,3A,558088,MISS,SRCE
Morehouse,LA,86,22067,7,5,26071,SRDA,3A,558097,MISS,SRCE
Natchitoches,LA,58,22069,7,5,39162,SPSO,3A,558108,SPPS,SRCE
Orleans,LA,58,22071,7,5,391495,SRDA,2A,558113,MISS,SRCE
Ouachita,LA,86,22073,7,5,156983,SRDA,3A,558114,MISS,SRCE
Plaquemines,LA,58,22075,7,5,23464,SRDA,2A,558125,MISS,SRCE
Pointe Coupee,LA,58,22077,7,5,22159,SRDA,2A,559449,MISS,SRCE
Rapides,LA,58,22079,7,5,132424,SPSO,2A,559460,SPPS,SRCE
Red River,LA,58,22081,7,5,8550,SPSO,3A,559472,SPPS,SRCE
Richland,LA,86,22083,7,5,20430,SRDA,3A,559481,MISS,SRCE
Sabine,LA,58,22085,7,5,23977,SPSO,3A,559489,SPPS,SRCE
St. Bernard,LA,58,22087,7,5,45688,SRDA,2A,1629542,MISS,SRCE
St. Charles,LA,58,22089,7,5,52923,SRDA,2A,1629449,MISS,SRCE
St. Helena,LA,58,22091,7,5,10512,SRDA,2A,1629457,MISS,SRCE
St. James,LA,58,22093,7,5,21557,SRDA,2A,1629464,MISS,SRCE
St. John the Baptist,LA,58,22095,7,5,43631,SRDA,2A,1629472,MISS,SRCE
St. Landry,LA,58,22097,7,5,83883,SPSO,2A,1629479,MISS,SRCE
St. Martin,LA,58,22099,7,5,54007,SRDA,2A,1629486,MISS,SRCE
St. Mary,LA,58,22101,7,5,52093,SRDA,2A,1629492,MISS,SRCE
St. Tammany,LA,58,22103,7,5,253602,SRDA,2A,1629503,MISS,SRCE
Tangipahoa,LA,58,22105,7,5,130710,SRDA,2A,559500,MISS,SRCE
Tensas,LA,86,22107,7,5,4597,SRDA,3A,559509,MISS,SRCE
Terrebonne,LA,58,22109,7,5,113220,SRDA,2A,559517,MISS,MISS
Union,LA,86,22111,7,5,22487,SRDA,3A,559528,MISS,MISS
Vermilion,LA,58,22113,7,5,60205,SRDA,2A,559538,MISS,MISS
Vernon,LA,58,22115,7,5,50569,SPSO,3A,559548,SPPS,MISS
Washington,LA,58,22117,7,5,46310,SRDA,2A,559557,MISS,MISS
Webster,LA,58,22119,7,5,39710,SPSO,3A,559567,SPPS,MISS
West Baton Rouge,LA,58,22121,7,5,25795,SRDA,2A,559570,MISS,MISS
West Carroll,LA,86,22123,7,5,11114,SRDA,3A,559578,MISS,MISS
West Feliciana,LA,58,22125,7,5,15344,SRDA,2A,559584,MISS,MISS
Winn,LA,58,22127,7,5,14376,SPSO,3A,559594,SPPS,MISS
Androscoggin,ME,134,23001,1,1,107319,NEWE,6A,581286,ISNE,MISS
Aroostook,ME,134,23003,1,1,67959,NEWE,7,581287,ISNE,MISS
Cumberland,ME,134,23005,1,1,292041,NEWE,6A,581288,ISNE,MISS
Franklin,ME,134,23007,1,1,30001,NEWE,6A,581289,ISNE,MISS
Hancock,ME,134,23009,1,1,54419,NEWE,6A,581290,ISNE,MISS
Kennebec,ME,134,23011,1,1,120569,NEWE,6A,581291,ISNE,MISS
Knox,ME,134,23013,1,1,39744,NEWE,6A,581292,ISNE,MISS
Lincoln,ME,134,23015,1,1,34216,NEWE,6A,581293,ISNE,MISS
Oxford,ME,134,23017,1,1,57217,NEWE,6A,581294,ISNE,MISS
Penobscot,ME,134,23019,1,1,151806,NEWE,6A,581295,ISNE,MISS
Piscataquis,ME,134,23021,1,1,16843,NEWE,6A,581296,ISNE,MISS
Sagadahoc,ME,134,23023,1,1,35273,NEWE,6A,581297,ISNE,MISS
Somerset,ME,134,23025,1,1,50915,NEWE,6A,581298,ISNE,MISS
Waldo,ME,134,23027,1,1,39364,NEWE,6A,581299,ISNE,MISS
Washington,ME,134,23029,1,1,31450,NEWE,6A,581300,ISNE,MISS
York,ME,134,23031,1,1,202343,NEWE,6A,581301,ISNE,MISS
Allegany,MD,121,24001,5,2,72130,RFCE,4A,1713506,PJMW,MISS
Anne Arundel,MD,123,24003,5,3,568346,RFCE,4A,1710958,PJME,MISS
Baltimore,MD,123,24005,5,3,831026,RFCE,4A,1695314,PJME,MISS
Calvert,MD,123,24009,5,3,91251,RFCE,4A,1676636,PJME,MISS
Caroline,MD,123,24011,5,3,32850,RFCE,4A,595737,PJME,MISS
Carroll,MD,123,24013,5,3,167656,RFCE,4A,1696228,PJME,MISS
Cecil,MD,123,24015,5,3,102603,RFCE,4A,596115,PJME,MISS
Charles,MD,123,24017,5,3,157705,RFCE,4A,1676992,PJME,MISS
Dorchester,MD,123,24019,5,3,32258,RFCE,4A,596495,PJME,MISS
Frederick,MD,121,24021,5,3,247591,RFCE,4A,1711211,PJMW,MISS
Garrett,MD,121,24023,5,2,29425,RFCE,5A,1711058,PJMW,MISS
Harford,MD,123,24025,5,3,251032,RFCE,4A,1698178,PJME,MISS
Howard,MD,123,24027,5,3,317233,RFCE,4A,1709077,PJME,MISS
Kent,MD,123,24029,5,3,19730,RFCE,4A,593907,PJME,MISS
Montgomery,MD,123,24031,5,3,1043863,RFCE,4A,1712500,PJMW,MISS
Prince George's,MD,123,24033,5,3,908049,RFCE,4A,1714670,PJME,MISS
Queen Anne's,MD,123,24035,5,3,48929,RFCE,4A,596089,PJME,MISS
St. Mary's,MD,123,24037,5,3,112587,RFCE,4A,1697853,PJME,MISS
Somerset,MD,123,24039,5,3,25928,RFCE,4A,596907,PJME,MISS
Talbot,MD,123,24041,5,3,37278,RFCE,4A,592947,PJME,MISS
Washington,MD,121,24043,5,3,150292,RFCE,4A,1714220,PJMW,MISS
Wicomico,MD,123,24045,5,3,102577,RFCE,4A,1668606,PJME,MISS
Worcester,MD,123,24047,5,3,51444,RFCE,4A,1668802,PJME,MISS
Baltimore City,MD,123,24510,5,3,614664,RFCE,4A,1702381,PJME,MISS
Barnstable,MA,131,25001,1,2,214276,NEWE,5A,606927,ISNE,MISS
Berkshire,MA,131,25003,1,2,126903,NEWE,5A,606928,ISNE,MISS
Bristol,MA,131,25005,1,2,558324,NEWE,5A,606929,ISNE,MISS
Dukes,MA,131,25007,1,2,17246,NEWE,5A,606930,ISNE,MISS
Essex,MA,131,25009,1,2,779018,NEWE,5A,606931,ISNE,MISS
Franklin,MA,131,25011,1,2,70382,NEWE,5A,606932,ISNE,MISS
Hampden,MA,131,25013,1,2,468467,NEWE,5A,606933,ISNE,MISS
Hampshire,MA,131,25015,1,2,161816,NEWE,5A,606934,ISNE,MISS
Middlesex,MA,131,25017,1,2,1589774,NEWE,5A,606935,ISNE,MISS
Nantucket,MA,131,25019,1,2,11008,NEWE,5A,606936,ISNE,MISS
Norfolk,MA,131,25021,1,2,697181,NEWE,5A,606937,ISNE,MISS
Plymouth,MA,131,25023,1,2,513565,NEWE,5A,606938,ISNE,MISS
Suffolk,MA,131,25025,1,2,784230,NEWE,5A,606939,ISNE,MISS
Worcester,MA,131,25027,1,2,819589,NEWE,5A,606940,ISNE,MISS
Alcona,MI,103,26001,3,1,10352,RFCM,6A,1622943,MISE,ISNE
Alger,MI,74,26003,3,1,9219,MROE,6A,1622944,MISW,ISNE
Allegan,MI,103,26005,3,2,115548,RFCM,5A,1622945,PJMW,ISNE
Alpena,MI,103,26007,3,1,28704,RFCM,6A,1622946,MISE,ISNE
Antrim,MI,103,26009,3,1,23144,RFCM,6A,1622947,MISE,ISNE
Arenac,MI,103,26011,3,1,15122,RFCM,6A,1622948,MISE,ISNE
Baraga,MI,74,26013,3,1,8503,MROE,7,1622949,MISW,ISNE
Barry,MI,103,26015,3,2,59702,RFCM,5A,1622950,MISE,ISNE
Bay,MI,103,26017,3,1,104747,RFCM,5A,1622951,MISE,ISNE
Benzie,MI,103,26019,3,1,17572,RFCM,6A,1622952,MISE,ISNE
Berrien,MI,104,26021,3,2,154010,RFCM,5A,1622953,PJMW,ISNE
Branch,MI,103,26023,3,2,43427,RFCM,5A,1622954,MISE,ISNE
Calhoun,MI,103,26025,3,2,134386,RFCM,5A,1622955,MISE,ISNE
Cass,MI,104,26027,3,2,51599,RFCM,5A,1622956,PJMW,ISNE
Charlevoix,MI,103,26029,3,1,26174,RFCM,6A,1622957,MISE,ISNE
Cheboygan,MI,103,26031,3,1,25401,RFCM,6A,1622958,MISE,ISNE
Chippewa,MI,103,26033,3,1,37724,RFCW,7,1622959,MISW,PJMW
Clare,MI,103,26035,3,1,30358,RFCM,6A,1622960,MISE,PJMW
Clinton,MI,103,26037,3,2,77888,RFCM,5A,1622961,MISE,PJMW
Crawford,MI,103,26039,3,1,13744,RFCM,6A,1622962,MISE,PJMW
Delta,MI,74,26041,3,1,36202,RFCW,6A,1622963,MISW,ISNE
Dickinson,MI,74,26043,3,1,25535,RFCW,6A,1622964,MISW,ISNE
Eaton,MI,103,26045,3,2,109160,RFCM,5A,1622965,MISE,ISNE
Emmet,MI,103,26047,3,1,33182,RFCM,6A,1622966,MISE,ISNE
Genesee,MI,103,26049,3,2,408615,RFCM,5A,1622967,MISE,ISNE
Gladwin,MI,103,26051,3,1,25122,RFCM,6A,1622968,MISE,ISNE
Gogebic,MI,74,26053,3,1,15243,MROE,7,1622969,MISW,ISNE
Grand Traverse,MI,103,26055,3,1,92084,RFCM,6A,1622970,MISE,ISNE
Gratiot,MI,103,26057,3,2,41202,RFCM,5A,1622971,MISE,ISNE
Hillsdale,MI,103,26059,3,2,45774,RFCM,5A,1622972,MISE,ISNE
Houghton,MI,74,26061,3,1,36555,MROE,7,1622973,MISW,ISNE
Huron,MI,103,26063,3,2,31481,RFCM,6A,1622974,MISE,ISNE
Ingham,MI,103,26065,3,2,288051,RFCM,5A,1622975,MISE,ISNE
Ionia,MI,103,26067,3,2,64232,RFCM,5A,1622976,MISE,ISNE
Iosco,MI,103,26069,3,1,25327,RFCM,6A,1622977,MISE,MISE
Iron,MI,74,26071,3,1,11195,RFCW,7,1622978,MISW,MISE
Isabella,MI,103,26073,3,1,71282,RFCM,6A,1622979,MISE,MISE
Jackson,MI,103,26075,3,2,158460,RFCM,5A,1622980,MISE,MISE
Kalamazoo,MI,104,26077,3,2,261654,RFCM,5A,1622981,PJMW,MISE
Kalkaska,MI,103,26079,3,1,17263,RFCM,6A,1622982,MISE,MISE
Kent,MI,103,26081,3,2,642173,RFCM,5A,1622983,MISE,MISE
Keweenaw,MI,74,26083,3,1,2199,MROE,7,1622984,MISW,MISE
Lake,MI,103,26085,3,1,11496,RFCM,6A,1622985,MISE,MISE
Lapeer,MI,103,26087,3,2,88340,RFCM,5A,1622986,MISE,MISE
Leelanau,MI,103,26089,3,1,21765,RFCM,6A,1622987,MISE,MISE
Lenawee,MI,103,26091,3,2,98504,RFCM,5A,1622988,MISE,MISE
Livingston,MI,103,26093,3,2,188624,RFCM,5A,1622989,MISE,MISE
Luce,MI,103,26095,3,1,6358,RFCW,7,1622990,MISW,MISE
Mackinac,MI,103,26097,3,1,10820,RFCW,7,1622991,MISW,MISE
Macomb,MI,103,26099,3,2,867730,RFCM,5A,1622992,MISE,MISE
Manistee,MI,103,26101,3,1,24373,RFCM,6A,1622993,MISE,MISE
Marquette,MI,74,26103,3,1,66435,MROE,6A,1622994,MISW,MISE
Mason,MI,103,26105,3,1,28876,RFCM,6A,1622995,MISE,MISE
Mecosta,MI,103,26107,3,1,43221,RFCM,6A,1622996,MISE,MISE
Menominee,MI,74,26109,3,1,23281,RFCW,6A,1622997,MISW,MISE
Midland,MI,103,26111,3,1,83462,RFCM,5A,1622998,MISE,MISE
Missaukee,MI,103,26113,3,1,15102,RFCM,6A,1622999,MISE,MISE
Monroe,MI,103,26115,3,2,149208,RFCM,5A,1623000,MISE,MISE
Montcalm,MI,103,26117,3,2,62974,RFCM,5A,1623001,MISE,MISE
Montmorency,MI,103,26119,3,1,9173,RFCM,6A,1623002,MISE,MISE
Muskegon,MI,103,26121,3,2,173408,RFCM,5A,1623003,MISE,MISE
Newaygo,MI,103,26123,3,1,47938,RFCM,6A,1623004,MISE,MISE
Oakland,MI,103,26125,3,2,1243970,RFCM,5A,1623005,MISE,MISE
Oceana,MI,103,26127,3,1,26027,RFCM,6A,1623006,MISE,MISE
Ogemaw,MI,103,26129,3,1,20904,RFCM,6A,1623007,MISE,MISE
Ontonagon,MI,74,26131,3,1,5911,MROE,7,1623008,MISW,MISE
Osceola,MI,103,26133,3,1,23110,RFCM,6A,1623009,MISE,MISE
Oscoda,MI,103,26135,3,1,8264,RFCM,6A,1623010,MISE,MISE
Otsego,MI,103,26137,3,1,24470,RFCM,6A,1623011,MISE,MISE
Ottawa,MI,103,26139,3,2,282250,RFCM,5A,1623012,MISE,MISE
Presque Isle,MI,103,26141,3,1,12762,RFCM,6A,1623013,MISE,MISE
Roscommon,MI,103,26143,3,1,23700,RFCM,6A,1623014,MISE,MISE
Saginaw,MI,103,26145,3,2,192326,RFCM,5A,1623015,MISE,MISE
St. Clair,MI,103,26147,3,2,159587,RFCM,5A,1625033,MISE,MISE
St. Joseph,MI,104,26149,3,2,60853,RFCM,5A,1625034,PJMW,MISE
Sanilac,MI,103,26151,3,2,41409,RFCM,6A,1623016,MISE,MISE
Schoolcraft,MI,103,26153,3,1,8001,MROE,7,1623017,MISW,MISE
Shiawassee,MI,103,26155,3,2,68554,RFCM,5A,1623018,MISE,MISE
Tuscola,MI,103,26157,3,2,53338,RFCM,5A,1623019,MISE,MISE
Van Buren,MI,104,26159,3,2,75223,RFCM,5A,1623020,PJMW,MISE
Washtenaw,MI,103,26161,3,2,364709,RFCM,5A,1623021,MISE,MISE
Wayne,MI,103,26163,3,2,1749366,RFCM,5A,1623022,MISE,MISE
Wexford,MI,103,26165,3,1,33163,RFCM,6A,1623023,MISE,MISE
Aitkin,MN,43,27001,4,1,15583,MROW,7,663198,MISW,MISE
Anoka,MN,43,27003,4,1,345957,MROW,6A,659447,MISW,MISE
Becker,MN,42,27005,4,1,33734,MROW,7,659448,MISW,MISE
Beltrami,MN,42,27007,4,1,46106,MROW,7,659449,MISW,MISE
Benton,MN,43,27009,4,1,39992,MROW,6A,659450,MISW,MISE
Big Stone,MN,43,27011,4,1,5050,MROW,6A,659451,MISW,MISE
Blue Earth,MN,68,27013,4,1,66441,MROW,6A,659452,MISW,MISE
Brown,MN,68,27015,4,1,25331,MROW,6A,659453,MISW,MISE
Carlton,MN,43,27017,4,1,35738,MROW,7,659454,MISW,MISE
Carver,MN,43,27019,4,1,100262,MROW,6A,659455,MISW,MISE
Cass,MN,43,27021,4,1,28993,MROW,7,659456,MISW,MISE
Chippewa,MN,44,27023,4,1,12133,MROW,6A,659457,SPPN,MISE
Chisago,MN,43,27025,4,1,54748,MROW,6A,659458,MISW,MISE
Clay,MN,42,27027,4,1,62875,MROW,7,659459,SPPN,MISE
Clearwater,MN,42,27029,4,1,8827,MROW,7,659460,MISW,MISE
Cook,MN,43,27031,4,1,5286,MROW,7,659461,MISW,MISE
Cottonwood,MN,68,27033,4,1,11470,MROW,6A,659462,MISW,MISE
Crow Wing,MN,43,27035,4,1,63940,MROW,7,659463,MISW,MISE
Dakota,MN,43,27037,4,1,417486,MROW,6A,659464,MISW,MISW
Dodge,MN,43,27039,4,1,20506,MROW,6A,659465,MISW,MISW
Douglas,MN,43,27041,4,1,37456,MROW,6A,659466,MISW,MISW
Faribault,MN,68,27043,4,1,13935,MROW,6A,659467,MISW,MISW
Fillmore,MN,68,27045,4,1,21003,MROW,6A,659468,MISW,MISW
Freeborn,MN,68,27047,4,1,30446,MROW,6A,659469,MISW,MISW
Goodhue,MN,43,27049,4,1,46676,MROW,6A,659470,MISW,MISW
Grant,MN,43,27051,4,1,5956,MROW,7,659471,SPPN,MISW
Hennepin,MN,43,27053,4,1,1232483,MROW,6A,659472,MISW,MISW
Houston,MN,68,27055,4,1,18814,MROW,6A,659473,MISW,MISW
Hubbard,MN,43,27057,4,1,20718,MROW,7,659474,MISW,MISW
Isanti,MN,43,27059,4,1,39025,MROW,6A,659475,MISW,PJMW
Itasca,MN,43,27061,4,1,45242,MROW,7,659476,MISW,PJMW
Jackson,MN,68,27063,4,1,9944,MROW,6A,659477,MISW,PJMW
Kanabec,MN,43,27065,4,1,15830,MROW,7,659478,MISW,PJMW
Kandiyohi,MN,43,27067,4,1,42495,MROW,6A,659479,MISW,PJMW
Kittson,MN,42,27069,4,1,4333,MROW,7,659480,MISW,MISW
Koochiching,MN,42,27071,4,1,12628,MROW,7,659481,MISW,MISW
Lac qui Parle,MN,44,27073,4,1,6715,MROW,6A,659482,MISW,MISW
Lake,MN,43,27075,4,1,10625,MROW,7,659484,MISW,MISW
Lake of the Woods,MN,42,27077,4,1,3814,MROW,7,659483,MISW,MISW
Le Sueur,MN,43,27079,4,1,27591,MROW,6A,659485,MISW,MISW
Lincoln,MN,44,27081,4,1,5783,MROW,6A,659486,SPPN,MISW
Lyon,MN,44,27083,4,1,25699,MROW,6A,659487,SPPN,MISW
McLeod,MN,43,27085,4,1,35842,MROW,6A,659491,MISW,MISW
Mahnomen,MN,42,27087,4,1,5465,MROW,7,659488,MISW,MISW
Marshall,MN,42,27089,4,1,9324,MROW,7,659489,MISW,MISW
Martin,MN,68,27091,4,1,19829,MROW,6A,659490,MISW,MISW
Meeker,MN,43,27093,4,1,23110,MROW,6A,659492,MISW,MISW
Mille Lacs,MN,43,27095,4,1,25866,MROW,7,659493,MISW,MISW
Morrison,MN,43,27097,4,1,32821,MROW,6A,659494,MISW,MISW
Mower,MN,68,27099,4,1,39163,MROW,6A,659495,MISW,MISW
Murray,MN,44,27101,4,1,8329,MROW,6A,659496,SPPN,MISW
Nicollet,MN,68,27103,4,1,33575,MROW,6A,659497,MISW,MISW
Nobles,MN,44,27105,4,1,21848,MROW,6A,659498,MISW,MISW
Norman,MN,42,27107,4,1,6579,MROW,7,659499,MISW,MISW
Olmsted,MN,43,27109,4,1,153102,MROW,6A,659500,MISW,MISW
Otter Tail,MN,43,27111,4,1,58085,MROW,7,659501,SPPN,MISW
Pennington,MN,42,27113,4,1,14235,MROW,7,659502,MISW,MISW
Pine,MN,43,27115,4,1,28874,MROW,7,659503,MISW,MISW
Pipestone,MN,44,27117,4,1,9202,MROW,6A,659504,SPPN,MISW
Polk,MN,42,27119,4,1,31660,MROW,7,659505,SPPN,MISW
Pope,MN,43,27121,4,1,11049,MROW,6A,659506,MISW,MISW
Ramsey,MN,43,27123,4,1,540649,MROW,6A,659507,MISW,MISW
Red Lake,MN,42,27125,4,1,4007,MROW,7,659508,MISW,MISW
Redwood,MN,44,27127,4,1,15263,MROW,6A,659509,MISW,MISW
Renville,MN,44,27129,4,1,14660,MROW,6A,659510,MISW,MISW
Rice,MN,43,27131,4,1,65622,MROW,6A,659511,MISW,MISW
Rock,MN,44,27133,4,1,9564,MROW,6A,659512,MISW,MISW
Roseau,MN,42,27135,4,1,15626,MROW,7,659513,MISW,MISW
St. Louis,MN,43,27137,4,1,199980,MROW,7,662850,MISW,MISW
Scott,MN,43,27139,4,1,143680,MROW,6A,659514,MISW,MISW
Sherburne,MN,43,27141,4,1,93528,MROW,6A,659515,MISW,MISW
Sibley,MN,43,27143,4,1,14827,MROW,6A,659516,MISW,MISW
Stearns,MN,43,27145,4,1,155652,MROW,6A,659517,MISW,MISW
Steele,MN,43,27147,4,1,36805,MROW,6A,659518,MISW,MISW
Stevens,MN,43,27149,4,1,9693,MROW,6A,659519,SPPN,MISW
Swift,MN,43,27151,4,1,9419,MROW,6A,659520,SPPN,MISW
Todd,MN,43,27153,4,1,24233,MROW,6A,659521,MISW,MISW
Traverse,MN,43,27155,4,1,3356,MROW,6A,659522,SPPN,MISW
Wabasha,MN,43,27157,4,1,21273,MROW,6A,659523,MISW,MISW
Wadena,MN,43,27159,4,1,13761,MROW,7,659524,MISW,MISW
Waseca,MN,68,27161,4,1,18911,MROW,6A,659525,MISW,MISW
Washington,MN,43,27163,4,1,253117,MROW,6A,659526,MISW,MISW
Watonwan,MN,68,27165,4,1,10908,MROW,6A,659527,MISW,MISW
Wilkin,MN,43,27167,4,1,6358,MROW,7,659528,SPPN,MISW
Winona,MN,43,27169,4,1,50948,MROW,6A,659529,MISW,MISW
Wright,MN,43,27171,4,1,132550,MROW,6A,659530,MISW,MISW
Yellow Medicine,MN,44,27173,4,1,9935,MROW,6A,659531,SPPN,MISW
Adams,MS,87,28001,6,5,31248,SRSE,3A,695726,MISS,MISW
Alcorn,MS,88,28003,6,4,37304,SRSE,3A,711755,SRCE,MISW
Amite,MS,87,28005,6,5,12458,SRSE,3A,695727,MISS,MISW
Attala,MS,87,28007,6,4,18934,SRSE,3A,695728,MISS,MISW
Benton,MS,88,28009,6,4,8264,SRSE,3A,695729,SRCE,MISW
Bolivar,MS,87,28011,6,5,32737,SRSE,3A,695730,MISS,MISW
Calhoun,MS,88,28013,6,4,14610,SRSE,3A,695731,MISS,MISW
Carroll,MS,87,28015,6,4,10255,SRSE,3A,695732,MISS,MISW
Chickasaw,MS,88,28017,6,4,17246,SRSE,3A,695733,SRCE,MISW
Choctaw,MS,88,28019,6,4,8242,SRSE,3A,695734,SRCE,MISW
Claiborne,MS,87,28021,6,4,9139,SRSE,3A,695735,MISS,MISW
Clarke,MS,87,28023,6,4,15888,SRSE,3A,695736,SRSE,MISW
Clay,MS,88,28025,6,4,19850,SRSE,3A,695737,SRCE,MISW
Coahoma,MS,87,28027,6,5,23809,SRSE,3A,695738,MISS,MISW
Copiah,MS,87,28029,6,5,28482,SRSE,3A,695739,MISS,MISW
Covington,MS,87,28031,6,5,19569,SRSE,3A,695740,SRSE,MISW
DeSoto,MS,87,28033,6,5,175611,SRSE,3A,695741,MISS,MISW
Forrest,MS,87,28035,6,5,75979,SRSE,3A,695742,SRSE,MISW
Franklin,MS,87,28037,6,5,7782,SRSE,3A,695743,MISS,MISW
George,MS,87,28039,6,5,23695,SRSE,3A,695744,SRSE,MISW
Greene,MS,87,28041,6,5,13408,SRSE,3A,695745,SRSE,MISW
Grenada,MS,87,28043,6,4,21275,SRSE,3A,695746,MISS,MISW
Hancock,MS,87,28045,6,5,46791,SRSE,2A,711756,SRSE,MISW
Harrison,MS,87,28047,6,5,203234,SRSE,2A,695747,SRSE,MISW
Hinds,MS,87,28049,6,5,241229,SRSE,3A,695748,MISS,MISW
Holmes,MS,87,28051,6,4,17999,SRSE,3A,695749,MISS,MISW
Humphreys,MS,87,28053,6,5,8513,SRSE,3A,695750,MISS,MISW
Issaquena,MS,87,28055,6,5,1294,SRSE,3A,695751,MISS,MISW
Itawamba,MS,88,28057,6,4,23529,SRSE,3A,695752,SRCE,MISW
Jackson,MS,87,28059,6,5,141241,SRSE,2A,695753,SRSE,MISW
Jasper,MS,87,28061,6,5,16578,SRSE,3A,695754,SRSE,MISW
Jefferson,MS,87,28063,6,4,7297,SRSE,3A,695755,MISS,MISW
Jefferson Davis,MS,87,28065,6,5,11385,SRSE,3A,695756,MISS,MISW
Jones,MS,87,28067,6,5,67953,SRSE,3A,695757,SRSE,MISW
Kemper,MS,88,28069,6,4,9896,SRSE,3A,695758,SRSE,MISS
Lafayette,MS,88,28071,6,4,53796,SRSE,3A,695759,SRCE,MISS
Lamar,MS,87,28073,6,5,60914,SRSE,3A,695760,SRSE,MISS
Lauderdale,MS,87,28075,6,5,77755,SRSE,3A,695761,SRSE,MISS
Lawrence,MS,87,28077,6,5,12749,SRSE,3A,695762,MISS,MISS
Leake,MS,87,28079,6,4,22620,SRSE,3A,695763,MISS,MISS
Lee,MS,88,28081,6,4,85381,SRSE,3A,695764,SRCE,MISS
Leflore,MS,87,28083,6,5,29856,SRSE,3A,695765,MISS,MISS
Lincoln,MS,87,28085,6,5,34523,SRSE,3A,695766,MISS,MISS
Lowndes,MS,88,28087,6,4,59602,SRSE,3A,695767,SRCE,MISS
Madison,MS,87,28089,6,5,105114,SRSE,3A,695768,MISS,MISS
Marion,MS,87,28091,6,5,25251,SRSE,3A,695769,MISS,MISS
Marshall,MS,88,28093,6,4,35801,SRSE,3A,695770,MISS,MISS
Monroe,MS,88,28095,6,4,35873,SRSE,3A,695771,SRCE,MISS
Montgomery,MS,87,28097,6,4,10187,SRSE,3A,711757,MISS,MISS
Neshoba,MS,88,28099,6,4,29403,SRSE,3A,695772,SRSE,MISS
Newton,MS,87,28101,6,4,21558,SRSE,3A,695773,SRSE,MISS
Noxubee,MS,88,28103,6,4,11038,SRSE,3A,695774,SRCE,MISS
Oktibbeha,MS,88,28105,6,4,49833,SRSE,3A,695775,SRCE,MISS
Panola,MS,87,28107,6,4,34164,SRSE,3A,695776,MISS,MISS
Pearl River,MS,87,28109,6,5,55310,SRSE,2A,695777,SRSE,MISS
Perry,MS,87,28111,6,5,12245,SRSE,3A,695778,SRSE,MISS
Pike,MS,87,28113,6,5,39667,SRSE,3A,711758,MISS,MISS
Pontotoc,MS,88,28115,6,4,31550,SRSE,3A,695803,SRCE,MISS
Prentiss,MS,88,28117,6,4,25256,SRSE,3A,695779,SRCE,MISS
Quitman,MS,87,28119,6,4,7349,SRSE,3A,695780,MISS,MISS
Rankin,MS,87,28121,6,5,150228,SRSE,3A,695781,MISS,MISS
Scott,MS,87,28123,6,5,28207,SRSE,3A,695782,MISS,MISS
Sharkey,MS,87,28125,6,5,4552,SRSE,3A,695783,MISS,MISS
Simpson,MS,87,28127,6,4,26912,SRSE,3A,695784,MISS,MISS
Smith,MS,87,28129,6,5,15909,SRSE,3A,695785,SRSE,MISS
Stone,MS,87,28131,6,5,18012,SRSE,2A,695786,SRSE,MISS
Sunflower,MS,87,28133,6,5,26407,SRSE,3A,695787,MISS,MISS
Tallahatchie,MS,87,28135,6,4,14394,SRSE,3A,695788,MISS,MISS
Tate,MS,87,28137,6,4,28201,SRSE,3A,695789,MISS,MISS
Tippah,MS,88,28139,6,4,22190,SRSE,3A,695790,SRCE,MISS
Tishomingo,MS,88,28141,6,4,19491,SRSE,3A,695791,SRCE,MISS
Tunica,MS,87,28143,6,4,10234,SRSE,3A,695792,MISS,MISS
Union,MS,88,28145,6,4,28311,SRSE,3A,695793,SRCE,MISS
Walthall,MS,87,28147,6,5,14599,SRSE,3A,695794,MISS,MISS
Warren,MS,87,28149,6,5,47140,SRSE,3A,695795,MISS,MISS
Washington,MS,87,28151,6,5,47231,SRSE,3A,695796,MISS,MISS
Wayne,MS,87,28153,6,5,20480,SRSE,3A,695797,SRSE,MISS
Webster,MS,88,28155,6,4,9767,SRSE,3A,695798,MISS,MISS
Wilkinson,MS,87,28157,6,5,9047,SRSE,3A,695799,MISS,MISS
Winston,MS,88,28159,6,4,18160,SRSE,3A,695800,SRCE,MISS
Yalobusha,MS,88,28161,6,4,12471,SRSE,3A,695801,MISS,MISS
Yazoo,MS,87,28163,6,5,27264,SRSE,3A,695802,MISS,MISS
Adair,MO,71,29001,4,2,25359,SRGW,5A,765805,MISC,MISS
Andrew,MO,54,29003,4,2,17350,SPNO,5A,758456,SPPC,MISS
Atchison,MO,54,29005,4,2,5293,MROW,5A,758457,SPPC,MISS
Audrain,MO,72,29007,4,2,26021,SRGW,4A,758458,MISC,MISS
Barry,MO,55,29009,4,3,35732,SPNO,4A,758459,SPPC,MISS
Barton,MO,55,29011,4,3,11908,SPNO,4A,758460,SPPC,MISS
Bates,MO,55,29013,4,3,16417,SPNO,4A,758461,SPPC,MISS
Benton,MO,55,29015,4,3,18839,SPNO,4A,758462,SPPC,MISS
Bollinger,MO,73,29017,4,3,12052,SRGW,4A,758463,MISC,MISS
Boone,MO,72,29019,4,3,176594,SRGW,4A,758464,MISC,MISS
Buchanan,MO,54,29021,4,2,88938,SPNO,5A,758465,SPPC,SRCE
Butler,MO,84,29023,4,3,42739,SRGW,4A,758466,MISC,SRCE
Caldwell,MO,54,29025,4,2,9062,SPNO,5A,758467,SPPC,SRCE
Callaway,MO,72,29027,4,3,45078,SRGW,4A,758468,MISC,SRCE
Camden,MO,84,29029,4,3,44497,SRGW,4A,758469,MISC,SRCE
Cape Girardeau,MO,72,29031,4,3,78913,SRGW,4A,758470,MISC,SRCE
Carroll,MO,54,29033,4,2,8913,SPNO,4A,758471,SPPC,SRCE
Carter,MO,84,29035,4,3,6168,SRGW,4A,758472,MISC,SRCE
Cass,MO,54,29037,4,3,102845,SPNO,4A,758473,SPPC,SRCE
Cedar,MO,55,29039,4,3,14016,SPNO,4A,758474,SPPC,SRCE
Chariton,MO,54,29041,4,2,7516,SPNO,5A,758475,MISC,SRCE
Christian,MO,55,29043,4,3,84401,SPNO,4A,758476,SPPC,SRCE
Clark,MO,71,29045,4,2,6723,MROW,5A,758477,MISC,SRCE
Clay,MO,54,29047,4,3,239085,SPNO,4A,758478,SPPC,SRCE
Clinton,MO,54,29049,4,2,20610,SPNO,5A,758479,SPPC,SRCE
Cole,MO,72,29051,4,3,76631,SRGW,4A,758480,MISC,SRCE
Cooper,MO,72,29053,4,3,17712,SRGW,4A,758481,MISC,SRCE
Crawford,MO,73,29055,4,3,24302,SRGW,4A,758482,MISC,SRCE
Dade,MO,55,29057,4,3,7631,SPNO,4A,758483,SPPC,SRCE
Dallas,MO,84,29059,4,3,16448,SPNO,4A,758484,SPPC,SRCE
Daviess,MO,54,29061,4,2,8209,SPNO,5A,758485,SPPC,SRCE
DeKalb,MO,54,29063,4,2,12613,SPNO,5A,758486,SPPC,SRCE
Dent,MO,84,29065,4,3,15387,SRGW,4A,758487,MISC,SRCE
Douglas,MO,55,29067,4,3,13358,SRGW,4A,758488,SPPC,SRCE
Dunklin,MO,84,29069,4,3,30535,SRGW,4A,758489,MISC,MISC
Franklin,MO,72,29071,4,3,102838,SRGW,4A,758490,MISC,MISC
Gasconade,MO,72,29073,4,3,14808,SRGW,4A,758491,MISC,MISC
Gentry,MO,54,29075,4,2,6661,SPNO,5A,758492,SPPC,MISC
Greene,MO,55,29077,4,3,288690,SPNO,4A,758493,SPPC,MISC
Grundy,MO,54,29079,4,2,10165,SPNO,5A,758494,SPPC,MISC
Harrison,MO,54,29081,4,2,8556,MROW,5A,758495,SPPC,MISC
Henry,MO,55,29083,4,3,21594,SPNO,4A,758496,SPPC,MISC
Hickory,MO,55,29085,4,3,9269,SPNO,4A,758497,SPPC,MISC
Holt,MO,54,29087,4,2,4448,MROW,5A,758498,SPPC,MISC
Howard,MO,72,29089,4,3,10058,SPNO,4A,758499,MISC,MISC
Howell,MO,84,29091,4,3,40210,SRGW,4A,758500,MISC,SPPC
Iron,MO,73,29093,4,3,10022,SRGW,4A,758501,MISC,SPPC
Jackson,MO,54,29095,4,3,691801,SPNO,4A,758502,SPPC,SPPC
Jasper,MO,55,29097,4,3,119111,SPNO,4A,758503,SPPC,SPPC
Jefferson,MO,72,29099,4,3,224226,SRGW,4A,758504,MISC,SPPC
Johnson,MO,54,29101,4,3,53942,SPNO,4A,758505,SPPC,SPPC
Knox,MO,71,29103,4,2,3934,SRGW,5A,758506,MISC,SPPC
Laclede,MO,84,29105,4,3,35490,SRGW,4A,758507,MISC,SPPC
Lafayette,MO,54,29107,4,3,32618,SPNO,4A,758508,SPPC,SPPC
Lawrence,MO,55,29109,4,3,38381,SPNO,4A,758509,SPPC,SPPC
Lewis,MO,71,29111,4,2,10134,SRGW,5A,758510,MISC,SPPC
Lincoln,MO,72,29113,4,3,55267,SRGW,4A,758511,MISC,SPPC
Linn,MO,54,29115,4,2,12164,SRGW,5A,758512,MISC,SPPC
Livingston,MO,54,29117,4,2,15235,SPNO,5A,758513,SPPC,SPPC
McDonald,MO,55,29119,4,3,22620,SPNO,4A,758518,SPPC,SPPC
Macon,MO,71,29121,4,2,15170,SRGW,5A,758514,MISC,SPPC
Madison,MO,73,29123,4,3,12443,SRGW,4A,758515,MISC,SPPC
Maries,MO,72,29125,4,3,8858,SRGW,4A,758516,MISC,SPPC
Marion,MO,71,29127,4,2,28894,SRGW,5A,758517,MISC,SPPC
Mercer,MO,54,29129,4,2,3699,MROW,5A,758519,SPPC,SPPC
Miller,MO,72,29131,4,3,25206,SRGW,4A,758520,MISC,SPPC
Mississippi,MO,72,29133,4,3,13799,SRGW,4A,758521,MISC,SPPC
Moniteau,MO,72,29135,4,3,16018,SRGW,4A,758522,MISC,SPPC
Monroe,MO,71,29137,4,2,8558,SRGW,4A,758523,MISC,SPPC
Montgomery,MO,72,29139,4,3,11620,SRGW,4A,758524,MISC,SPPC
Morgan,MO,72,29141,4,3,20213,SRGW,4A,758525,MISC,SPPC
New Madrid,MO,84,29143,4,3,17915,SRGW,4A,758526,MISC,SPPC
Newton,MO,55,29145,4,3,58694,SPNO,4A,758527,SPPC,SPPC
Nodaway,MO,54,29147,4,2,22670,MROW,5A,758528,SPPC,SPPC
Oregon,MO,84,29149,4,3,10789,SRGW,4A,758529,MISC,MISC
Osage,MO,72,29151,4,3,13664,SRGW,4A,758530,MISC,MISC
Ozark,MO,55,29153,4,3,9237,SRGW,4A,758531,SPPC,MISC
Pemiscot,MO,84,29155,4,3,17073,SRGW,4A,758532,MISC,MISC
Perry,MO,72,29157,4,3,19285,SRGW,4A,758533,MISC,MISC
Pettis,MO,54,29159,4,3,42213,SPNO,4A,758534,SPPC,MISC
Phelps,MO,73,29161,4,3,44608,SRGW,4A,758535,MISC,MISC
Pike,MO,72,29163,4,2,18438,SRGW,5A,758536,MISC,MISC
Platte,MO,54,29165,4,3,98309,SPNO,4A,758537,SPPC,MISC
Polk,MO,55,29167,4,3,31285,SPNO,4A,758538,SPPC,MISC
Pulaski,MO,73,29169,4,3,52654,SRGW,4A,758539,MISC,MISC
Putnam,MO,54,29171,4,2,4853,MROW,5A,758540,MISC,MISC
Ralls,MO,71,29173,4,2,10224,SRGW,5A,758541,MISC,MISC
Randolph,MO,72,29175,4,2,24989,SRGW,4A,758542,MISC,MISC
Ray,MO,54,29177,4,3,22754,SPNO,4A,758543,SPPC,MISC
Reynolds,MO,73,29179,4,3,6455,SRGW,4A,758544,MISC,MISC
Ripley,MO,84,29181,4,3,13817,SRGW,4A,758545,MISC,MISC
St. Charles,MO,72,29183,4,3,390918,SRGW,4A,758546,MISC,MISC
St. Clair,MO,55,29185,4,3,9272,SPNO,4A,758547,SPPC,MISC
Ste. Genevieve,MO,72,29186,4,3,18030,SRGW,4A,765806,MISC,MISC
St. Francois,MO,72,29187,4,3,66627,SRGW,4A,758548,MISC,MISC
St. Louis,MO,72,29189,4,3,998581,SRGW,4A,758549,MISC,MISC
Saline,MO,54,29195,4,3,22980,SPNO,4A,758550,SPPC,MISC
Schuyler,MO,71,29197,4,2,4394,SRGW,5A,758551,MISC,MISC
Scotland,MO,71,29199,4,2,4932,MROW,5A,758552,MISC,MISC
Scott,MO,72,29201,4,3,38745,SRGW,4A,758553,MISC,MISC
Shannon,MO,84,29203,4,3,8168,SRGW,4A,758554,MISC,MISC
Shelby,MO,71,29205,4,2,6082,SRGW,5A,758555,MISC,MISC
Stoddard,MO,84,29207,4,3,29588,SRGW,4A,758556,MISC,SPPC
Stone,MO,55,29209,4,3,31047,SPNO,4A,758557,SPPC,SPPC
Sullivan,MO,54,29211,4,2,6262,SRGW,5A,758558,MISC,SPPC
Taney,MO,55,29213,4,3,54735,SPNO,4A,758559,SPPC,SPPC
Texas,MO,84,29215,4,3,25775,SRGW,4A,758560,MISC,SPPC
Vernon,MO,55,29217,4,3,20723,SPNO,4A,758561,SPPC,SPPC
Warren,MO,72,29219,4,3,33802,SRGW,4A,758562,MISC,SPPC
Washington,MO,73,29221,4,3,24839,SRGW,4A,758563,MISC,SPPC
Wayne,MO,84,29223,4,3,13139,SRGW,4A,758564,MISC,SPPC
Webster,MO,55,29225,4,3,38106,SRGW,4A,758565,SPPC,SPPC
Worth,MO,54,29227,4,2,2024,MROW,5A,758566,SPPC,SPPC
Wright,MO,84,29229,4,3,18286,SRGW,4A,758567,MISC,SPPC
St. Louis City,MO,72,29510,4,3,311404,SRGW,4A,767557,MISC,SPPC
Beaverhead,MT,17,30001,8,1,9401,NWPP,6B,1719627,NWPP,SPPC
Big Horn,MT,18,30003,8,1,13343,NWPP,6B,1716521,NWPP,SPPC
Blaine,MT,18,30005,8,1,6601,NWPP,6B,1722470,NWPP,SPPC
Broadwater,MT,17,30007,8,1,5747,NWPP,6B,1719625,NWPP,SPPC
Carbon,MT,18,30009,8,1,10460,NWPP,6B,1720111,NWPP,SPPC
Carter,MT,35,30011,8,1,1203,NWPP,6B,1688746,NWPP,SPPC
Cascade,MT,18,30013,8,1,81755,NWPP,6B,1719622,NWPP,SPPC
Chouteau,MT,18,30015,8,1,5759,NWPP,6B,1719619,NWPP,SPPC
Custer,MT,35,30017,8,1,11924,NWPP,6B,1720109,NWPP,SPPC
Daniels,MT,35,30019,8,1,1755,NWPP,6B,1637566,MISW,MISC
Dawson,MT,35,30021,8,1,9327,MROW,6B,1715632,SPPN,MISC
Deer Lodge,MT,17,30023,8,1,9085,NWPP,6B,1719617,NWPP,MISC
Fallon,MT,35,30025,8,1,3120,MROW,6B,1688745,SPPN,MISC
Fergus,MT,20,30027,8,1,11413,NWPP,6B,1719614,NWPP,MISC
Flathead,MT,17,30029,8,1,98082,NWPP,6B,1719611,NWPP,MISC
Gallatin,MT,18,30031,8,1,104502,NWPP,6B,1720053,NWPP,MISC
Garfield,MT,19,30033,8,1,1310,NWPP,6B,1716058,NWPP,MISC
Glacier,MT,18,30035,8,1,13694,NWPP,6B,1719607,NWPP,MISC
Golden Valley,MT,20,30037,8,1,831,NWPP,6B,1723078,NWPP,MISC
Granite,MT,17,30039,8,1,3368,NWPP,6B,1719605,NWPP,MISC
Hill,MT,18,30041,8,1,16542,NWPP,6B,1720048,NWPP,MISC
Jefferson,MT,17,30043,8,1,11853,NWPP,6B,1720045,NWPP,MISC
Judith BASN,MT,20,30045,8,1,1940,NWPP,6B,1719602,NWPP,MISC
Lake,MT,17,30047,8,1,29758,NWPP,6B,1796943,NWPP,MISC
Lewis and Clark,MT,18,30049,8,1,67282,NWPP,6B,793926,NWPP,MISC
Liberty,MT,18,30051,8,1,2409,NWPP,6B,1720036,NWPP,MISC
Lincoln,MT,17,30053,8,1,19259,NWPP,6B,1720038,NWPP,MISC
McCone,MT,35,30055,8,1,1700,MROW,6B,1716270,MISW,MISC
Madison,MT,17,30057,8,1,7924,NWPP,6B,1720033,NWPP,MISC
Meagher,MT,18,30059,8,1,1827,NWPP,6B,1719600,NWPP,MISC
Mineral,MT,17,30061,8,1,4184,NWPP,6B,1720030,NWPP,MISC
Missoula,MT,17,30063,8,1,116130,NWPP,6B,1719596,NWPP,MISC
Musselshell,MT,20,30065,8,1,4589,NWPP,6B,1719593,NWPP,MISC
Park,MT,18,30067,8,1,16114,NWPP,6B,1720027,NWPP,MISC
Petroleum,MT,20,30069,8,1,489,NWPP,6B,1719590,NWPP,NWPP
Phillips,MT,18,30071,8,1,4133,NWPP,6B,1720023,NWPP,NWPP
Pondera,MT,18,30073,8,1,6084,NWPP,6B,1719587,NWPP,NWPP
Powder River,MT,20,30075,8,1,1746,NWPP,6B,1719584,NWPP,NWPP
Powell,MT,17,30077,8,1,6858,NWPP,6B,1720021,NWPP,NWPP
Prairie,MT,35,30079,8,1,1182,MROW,6B,1715847,SPPN,NWPP
Ravalli,MT,17,30081,8,1,42088,NWPP,6B,1719582,NWPP,NWPP
Richland,MT,35,30083,8,1,11482,MROW,6B,1715338,SPPN,NWPP
Roosevelt,MT,35,30085,8,1,11305,MROW,6B,1669428,SPPN,NWPP
Rosebud,MT,20,30087,8,1,9287,NWPP,6B,1716795,NWPP,NWPP
Sanders,MT,17,30089,8,1,11534,NWPP,6B,1719578,NWPP,NWPP
Sheridan,MT,35,30091,8,1,3648,MROW,6B,1677577,MISW,NWPP
Silver Bow,MT,17,30093,8,1,34553,NWPP,6B,1719575,NWPP,NWPP
Stillwater,MT,18,30095,8,1,9406,NWPP,6B,1719572,NWPP,NWPP
Sweet Grass,MT,18,30097,8,1,3623,NWPP,6B,1719569,NWPP,NWPP
Teton,MT,18,30099,8,1,6056,NWPP,6B,1720018,NWPP,NWPP
Toole,MT,18,30101,8,1,4977,NWPP,6B,1719566,NWPP,NWPP
Treasure,MT,20,30103,8,1,692,NWPP,6B,1719563,NWPP,NWPP
Valley,MT,19,30105,8,1,7539,NWPP,6B,1678923,NWPP,NWPP
Wheatland,MT,20,30107,8,1,2117,NWPP,6B,1719560,NWPP,NWPP
Wibaux,MT,35,30109,8,1,1093,MROW,6B,1696629,SPPN,NWPP
Yellowstone,MT,20,30111,8,1,158437,NWPP,6B,1719558,NWPP,NWPP
Adams,NE,40,31001,4,2,31684,MROW,5A,835823,SPPN,NWPP
Antelope,NE,40,31003,4,2,6329,MROW,5A,835824,SPPN,NWPP
Arthur,NE,39,31005,4,2,469,MROW,5A,835825,SPPN,NWPP
Banner,NE,39,31007,4,2,798,RMPA,5A,835826,RMRG,NWPP
Blaine,NE,40,31009,4,2,484,MROW,5A,835827,SPPN,NWPP
Boone,NE,40,31011,4,2,5332,MROW,5A,835828,SPPN,NWPP
Box Butte,NE,39,31013,4,1,11194,RMPA,5A,835991,SPPN,NWPP
Boyd,NE,40,31015,4,2,1982,MROW,5A,835829,SPPN,NWPP
Brown,NE,40,31017,4,2,2960,MROW,5A,835830,SPPN,NWPP
Buffalo,NE,40,31019,4,2,49383,MROW,5A,835831,SPPN,NWPP
Burt,NE,41,31021,4,2,6546,MROW,5A,835832,SPPN,NWPP
Butler,NE,40,31023,4,2,8052,MROW,5A,835833,SPPN,SPPN
Cass,NE,41,31025,4,2,25767,MROW,5A,835834,SPPN,SPPN
Cedar,NE,40,31027,4,2,8671,MROW,5A,835835,SPPN,SPPN
Chase,NE,39,31029,4,2,3937,MROW,5A,835836,SPPN,SPPN
Cherry,NE,40,31031,4,2,5832,MROW,5A,835837,SPPN,SPPN
Cheyenne,NE,39,31033,4,2,10051,RMPA,5A,835838,RMRG,SPPN
Clay,NE,40,31035,4,2,6163,MROW,5A,835839,SPPN,SPPN
Colfax,NE,41,31037,4,2,10414,MROW,5A,835840,SPPN,SPPN
Cuming,NE,40,31039,4,2,9016,MROW,5A,835841,SPPN,SPPN
Custer,NE,40,31041,4,2,10807,MROW,5A,835842,SPPN,SPPN
Dakota,NE,40,31043,4,2,20465,MROW,5A,835843,SPPN,SPPN
Dawes,NE,39,31045,4,1,8979,RMPA,5A,835844,RMRG,NWPP
Dawson,NE,40,31047,4,2,23640,MROW,5A,835845,SPPN,NWPP
Deuel,NE,39,31049,4,2,1873,RMPA,5A,835846,SPPN,NWPP
Dixon,NE,40,31051,4,2,5762,MROW,5A,835847,SPPN,NWPP
Dodge,NE,41,31053,4,2,36757,MROW,5A,835848,SPPN,NWPP
Douglas,NE,41,31055,4,2,554995,MROW,5A,835849,SPPN,NWPP
Dundy,NE,39,31057,4,2,1831,MROW,5A,835850,SPPN,NWPP
Fillmore,NE,40,31059,4,2,5720,MROW,5A,835851,SPPN,NWPP
Franklin,NE,40,31061,4,2,3014,MROW,5A,835852,SPPN,NWPP
Frontier,NE,40,31063,4,2,2621,MROW,5A,835853,SPPN,NWPP
Furnas,NE,40,31065,4,2,4787,MROW,5A,835854,SPPN,NWPP
Gage,NE,40,31067,4,2,21799,MROW,5A,835855,SPPN,NWPP
Garden,NE,39,31069,4,2,1930,RMPA,5A,835856,SPPN,SPPN
Garfield,NE,40,31071,4,2,2011,MROW,5A,835857,SPPN,SPPN
Gosper,NE,40,31073,4,2,1971,MROW,5A,835858,SPPN,SPPN
Grant,NE,39,31075,4,2,641,MROW,5A,835859,SPPN,SPPN
Greeley,NE,40,31077,4,2,2399,MROW,5A,835860,SPPN,SPPN
Hall,NE,40,31079,4,2,61705,MROW,5A,835861,SPPN,SPPN
Hamilton,NE,40,31081,4,2,9186,MROW,5A,835862,SPPN,SPPN
Harlan,NE,40,31083,4,2,3473,MROW,5A,835863,SPPN,SPPN
Hayes,NE,40,31085,4,2,897,MROW,5A,835864,SPPN,SPPN
Hitchcock,NE,40,31087,4,2,2825,MROW,5A,835865,SPPN,SPPN
Holt,NE,40,31089,4,2,10250,MROW,5A,835866,SPPN,SPPN
Hooker,NE,40,31091,4,2,708,MROW,5A,835867,SPPN,SPPN
Howard,NE,40,31093,4,2,6429,MROW,5A,835868,SPPN,SPPN
Jefferson,NE,40,31095,4,2,7177,MROW,5A,835869,SPPN,SPPN
Johnson,NE,41,31097,4,2,5171,MROW,5A,835870,SPPN,SPPN
Kearney,NE,40,31099,4,2,6552,MROW,5A,835871,SPPN,SPPN
Keith,NE,39,31101,4,2,8018,MROW,5A,835872,SPPN,SPPN
Keya Paha,NE,40,31103,4,2,791,MROW,5A,835873,SPPN,SPPN
Kimball,NE,39,31105,4,2,3679,RMPA,5A,835874,RMRG,SPPN
Knox,NE,40,31107,4,2,8571,MROW,5A,835875,SPPN,SPPN
Lancaster,NE,41,31109,4,2,309637,MROW,5A,835876,SPPN,SPPN
Lincoln,NE,40,31111,4,2,35550,MROW,5A,835877,SPPN,SPPN
Logan,NE,40,31113,4,2,772,MROW,5A,835878,SPPN,SPPN
Loup,NE,40,31115,4,2,591,MROW,5A,835879,SPPN,SPPN
McPherson,NE,40,31117,4,2,493,MROW,5A,835881,SPPN,SPPN
Madison,NE,40,31119,4,2,35015,MROW,5A,835880,SPPN,SPPN
Merrick,NE,40,31121,4,2,7828,MROW,5A,835882,SPPN,SPPN
Morrill,NE,39,31123,4,2,4787,RMPA,5A,835883,SPPN,SPPN
Nance,NE,40,31125,4,2,3576,MROW,5A,835884,SPPN,SPPN
Nemaha,NE,41,31127,4,2,6971,MROW,5A,835885,SPPN,SPPN
Nuckolls,NE,40,31129,4,2,4265,MROW,5A,835886,SPPN,SPPN
Otoe,NE,41,31131,4,2,16081,MROW,5A,835887,SPPN,SPPN
Pawnee,NE,41,31133,4,2,2652,MROW,5A,835888,SPPN,SPPN
Perkins,NE,39,31135,4,2,2898,MROW,5A,835889,SPPN,SPPN
Phelps,NE,40,31137,4,2,9266,MROW,5A,835890,SPPN,SPPN
Pierce,NE,40,31139,4,2,7159,MROW,5A,835891,SPPN,SPPN
Platte,NE,40,31141,4,2,32861,MROW,5A,835892,SPPN,SPPN
Polk,NE,40,31143,4,2,5203,MROW,5A,835893,SPPN,SPPN
Red Willow,NE,40,31145,4,2,10722,MROW,5A,835894,SPPN,SPPN
Richardson,NE,41,31147,4,2,8060,MROW,5A,835895,SPPN,SPPN
Rock,NE,40,31149,4,2,1390,MROW,5A,835896,SPPN,SPPN
Saline,NE,40,31151,4,2,14331,MROW,5A,835897,SPPN,SPPN
Sarpy,NE,41,31153,4,2,179023,MROW,5A,835898,SPPN,SPPN
Saunders,NE,41,31155,4,2,21038,MROW,5A,835899,SPPN,SPPN
Scotts Bluff,NE,39,31157,4,2,36422,RMPA,5A,835900,SPPN,SPPN
Seward,NE,40,31159,4,2,17284,MROW,5A,835901,SPPN,SPPN
Sheridan,NE,39,31161,4,1,5234,RMPA,5A,835902,SPPN,SPPN
Sherman,NE,40,31163,4,2,3054,MROW,5A,835903,SPPN,SPPN
Sioux,NE,39,31165,4,1,1242,RMPA,5A,835904,RMRG,SPPN
Stanton,NE,40,31167,4,2,5944,MROW,5A,835905,SPPN,SPPN
Thayer,NE,40,31169,4,2,5101,MROW,5A,835906,SPPN,SPPN
Thomas,NE,40,31171,4,2,716,MROW,5A,835907,SPPN,SPPN
Thurston,NE,40,31173,4,2,7127,MROW,5A,835908,SPPN,SPPN
Valley,NE,40,31175,4,2,4184,MROW,5A,835909,SPPN,SPPN
Washington,NE,41,31177,4,2,20603,MROW,5A,835910,SPPN,SPPN
Wayne,NE,40,31179,4,2,9365,MROW,5A,835911,SPPN,SPPN
Webster,NE,40,31181,4,2,3603,MROW,5A,835912,SPPN,SPPN
Wheeler,NE,40,31183,4,2,776,MROW,5A,835913,SPPN,SPPN
York,NE,40,31185,4,2,13794,MROW,5A,835914,SPPN,SPPN
Churchill,NV,12,32001,8,2,24198,NWPP,5B,858638,BASN,SPPN
Clark,NV,13,32003,8,5,2155664,AZNM,3B,863600,BASN,SPPN
Douglas,NV,12,32005,8,2,48020,NWPP,5B,858643,BASN,SPPN
Elko,NV,12,32007,8,1,52168,NWPP,5B,857664,BASN,SPPN
Esmeralda,NV,12,32009,8,2,790,NWPP,5B,858641,BASN,SPPN
Eureka,NV,12,32011,8,1,1917,NWPP,5B,858640,BASN,SPPN
Humboldt,NV,12,32013,8,2,16842,NWPP,5B,863310,BASN,SPPN
Lander,NV,12,32015,8,2,5702,NWPP,5B,863368,BASN,SPPN
Lincoln,NV,12,32017,8,2,5055,NWPP,5B,863992,BASN,SPPN
Lyon,NV,12,32019,8,2,53179,NWPP,5B,858645,BASN,SPPN
Mineral,NV,12,32021,8,2,4449,NWPP,5B,858644,BASN,SPPN
Nye,NV,12,32023,8,5,43423,NWPP,5B,863599,BASN,SPPN
Pershing,NV,12,32027,8,2,6560,NWPP,5B,858646,BASN,SPPN
Storey,NV,12,32029,8,2,4051,NWPP,5B,858642,BASN,SPPN
Washoe,NV,12,32031,8,2,453616,NWPP,5B,858608,BASN,SPPN
White Pine,NV,12,32033,8,1,9682,NWPP,5B,858615,BASN,SPPN
Carson City,NV,12,32510,8,2,54742,NWPP,5B,863219,BASN,SPPN
Belknap,NH,130,33001,1,1,60779,NEWE,6A,873174,ISNE,SPPN
Carroll,NH,130,33003,1,1,47289,NEWE,6A,873175,ISNE,SPPN
Cheshire,NH,130,33005,1,1,75774,NEWE,5A,873176,ISNE,SPPN
Coos,NH,130,33007,1,1,32039,NEWE,6A,873177,ISNE,SPPN
Grafton,NH,130,33009,1,1,88888,NEWE,6A,873178,ISNE,SPPN
Hillsborough,NH,130,33011,1,1,407761,NEWE,5A,873179,ISNE,SPPN
Merrimack,NH,130,33013,1,1,148582,NEWE,6A,873180,ISNE,SPPN
Rockingham,NH,130,33015,1,1,303251,NEWE,5A,873181,ISNE,SPPN
Strafford,NH,130,33017,1,1,127428,NEWE,5A,873182,ISNE,SPPN
Sullivan,NH,130,33019,1,1,43004,NEWE,6A,873183,ISNE,SPPN
Atlantic,NJ,126,34001,2,3,270991,RFCE,4A,882270,PJME,SPPN
Bergen,NJ,126,34003,2,2,939151,RFCE,5A,882271,PJME,SPPN
Burlington,NJ,126,34005,2,3,449284,RFCE,4A,882272,PJME,SPPN
Camden,NJ,126,34007,2,3,510150,RFCE,4A,882273,PJME,SPPN
Cape May,NJ,126,34009,2,3,94430,RFCE,4A,882274,PJME,SPPN
Cumberland,NJ,126,34011,2,3,153797,RFCE,4A,882275,PJME,SPPN
Essex,NJ,126,34013,2,3,796914,RFCE,4A,882276,PJME,SPPN
Gloucester,NJ,126,34015,2,3,292330,RFCE,4A,882277,PJME,BASN
Hudson,NJ,126,34017,2,3,677983,RFCE,4A,882278,PJME,BASN
Hunterdon,NJ,126,34019,2,2,124676,RFCE,5A,882228,PJME,BASN
Mercer,NJ,126,34021,2,3,371023,RFCE,5A,882229,PJME,BASN
Middlesex,NJ,126,34023,2,3,837073,RFCE,4A,882230,PJME,BASN
Monmouth,NJ,126,34025,2,3,625846,RFCE,4A,882910,PJME,BASN
Morris,NJ,126,34027,2,2,498423,RFCE,5A,882231,PJME,BASN
Ocean,NJ,126,34029,2,3,592497,RFCE,4A,882279,PJME,BASN
Passaic,NJ,126,34031,2,2,507945,RFCE,5A,882232,PJME,BASN
Salem,NJ,126,34033,2,3,63436,RFCE,4A,882233,PJME,BASN
Somerset,NJ,126,34035,2,2,333751,RFCE,5A,882234,PJME,BASN
Sussex,NJ,126,34037,2,2,142522,RFCE,5A,882236,PJME,BASN
Union,NJ,126,34039,2,3,555630,RFCE,4A,882235,PJME,BASN
Warren,NJ,126,34041,2,2,106617,RFCE,5A,882237,PJME,BASN
Bernalillo,NM,31,35001,8,3,676953,AZNM,4B,1702363,SRSG,BASN
Catron,NM,31,35003,8,3,3508,AZNM,5B,929108,SRSG,BASN
Chaves,NM,47,35005,8,4,65282,SPSO,3B,1702364,SPPS,BASN
Cibola,NM,31,35006,8,2,27487,AZNM,4B,933051,SRSG,ISNE
Colfax,NM,31,35007,8,2,12253,AZNM,5B,929117,SRSG,ISNE
Curry,NM,47,35009,8,3,50280,SPSO,4B,933053,SPPS,ISNE
De Baca,NM,31,35011,8,3,1793,SPSO,4B,933054,SRSG,ISNE
Dona Ana,NM,31,35013,8,4,214207,AZNM,3B,929109,SRSG,ISNE
Eddy,NM,47,35015,8,4,57621,SPSO,3B,936829,SPPS,ISNE
Grant,NM,31,35017,8,3,28280,AZNM,4B,915980,SRSG,ISNE
Guadalupe,NM,31,35019,8,3,4376,AZNM,4B,929111,SRSG,ISNE
Harding,NM,31,35021,8,3,665,AZNM,5B,933055,SRSG,ISNE
Hidalgo,NM,31,35023,8,4,4302,AZNM,3B,929106,SRSG,ISNE
Lea,NM,47,35025,8,4,69749,SPSO,3B,1702365,SPPS,PJME
Lincoln,NM,31,35027,8,3,19429,AZNM,4B,929116,SRSG,PJME
Los Alamos,NM,31,35028,8,2,18147,AZNM,5B,1702366,SRSG,PJME
Luna,NM,31,35029,8,4,24450,AZNM,3B,933057,SRSG,PJME
McKinley,NM,31,35031,8,2,74923,AZNM,5B,929107,SRSG,PJME
Mora,NM,31,35033,8,1,4504,AZNM,5B,1702367,SRSG,PJME
Otero,NM,31,35035,8,4,65410,AZNM,3B,929104,SRSG,PJME
Quay,NM,47,35037,8,4,8365,SPSO,4B,929110,SPPS,PJME
Rio Arriba,NM,31,35039,8,2,40040,AZNM,5B,1702368,SRSG,PJME
Roosevelt,NM,47,35041,8,4,19082,SPSO,4B,1702369,SPPS,PJME
Sandoval,NM,31,35043,8,2,142025,AZNM,5B,929113,SRSG,PJME
San Juan,NM,31,35045,8,2,115079,AZNM,5B,936844,RMRG,PJME
San Miguel,NM,31,35047,8,2,27760,AZNM,5B,929114,SRSG,PJME
Santa Fe,NM,31,35049,8,2,148651,AZNM,5B,933322,SRSG,PJME
Sierra,NM,31,35051,8,4,11191,AZNM,4B,1702370,SRSG,PJME
Socorro,NM,31,35053,8,3,17027,AZNM,4B,1702371,SRSG,PJME
Taos,NM,31,35055,8,1,33065,AZNM,5B,933056,SRSG,PJME
Torrance,NM,31,35057,8,3,15302,AZNM,5B,929112,SRSG,PJME
Union,NM,31,35059,8,3,4183,AZNM,4B,929115,SRSG,PJME
Valencia,NM,31,35061,8,3,75626,AZNM,4B,933052,SRSG,PJME
Albany,NY,127,36001,2,2,308846,NYUP,5A,974099,NYUP,PJME
Allegany,NY,127,36003,2,1,47077,NYUP,6A,974100,NYUP,SRSG
Bronx,NY,127,36005,2,3,1455720,NYCW,4A,974101,NYCW,SRSG
Broome,NY,127,36007,2,1,195334,NYUP,6A,974102,NYUP,SRSG
Cattaraugus,NY,127,36009,2,1,77677,NYUP,6A,974103,NYUP,SRSG
Cayuga,NY,127,36011,2,2,77861,NYUP,5A,974104,NYUP,SRSG
Chautauqua,NY,127,36013,2,2,129504,NYUP,5A,974105,NYUP,SRSG
Chemung,NY,127,36015,2,2,86322,NYUP,5A,974106,NYUP,SRSG
Chenango,NY,127,36017,2,1,48579,NYUP,6A,974107,NYUP,SRSG
Clinton,NY,127,36019,2,1,81073,NEWE,6A,974108,NYUP,SRSG
Columbia,NY,127,36021,2,2,60989,NEWE,5A,974109,NYUP,SRSG
Cortland,NY,127,36023,2,1,48070,NYUP,5A,974110,NYUP,SRSG
Delaware,NY,127,36025,2,1,45523,NYUP,6A,974111,NYUP,SRSG
Dutchess,NY,127,36027,2,2,294473,NEWE,5A,974112,NYUP,SRSG
Erie,NY,127,36029,2,2,921046,NYUP,5A,974113,NYUP,SRSG
Essex,NY,127,36031,2,1,38102,NEWE,6A,974114,NYUP,SRSG
Franklin,NY,127,36033,2,1,50409,NYUP,6A,974115,NYUP,SRSG
Fulton,NY,127,36035,2,1,53828,NYUP,6A,974116,NYUP,SRSG
Genesee,NY,127,36037,2,2,58482,NYUP,5A,974117,NYUP,SRSG
Greene,NY,127,36039,2,2,47508,NYUP,5A,974118,NYUP,SRSG
Hamilton,NY,127,36041,2,1,4542,NYUP,6A,974119,NYUP,SRSG
Herkimer,NY,127,36043,2,2,62613,NYUP,6A,974120,NYUP,SRSG
Jefferson,NY,127,36045,2,1,114006,NYUP,6A,974121,NYUP,SRSG
Kings,NY,127,36047,2,3,2629150,NYCW,4A,974122,NYCW,SRSG
Lewis,NY,127,36049,2,1,26865,NYUP,6A,974123,NYUP,SRSG
Livingston,NY,127,36051,2,2,64257,NYUP,5A,974124,NYUP,SRSG
Madison,NY,127,36053,2,1,71329,NYUP,6A,974125,NYUP,SRSG
Monroe,NY,127,36055,2,2,747727,NYUP,5A,974126,NYUP,SRSG
Montgomery,NY,127,36057,2,1,49276,NYUP,6A,974127,NYUP,SPPS
Nassau,NY,128,36059,2,3,1361500,NYLI,4A,974128,NYCW,SPPS
New York,NY,127,36061,2,3,1643734,NYCW,4A,974129,NYCW,SPPS
Niagara,NY,127,36063,2,2,211758,NYUP,5A,974130,NYUP,SPPS
Oneida,NY,127,36065,2,1,231190,NYUP,6A,974131,NYUP,SPPS
Onondaga,NY,127,36067,2,2,466194,NYUP,5A,974132,NYUP,SPPS
Ontario,NY,127,36069,2,2,109828,NYUP,5A,974133,NYUP,NYUP
Orange,NY,127,36071,2,2,379210,NYUP,5A,974134,NYUP,NYUP
Orleans,NY,127,36073,2,2,41346,NYUP,5A,974135,NYUP,NYUP
Oswego,NY,127,36075,2,2,118987,NYUP,5A,974136,NYUP,NYUP
Otsego,NY,127,36077,2,1,60097,NYUP,6A,974137,NYUP,NYUP
Putnam,NY,127,36079,2,2,98900,NEWE,5A,974138,NYUP,NYUP
Queens,NY,127,36081,2,3,2333054,NYCW,4A,974139,NYCW,NYUP
Rensselaer,NY,127,36083,2,2,160070,NEWE,5A,974140,NYUP,NYUP
Richmond,NY,127,36085,2,3,476015,NYCW,4A,974141,PJME,NYUP
Rockland,NY,127,36087,2,2,326780,NYCW,5A,974142,NYUP,NYUP
St. Lawrence,NY,127,36089,2,1,110038,NYUP,6A,977309,NYUP,NYUP
Saratoga,NY,127,36091,2,1,227053,NYUP,5A,974143,NYUP,NYUP
Schenectady,NY,127,36093,2,2,154553,NYUP,5A,974144,NYUP,NYUP
Schoharie,NY,127,36095,2,1,31317,NYUP,6A,974145,NYUP,NYUP
Schuyler,NY,127,36097,2,1,18099,NYUP,6A,974146,NYUP,NYUP
Seneca,NY,127,36099,2,2,34777,NYUP,5A,974147,NYUP,NYUP
Steuben,NY,127,36101,2,1,96940,NYUP,6A,974148,NYUP,NYUP
Suffolk,NY,128,36103,2,2,1492583,NYLI,4A,974149,NYCW,NYUP
Sullivan,NY,127,36105,2,1,74801,NYUP,6A,974150,NYUP,NYUP
Tioga,NY,127,36107,2,1,48760,NYUP,5A,974151,NYUP,NYUP
Tompkins,NY,127,36109,2,1,104871,NYUP,6A,974152,NYUP,NYUP
Ulster,NY,127,36111,2,2,179225,NYUP,6A,974153,NYUP,NYUP
Warren,NY,127,36113,2,1,64567,NYUP,6A,974154,NYUP,NYUP
Washington,NY,127,36115,2,1,61800,NEWE,5A,974155,NYUP,NYUP
Wayne,NY,127,36117,2,2,90798,NYUP,5A,974156,NYUP,NYUP
Westchester,NY,127,36119,2,3,974542,NYCW,4A,974157,NYCW,NYUP
Wyoming,NY,127,36121,2,1,40791,NYUP,6A,974158,NYUP,NYUP
Yates,NY,127,36123,2,2,24923,NYUP,5A,974159,NYUP,NYUP
Alamance,NC,98,37001,5,4,159688,SRVC,4A,1008531,SRCA,NYUP
Alexander,NC,97,37003,5,4,37428,SRCE,4A,1008532,SRCA,NYUP
Alleghany,NC,97,37005,5,3,10848,SRVC,5A,1008533,SRCA,NYUP
Anson,NC,97,37007,5,4,25448,SRVC,3A,1008534,SRCA,NYUP
Ashe,NC,97,37009,5,3,26924,SRVC,5A,1008535,SRCA,NYUP
Avery,NC,97,37011,5,3,17516,SRCE,5A,1008536,SRCA,NYUP
Beaufort,NC,98,37013,5,4,47526,SRVC,3A,1026333,PJMD,NYUP
Bertie,NC,98,37015,5,4,19854,SRVC,4A,1026334,PJMD,NYUP
Bladen,NC,98,37017,5,4,33741,SRVC,3A,1026336,SRCA,NYUP
Brunswick,NC,98,37019,5,4,126953,SRVC,3A,1026340,SRCA,NYUP
Buncombe,NC,97,37021,5,3,256088,SRCE,4A,1008538,SRCA,NYUP
Burke,NC,97,37023,5,4,88851,SRCE,4A,1008539,SRCA,NYUP
Cabarrus,NC,97,37025,5,4,201590,SRVC,3A,1008540,SRCA,NYUP
Caldwell,NC,97,37027,5,4,81449,SRCE,4A,1008541,SRCA,NYUP
Camden,NC,98,37029,5,4,10418,SRVC,3A,1026335,PJMD,NYUP
Carteret,NC,98,37031,5,4,68890,SRVC,3A,1026337,SRCA,NYUP
Caswell,NC,98,37033,5,4,22910,SRVC,4A,1008542,SRCA,NYUP
Catawba,NC,97,37035,5,4,156459,SRVC,4A,1008543,SRCA,NYUP
Chatham,NC,98,37037,5,4,72243,SRVC,4A,1008544,SRCA,NYUP
Cherokee,NC,97,37039,5,3,27905,SRCE,4A,1008545,SRCA,NYUP
Chowan,NC,98,37041,5,4,14383,SRVC,3A,1025822,PJMD,NYUP
Clay,NC,97,37043,5,3,10915,SRSE,4A,1008546,SRCA,NYUP
Cleveland,NC,97,37045,5,4,97144,SRCE,4A,1008547,SRCA,NYUP
Columbus,NC,98,37047,5,4,56505,SRVC,3A,1026339,SRCA,NYUP
Craven,NC,98,37049,5,4,103445,SRVC,3A,1026123,SRCA,NYUP
Cumberland,NC,98,37051,5,4,327127,SRVC,3A,1026124,SRCA,NYUP
Currituck,NC,98,37053,5,4,25809,SRVC,3A,1026125,PJMD,NYUP
Dare,NC,98,37055,5,4,35964,SRVC,3A,1026133,PJMD,NYUP
Davidson,NC,97,37057,5,4,164926,SRVC,3A,1008548,SRCA,NYUP
Davie,NC,97,37059,5,4,42013,SRVC,4A,1008549,SRCA,NYUP
Duplin,NC,98,37061,5,4,58969,SRVC,3A,1026132,SRCA,NYUP
Durham,NC,98,37063,5,4,306212,SRVC,4A,1008550,SRCA,NYUP
Edgecombe,NC,98,37065,5,4,53318,SRVC,3A,1008551,PJMD,NYCW
Forsyth,NC,97,37067,5,4,371511,SRVC,4A,1008552,SRCA,NYCW
Franklin,NC,98,37069,5,4,64705,SRVC,4A,1008553,SRCA,SRCA
Gaston,NC,97,37071,5,4,216965,SRVC,3A,1008554,SRCA,SRCA
Gates,NC,98,37073,5,4,11478,SRVC,4A,1026126,PJMD,SRCA
Graham,NC,97,37075,5,3,8558,SRCE,4A,1008555,SRCA,SRCA
Granville,NC,98,37077,5,4,59031,SRVC,4A,1008556,PJMD,SRCA
Greene,NC,98,37079,5,4,21168,SRVC,3A,1008557,SRCA,SRCA
Guilford,NC,97,37081,5,4,521330,SRVC,4A,1008558,SRCA,SRCA
Halifax,NC,98,37083,5,4,51766,SRVC,4A,1008559,PJMD,SRCA
Harnett,NC,98,37085,5,4,130881,SRVC,4A,1008560,SRCA,SRCA
Haywood,NC,97,37087,5,3,60682,SRCE,4A,1008561,SRCA,SRCA
Henderson,NC,97,37089,5,3,114209,SRCE,4A,1008562,SRCA,SRCA
Hertford,NC,98,37091,5,4,24136,SRVC,4A,1026127,PJMD,SRCA
Hoke,NC,98,37093,5,4,53262,SRVC,3A,1008563,SRCA,SRCA
Hyde,NC,98,37095,5,4,5517,SRVC,3A,1008564,PJMD,SRCA
Iredell,NC,97,37097,5,4,172916,SRVC,4A,1008565,SRCA,SRCA
Jackson,NC,97,37099,5,3,42241,SRSE,4A,1008566,SRCA,SRCA
Johnston,NC,98,37101,5,4,191450,SRVC,3A,1026327,SRCA,SRCA
Jones,NC,98,37103,5,4,9845,SRVC,3A,1026338,SRCA,SRCA
Lee,NC,98,37105,5,4,59616,SRVC,4A,1008567,SRCA,SRCA
Lenoir,NC,98,37107,5,4,57307,SRVC,3A,1008568,SRCA,SRCA
Lincoln,NC,97,37109,5,4,81168,SRVC,4A,1008569,SRCA,SRCA
McDowell,NC,97,37111,5,4,45075,SRCE,4A,1025836,SRCA,SRCA
Macon,NC,97,37113,5,3,34376,SRSE,4A,1025833,SRCA,SRCA
Madison,NC,97,37115,5,3,21340,SRCE,4A,1025834,SRCA,SRCA
Martin,NC,98,37117,5,4,23172,SRVC,3A,1026328,PJMD,SRCA
Mecklenburg,NC,97,37119,5,4,1054835,SRVC,3A,1008570,SRCA,SRCA
Mitchell,NC,97,37121,5,3,15126,SRCE,5A,1008571,SRCA,SRCA
Montgomery,NC,98,37123,5,4,27418,SRVC,3A,1008572,SRCA,SRCA
Moore,NC,98,37125,5,4,95776,SRVC,3A,1008573,SRCA,SRCA
Nash,NC,98,37127,5,4,94005,SRVC,4A,1008574,PJMD,SRCA
New Hanover,NC,98,37129,5,4,223483,SRVC,3A,1026329,SRCA,SRCA
Northampton,NC,98,37131,5,4,20000,SRVC,4A,1008575,PJMD,SRCA
Onslow,NC,98,37133,5,4,187136,SRVC,3A,1026341,SRCA,SRCA
Orange,NC,98,37135,5,4,141796,SRVC,4A,1008576,SRCA,SRCA
Pamlico,NC,98,37137,5,4,12821,SRVC,3A,1023355,SRCA,SRCA
Pasquotank,NC,98,37139,5,4,39864,SRVC,3A,1026330,PJMD,SRCA
Pender,NC,98,37141,5,4,59090,SRVC,3A,1026129,SRCA,SRCA
Perquimans,NC,98,37143,5,4,13335,SRVC,3A,1025841,PJMD,SRCA
Person,NC,98,37145,5,4,39284,SRVC,4A,1008577,PJMD,SRCA
Pitt,NC,98,37147,5,4,177220,SRVC,3A,1008578,PJMD,SRCA
Polk,NC,97,37149,5,4,20334,SRVC,4A,1008579,SRCA,SRCA
Randolph,NC,97,37151,5,4,143416,SRVC,3A,1008580,SRCA,SRCA
Richmond,NC,98,37153,5,4,44939,SRVC,3A,1008581,SRCA,SRCA
Robeson,NC,98,37155,5,4,133235,SRVC,3A,1026130,SRCA,SRCA
Rockingham,NC,97,37157,5,4,91393,SRVC,4A,1008582,SRCA,SRCA
Rowan,NC,97,37159,5,4,139933,SRVC,3A,1008583,SRCA,SRCA
Rutherford,NC,97,37161,5,4,66421,SRCE,4A,1008584,SRCA,SRCA
Sampson,NC,98,37163,5,4,63124,SRVC,3A,1026131,SRCA,SRCA
Scotland,NC,98,37165,5,4,35244,SRVC,3A,1008585,SRCA,SRCA
Stanly,NC,97,37167,5,4,60791,SRVC,3A,1025844,SRCA,SRCA
Stokes,NC,97,37169,5,3,46097,SRVC,4A,1008586,SRCA,SRCA
Surry,NC,97,37171,5,3,72113,SRVC,4A,1008587,SRCA,SRCA
Swain,NC,97,37173,5,3,14346,SRCE,4A,1008588,SRCA,SRCA
Transylvania,NC,97,37175,5,3,33482,SRCE,4A,1008589,SRCA,SRCA
Tyrrell,NC,98,37177,5,4,4141,SRVC,3A,1026332,PJMD,SRCA
Union,NC,97,37179,5,4,226606,SRVC,3A,1008590,SRCA,SRCA
Vance,NC,98,37181,5,4,44244,SRVC,4A,1008591,SRCA,SRCA
Wake,NC,98,37183,5,4,1046791,SRVC,4A,1008592,SRCA,SRCA
Warren,NC,98,37185,5,4,19907,SRVC,4A,1008593,PJMD,SRCA
Washington,NC,98,37187,5,4,12195,SRVC,3A,1026331,PJMD,SRCA
Watauga,NC,97,37189,5,3,53922,SRCE,5A,1008594,SRCA,SRCA
Wayne,NC,98,37191,5,4,124150,SRVC,3A,1026128,SRCA,SRCA
Wilkes,NC,97,37193,5,3,68740,SRCE,4A,1008595,SRCA,SRCA
Wilson,NC,98,37195,5,4,81661,SRVC,3A,1008596,SRCA,SRCA
Yadkin,NC,97,37197,5,4,37532,SRVC,4A,1008597,SRCA,SRCA
Yancey,NC,97,37199,5,3,17678,SRCE,5A,1008598,SRCA,SRCA
Adams,ND,36,38001,4,1,2305,MROW,6A,1034210,SPPN,SRCA
Barnes,ND,37,38003,4,1,10926,MROW,7,1034225,SPPN,SRCA
Benson,ND,37,38005,4,1,6739,MROW,7,1034216,SPPN,SRCA
Billings,ND,36,38007,4,1,934,MROW,6A,1035616,SPPN,SRCA
Bottineau,ND,37,38009,4,1,6579,MROW,7,1034227,SPPN,SRCA
Bowman,ND,36,38011,4,1,3241,MROW,6A,1035619,SPPN,SRCA
Burke,ND,36,38013,4,1,2198,MROW,7,1034235,SPPN,SRCA
Burleigh,ND,36,38015,4,1,94487,MROW,6A,1035614,SPPN,SRCA
Cass,ND,37,38017,4,1,175249,MROW,7,1034226,SPPN,SRCA
Cavalier,ND,37,38019,4,1,3827,MROW,7,1035304,MISW,SRCA
Dickey,ND,36,38021,4,1,5064,MROW,6A,1035622,SPPN,SRCA
Divide,ND,36,38023,4,1,2413,MROW,7,1034234,SPPN,SRCA
Dunn,ND,36,38025,4,1,4366,MROW,6A,1035623,SPPN,SRCA
Eddy,ND,37,38027,4,1,2358,MROW,7,1034222,SPPN,SRCA
Emmons,ND,36,38029,4,1,3346,MROW,6A,1035615,SPPN,SRCA
Foster,ND,37,38031,4,1,3303,MROW,7,1034223,SPPN,SRCA
Golden Valley,ND,36,38033,4,1,1817,MROW,6A,1035617,SPPN,SRCA
Grand Forks,ND,37,38035,4,1,71083,MROW,7,1034218,SPPN,SRCA
Grant,ND,36,38037,4,1,2377,MROW,6A,1035300,SPPN,SRCA
Griggs,ND,37,38039,4,1,2277,MROW,7,1034219,SPPN,SRCA
Hettinger,ND,36,38041,4,1,2629,MROW,6A,1034209,SPPN,SRCA
Kidder,ND,37,38043,4,1,2414,MROW,7,1034206,SPPN,SRCA
LaMoure,ND,37,38045,4,1,4111,MROW,6A,1035621,SPPN,SRCA
Logan,ND,36,38047,4,1,1941,MROW,6A,1035620,SPPN,SRCA
McHenry,ND,37,38049,4,1,5963,MROW,7,1035305,SPPN,SRCA
McIntosh,ND,36,38051,4,1,2656,MROW,6A,1034211,SPPN,SRCA
McKenzie,ND,36,38053,4,1,12621,MROW,6A,1035299,SPPN,SRCA
McLean,ND,37,38055,4,1,9729,MROW,7,1034232,SPPN,SRCA
Mercer,ND,36,38057,4,1,8694,MROW,6A,1034233,SPPN,SRCA
Morton,ND,36,38059,4,1,30809,MROW,6A,1034207,SPPN,SRCA
Mountrail,ND,36,38061,4,1,10242,MROW,7,1035307,SPPN,SRCA
Nelson,ND,37,38063,4,1,2960,MROW,7,1034217,SPPN,SRCA
Oliver,ND,36,38065,4,1,1870,MROW,6A,1034205,SPPN,SRCA
Pembina,ND,37,38067,4,1,7069,MROW,7,1034212,MISW,SRCA
Pierce,ND,37,38069,4,1,4267,MROW,7,1034230,SPPN,SPPN
Ramsey,ND,37,38071,4,1,11547,MROW,7,1034215,SPPN,SPPN
Ransom,ND,37,38073,4,1,5404,MROW,6A,1035301,SPPN,SPPN
Renville,ND,36,38075,4,1,2550,MROW,7,1034229,SPPN,SPPN
Richland,ND,37,38077,4,1,16353,MROW,6A,1035302,SPPN,SPPN
Rolette,ND,37,38079,4,1,14659,MROW,7,1034228,MISW,SPPN
Sargent,ND,37,38081,4,1,3890,MROW,6A,1035303,SPPN,SPPN
Sheridan,ND,37,38083,4,1,1322,MROW,7,1034203,SPPN,SPPN
Sioux,ND,36,38085,4,1,4469,MROW,6A,1034208,SPPN,SPPN
Slope,ND,36,38087,4,1,763,MROW,6A,1035896,SPPN,SPPN
Stark,ND,36,38089,4,1,31199,MROW,6A,1035618,SPPN,SPPN
Steele,ND,37,38091,4,1,1962,MROW,7,1034220,SPPN,SPPN
Stutsman,ND,37,38093,4,1,21128,MROW,7,1034224,SPPN,SPPN
Towner,ND,37,38095,4,1,2263,MROW,7,1034213,SPPN,SPPN
Traill,ND,37,38097,4,1,8030,MROW,7,1034221,SPPN,SPPN
Walsh,ND,37,38099,4,1,10904,MROW,7,1034214,MISW,SPPN
Ward,ND,37,38101,4,1,70210,MROW,7,1034231,SPPN,SPPN
Wells,ND,37,38103,4,1,4098,MROW,7,1034204,SPPN,SPPN
Williams,ND,36,38105,4,1,34337,MROW,7,1035306,MISW,SPPN
Adams,OH,112,39001,3,3,27907,RFCW,4A,1074014,PJMW,SPPN
Allen,OH,112,39003,3,2,103742,RFCW,5A,1074015,PJMW,SPPN
Ashland,OH,112,39005,3,2,53652,RFCW,5A,1074016,PJMW,SPPN
Ashtabula,OH,111,39007,3,2,98231,RFCE,5A,1074017,PJMW,SPPN
Athens,OH,112,39009,3,3,66186,RFCW,5A,1074018,PJMW,SPPN
Auglaize,OH,112,39011,3,2,45894,RFCW,5A,1074019,PJMW,SPPN
Belmont,OH,112,39013,3,2,68673,RFCW,5A,1065575,PJMW,SPPN
Brown,OH,114,39015,3,3,43759,RFCW,4A,1074020,PJMW,SPPN
Butler,OH,114,39017,3,2,377537,RFCW,5A,1074021,PJMW,SPPN
Carroll,OH,112,39019,3,2,27669,RFCW,5A,1074022,PJMW,SPPN
Champaign,OH,112,39021,3,2,38747,RFCW,5A,1074023,PJMW,SPPN
Clark,OH,113,39023,3,2,134786,RFCW,5A,1074024,PJMW,SPPN
Clermont,OH,114,39025,3,3,203022,RFCW,4A,1074025,PJMW,SPPN
Clinton,OH,113,39027,3,2,41902,RFCW,5A,1074026,PJMW,SPPN
Columbiana,OH,111,39029,3,2,103685,RFCW,5A,1074027,PJMW,SPPN
Coshocton,OH,112,39031,3,2,36602,RFCW,5A,1074028,PJMW,SPPN
Crawford,OH,112,39033,3,2,42083,RFCW,5A,1074029,PJMW,SPPN
Cuyahoga,OH,111,39035,3,2,1249352,RFCW,5A,1074030,PJMW,SPPN
Darke,OH,112,39037,3,2,51778,RFCW,5A,1074031,PJMW,SPPN
Defiance,OH,112,39039,3,2,38158,RFCW,5A,1074032,PJMW,SPPN
Delaware,OH,112,39041,3,2,196463,RFCW,5A,1074033,PJMW,SPPN
Erie,OH,111,39043,3,2,75107,RFCW,5A,1074034,PJMW,SPPN
Fairfield,OH,112,39045,3,2,152597,RFCW,5A,1074035,PJMW,SPPN
Fayette,OH,113,39047,3,2,28676,RFCW,5A,1074036,PJMW,SPPN
Franklin,OH,112,39049,3,2,1264518,RFCW,5A,1074037,PJMW,SPPN
Fulton,OH,111,39051,3,2,42514,RFCM,5A,1074038,PJMW,SPPN
Gallia,OH,112,39053,3,3,30015,RFCW,4A,1074039,PJMW,SPPN
Geauga,OH,111,39055,3,2,94060,RFCW,5A,1074040,PJMW,SPPN
Greene,OH,113,39057,3,2,164765,RFCW,5A,1074041,PJMW,SPPN
Guernsey,OH,112,39059,3,2,39063,RFCW,5A,1074042,PJMW,SPPN
Hamilton,OH,114,39061,3,3,809099,RFCW,4A,1074043,PJMW,SPPN
Hancock,OH,112,39063,3,2,75872,RFCW,5A,1074044,PJMW,SPPN
Hardin,OH,112,39065,3,2,31474,RFCW,5A,1074045,PJMW,SPPN
Harrison,OH,112,39067,3,2,15307,RFCW,5A,1074046,PJMW,SPPN
Henry,OH,112,39069,3,2,27629,RFCM,5A,1074047,PJMW,PJMW
Highland,OH,112,39071,3,3,43029,RFCW,5A,1074048,PJMW,PJMW
Hocking,OH,112,39073,3,2,28340,RFCW,5A,1074049,PJMW,PJMW
Holmes,OH,112,39075,3,2,43936,RFCW,5A,1074050,PJMW,PJMW
Huron,OH,112,39077,3,2,58439,RFCW,5A,1074051,PJMW,PJMW
Jackson,OH,112,39079,3,3,32505,RFCW,5A,1074052,PJMW,PJMW
Jefferson,OH,112,39081,3,2,66704,RFCW,5A,1074053,PJMW,PJMW
Knox,OH,112,39083,3,2,60814,RFCW,5A,1074054,PJMW,PJMW
Lake,OH,111,39085,3,2,228614,RFCW,5A,1074055,PJMW,PJMW
Lawrence,OH,112,39087,3,3,60872,RFCW,4A,1074056,PJMW,PJMW
Licking,OH,112,39089,3,2,172198,RFCW,5A,1074057,PJMW,PJMW
Logan,OH,112,39091,3,2,45165,RFCW,5A,1074058,PJMW,PJMW
Lorain,OH,111,39093,3,2,306365,RFCW,5A,1074059,PJMW,PJMW
Lucas,OH,111,39095,3,2,432488,RFCM,5A,1074060,PJMW,PJMW
Madison,OH,113,39097,3,2,43419,RFCW,5A,1074061,PJMW,PJMW
Mahoning,OH,111,39099,3,2,230008,RFCW,5A,1074062,PJMW,PJMW
Marion,OH,112,39101,3,2,65096,RFCW,5A,1074063,PJMW,PJMW
Medina,OH,111,39103,3,2,177221,RFCW,5A,1074064,PJMW,PJMW
Meigs,OH,112,39105,3,3,23125,RFCW,5A,1074065,PJMW,PJMW
Mercer,OH,112,39107,3,2,40909,RFCW,5A,1074066,PJMW,PJMW
Miami,OH,113,39109,3,2,104679,RFCW,5A,1074067,PJMW,PJMW
Monroe,OH,112,39111,3,2,14210,RFCW,5A,1074068,PJMW,PJMW
Montgomery,OH,113,39113,3,2,531239,RFCW,5A,1074069,PJMW,PJMW
Morgan,OH,112,39115,3,2,14804,RFCW,5A,1074070,PJMW,PJMW
Morrow,OH,112,39117,3,2,35036,RFCW,5A,1074071,PJMW,PJMW
Muskingum,OH,112,39119,3,2,86068,RFCW,5A,1074072,PJMW,PJMW
Noble,OH,112,39121,3,2,14294,RFCW,5A,1074073,PJMW,PJMW
Ottawa,OH,111,39123,3,2,40636,RFCW,5A,1074074,PJMW,PJMW
Paulding,OH,112,39125,3,2,18865,RFCW,5A,1074075,PJMW,PJMW
Perry,OH,112,39127,3,2,35927,RFCW,5A,1074076,PJMW,PJMW
Pickaway,OH,112,39129,3,2,57565,RFCW,5A,1074077,PJMW,PJMW
Pike,OH,112,39131,3,3,28160,RFCW,4A,1074078,PJMW,PJMW
Portage,OH,111,39133,3,2,161921,RFCW,5A,1074079,PJMW,PJMW
Preble,OH,113,39135,3,2,41247,RFCW,5A,1074080,PJMW,PJMW
Putnam,OH,112,39137,3,2,34056,RFCW,5A,1074081,PJMW,PJMW
Richland,OH,112,39139,3,2,121107,RFCW,5A,1074082,PJMW,PJMW
Ross,OH,112,39141,3,2,77000,RFCW,5A,1074083,PJMW,PJMW
Sandusky,OH,111,39143,3,2,59330,RFCW,5A,1074084,PJMW,PJMW
Scioto,OH,112,39145,3,3,76088,RFCW,4A,1074085,PJMW,PJMW
Seneca,OH,112,39147,3,2,55353,RFCW,5A,1074086,PJMW,PJMW
Shelby,OH,112,39149,3,2,48623,RFCW,5A,1074087,PJMW,PJMW
Stark,OH,111,39151,3,2,373612,RFCW,5A,1065576,PJMW,PJMW
Summit,OH,111,39153,3,2,540300,RFCW,5A,1074088,PJMW,PJMW
Trumbull,OH,111,39155,3,2,201825,RFCW,5A,1074089,PJMW,PJMW
Tuscarawas,OH,112,39157,3,2,92420,RFCW,5A,1074090,PJMW,PJMW
Union,OH,112,39159,3,2,55457,RFCW,5A,1074091,PJMW,PJMW
Van Wert,OH,112,39161,3,2,28362,RFCW,5A,1074092,PJMW,PJMW
Vinton,OH,112,39163,3,3,12921,RFCW,5A,1074093,PJMW,PJMW
Warren,OH,114,39165,3,2,227063,RFCW,5A,1074094,PJMW,PJMW
Washington,OH,112,39167,3,3,60610,RFCW,4A,1074095,PJMW,PJMW
Wayne,OH,112,39169,3,2,116470,RFCW,5A,1074096,PJMW,PJMW
Williams,OH,112,39171,3,2,37017,RFCM,5A,1074097,PJMW,PJMW
Wood,OH,111,39173,3,2,130219,RFCW,5A,1074098,PJMW,PJMW
Wyandot,OH,112,39175,3,2,22118,RFCW,5A,1074099,PJMW,PJMW
Adair,OK,51,40001,7,4,22098,SPSO,3A,1101788,SPPS,PJMW
Alfalfa,OK,50,40003,7,3,5827,SPNO,3A,1101789,SPPS,PJMW
Atoka,OK,50,40005,7,5,13810,SPSO,3A,1101790,SPPS,PJMW
Beaver,OK,49,40007,7,3,5382,SPNO,4B,1101791,SPPS,PJMW
Beckham,OK,50,40009,7,4,22519,SPSO,3A,1101792,SPPS,PJMW
Blaine,OK,50,40011,7,4,9643,SPSO,3A,1101793,SPPS,PJMW
Bryan,OK,50,40013,7,5,45573,SPSO,3A,1101794,SPPS,PJMW
Caddo,OK,50,40015,7,4,29557,SPSO,3A,1101795,SPPS,PJMW
Canadian,OK,50,40017,7,4,136532,SPSO,3A,1101796,SPPS,PJMW
Carter,OK,50,40019,7,5,48556,SPSO,3A,1101797,SPPS,PJMW
Cherokee,OK,51,40021,7,4,48700,SPSO,3A,1101798,SPPS,PJMW
Choctaw,OK,50,40023,7,5,14885,SPSO,3A,1101799,SPPS,PJMW
Cimarron,OK,49,40025,7,3,2162,SPSO,4B,1101800,SPPS,PJMW
Cleveland,OK,50,40027,7,4,278655,SPSO,3A,1101801,SPPS,PJMW
Coal,OK,50,40029,7,4,5651,SPSO,3A,1101802,SPPS,PJMW
Comanche,OK,50,40031,7,5,122136,SPSO,3A,1101803,SPPS,PJMW
Cotton,OK,50,40033,7,5,5941,SPSO,3A,1101804,SPPS,PJMW
Craig,OK,51,40035,7,3,14625,SPNO,3A,1101805,SPPS,PJMW
Creek,OK,51,40037,7,4,71312,SPSO,3A,1101806,SPPS,PJMW
Custer,OK,50,40039,7,4,29293,SPSO,3A,1101807,SPPS,PJMW
Delaware,OK,51,40041,7,4,41598,SPNO,3A,1101808,SPPS,PJMW
Dewey,OK,50,40043,7,3,4819,SPSO,3A,1101809,SPPS,PJMW
Ellis,OK,50,40045,7,3,4080,SPSO,3A,1101810,SPPS,PJMW
Garfield,OK,50,40047,7,5,62603,SPSO,3A,1101811,SPPS,PJMW
Garvin,OK,50,40049,7,5,27838,SPSO,3A,1101812,SPPS,PJMW
Grady,OK,50,40051,7,5,54655,SPSO,3A,1101813,SPPS,PJMW
Grant,OK,50,40053,7,3,4465,SPNO,3A,1101814,SPPS,PJMW
Greer,OK,50,40055,7,5,5998,SPSO,3A,1101815,SPPS,PJMW
Harmon,OK,50,40057,7,5,2704,SPSO,3A,1101816,SPPS,PJMW
Harper,OK,50,40059,7,3,3717,SPNO,3A,1101817,SPPS,PJMW
Haskell,OK,50,40061,7,5,12747,SPSO,3A,1101818,SPPS,PJMW
Hughes,OK,50,40063,7,4,13566,SPSO,3A,1101819,SPPS,PJMW
Jackson,OK,50,40065,7,5,25497,SPSO,3A,1101820,SPPS,PJMW
Jefferson,OK,50,40067,7,5,6230,SPSO,3A,1101821,SPPS,PJMW
Johnston,OK,50,40069,7,5,11087,SPSO,3A,1101822,SPPS,SPPS
Kay,OK,50,40071,7,3,44943,SPNO,3A,1101823,SPPS,SPPS
Kingfisher,OK,50,40073,7,5,15638,SPSO,3A,1101824,SPPS,SPPS
Kiowa,OK,50,40075,7,5,9077,SPSO,3A,1101825,SPPS,SPPS
Latimer,OK,50,40077,7,4,10414,SPSO,3A,1101826,SPPS,SPPS
Le Flore,OK,50,40079,7,4,49873,SPSO,3A,1101827,SPPS,SPPS
Lincoln,OK,50,40081,7,4,35129,SPSO,3A,1101828,SPPS,SPPS
Logan,OK,50,40083,7,5,46588,SPSO,3A,1101829,SPPS,SPPS
Love,OK,50,40085,7,5,9997,SPSO,3A,1101830,SPPS,SPPS
McClain,OK,50,40087,7,5,38682,SPSO,3A,1101834,SPPS,SPPS
McCurtain,OK,50,40089,7,4,32822,SPSO,3A,1101835,SPPS,SPPS
McIntosh,OK,50,40091,7,5,19815,SPSO,3A,1101836,SPPS,SPPS
Major,OK,50,40093,7,3,7772,SPSO,3A,1101831,SPPS,SPPS
Marshall,OK,50,40095,7,5,16191,SPSO,3A,1101832,SPPS,SPPS
Mayes,OK,51,40097,7,4,40920,SPSO,3A,1101833,SPPS,SPPS
Murray,OK,50,40099,7,4,13918,SPSO,3A,1101837,SPPS,SPPS
Muskogee,OK,51,40101,7,4,69477,SPSO,3A,1101838,SPPS,SPPS
Noble,OK,50,40103,7,4,11384,SPSO,3A,1101839,SPPS,SPPS
Nowata,OK,51,40105,7,3,10419,SPNO,3A,1101840,SPPS,SPPS
Okfuskee,OK,50,40107,7,4,12167,SPSO,3A,1101841,SPPS,SPPS
Oklahoma,OK,50,40109,7,4,782970,SPSO,3A,1101842,SPPS,SPPS
Okmulgee,OK,51,40111,7,4,39213,SPSO,3A,1101843,SPPS,SPPS
Osage,OK,51,40113,7,4,47806,SPNO,3A,1101844,SPPS,SPPS
Ottawa,OK,51,40115,7,3,31691,SPNO,3A,1101845,SPPS,SPPS
Pawnee,OK,50,40117,7,4,16485,SPSO,3A,1101846,SPPS,SPPS
Payne,OK,50,40119,7,4,81131,SPSO,3A,1101847,SPPS,SPPS
Pittsburg,OK,50,40121,7,4,44173,SPSO,3A,1101848,SPPS,SPPS
Pontotoc,OK,50,40123,7,4,38330,SPSO,3A,1101849,SPPS,SPPS
Pottawatomie,OK,50,40125,7,4,72290,SPSO,3A,1101850,SPPS,SPPS
Pushmataha,OK,50,40127,7,4,11057,SPSO,3A,1101851,SPPS,SPPS
Roger Mills,OK,50,40129,7,3,3640,SPSO,3A,1101852,SPPS,SPPS
Rogers,OK,51,40131,7,3,91766,SPSO,3A,1101853,SPPS,SPPS
Seminole,OK,50,40133,7,5,25207,SPSO,3A,1101854,SPPS,SPPS
Sequoyah,OK,50,40135,7,4,41294,SPSO,3A,1101855,SPPS,SPPS
Stephens,OK,50,40137,7,5,44090,SPSO,3A,1101856,SPPS,SPPS
Texas,OK,49,40139,7,3,21098,SPNO,4B,1101857,SPPS,SPPS
Tillman,OK,50,40141,7,5,7465,SPSO,3A,1101858,SPPS,SPPS
Tulsa,OK,51,40143,7,4,642940,SPSO,3A,1101859,SPPS,SPPS
Wagoner,OK,51,40145,7,4,77679,SPSO,3A,1101860,SPPS,SPPS
Washington,OK,51,40147,7,3,52087,SPNO,3A,1101861,SPPS,SPPS
Washita,OK,50,40149,7,4,11447,SPSO,3A,1101862,SPPS,SPPS
Woods,OK,50,40151,7,5,9201,SPNO,3A,1101863,SPPS,SPPS
Woodward,OK,50,40153,7,3,20814,SPSO,3A,1101864,SPPS,SPPS
Baker,OR,7,41001,9,1,16059,NWPP,5B,1135845,NWPP,SPPS
Benton,OR,5,41003,9,3,89385,NWPP,4C,1155126,NWPP,SPPS
Clackamas,OR,5,41005,9,3,408062,NWPP,4C,1155127,NWPP,SPPS
Clatsop,OR,5,41007,9,3,38632,NWPP,4C,1135846,NWPP,SPPS
Columbia,OR,5,41009,9,3,50785,NWPP,4C,1135847,NWPP,SPPS
Coos,OR,6,41011,9,3,63761,NWPP,4C,1135848,NWPP,SPPS
Crook,OR,5,41013,9,2,22570,NWPP,5B,1155128,NWPP,SPPS
Curry,OR,6,41015,9,3,22713,NWPP,4C,1155129,NWPP,SPPS
Deschutes,OR,5,41017,9,2,181307,NWPP,5B,1155130,NWPP,SPPS
Douglas,OR,6,41019,9,3,108457,NWPP,4C,1135849,NWPP,SPPS
Gilliam,OR,5,41021,9,2,1854,NWPP,5B,1135850,NWPP,SPPS
Grant,OR,5,41023,9,1,7158,NWPP,5B,1135851,NWPP,SPPS
Harney,OR,7,41025,9,1,7292,NWPP,5B,1135852,NWPP,SPPS
Hood River,OR,5,41027,9,2,23232,NWPP,5B,1155131,NWPP,SPPS
Jackson,OR,6,41029,9,3,216527,NWPP,4C,1135853,NWPP,SPPS
Jefferson,OR,5,41031,9,2,23080,NWPP,5B,1155132,NWPP,SPPS
Josephine,OR,6,41033,9,3,85904,NWPP,4C,1155133,NWPP,SPPS
Klamath,OR,6,41035,9,2,66443,NWPP,5B,1155134,NWPP,SPPS
Lake,OR,7,41037,9,1,7837,NWPP,5B,1135854,NWPP,SPPS
Lane,OR,5,41039,9,3,369519,NWPP,4C,1135855,NWPP,SPPS
Lincoln,OR,5,41041,9,3,47806,NWPP,4C,1135856,NWPP,SPPS
Linn,OR,5,41043,9,3,122849,NWPP,4C,1135857,NWPP,SPPS
Malheur,OR,7,41045,9,2,30439,NWPP,5B,1135858,NWPP,SPPS
Marion,OR,5,41047,9,3,336316,NWPP,4C,1135859,NWPP,SPPS
Morrow,OR,5,41049,9,2,11274,NWPP,5B,1135860,NWPP,SPPS
Multnomah,OR,5,41051,9,3,799766,NWPP,4C,1135861,NWPP,SPPS
Polk,OR,5,41053,9,3,81823,NWPP,4C,1135862,NWPP,SPPS
Sherman,OR,5,41055,9,2,1710,NWPP,5B,1135863,NWPP,SPPS
Tillamook,OR,5,41057,9,3,26143,NWPP,4C,1135864,NWPP,SPPS
Umatilla,OR,5,41059,9,2,76456,NWPP,5B,1156673,NWPP,SPPS
Union,OR,5,41061,9,2,26087,NWPP,5B,1164165,NWPP,SPPS
Wallowa,OR,5,41063,9,1,6946,NWPP,5B,1155135,NWPP,SPPS
Wasco,OR,5,41065,9,2,26115,NWPP,5B,1155136,NWPP,SPPS
Washington,OR,5,41067,9,3,582779,NWPP,4C,1155137,NWPP,SPPS
Wheeler,OR,5,41069,9,2,1344,NWPP,5B,1135865,NWPP,NWPP
Yamhill,OR,5,41071,9,3,105035,NWPP,4C,1135866,NWPP,NWPP
Adams,PA,122,42001,2,3,102180,RFCE,5A,1213656,PJME,NWPP
Allegheny,PA,115,42003,2,2,1225365,RFCE,5A,1213657,PJMW,NWPP
Armstrong,PA,115,42005,2,2,66486,RFCE,5A,1213658,PJMW,NWPP
Beaver,PA,115,42007,2,2,167429,RFCW,5A,1214112,PJMW,NWPP
Bedford,PA,122,42009,2,2,48325,RFCE,5A,1209171,PJMW,NWPP
Berks,PA,122,42011,2,2,414812,RFCE,5A,1209172,PJME,NWPP
Blair,PA,122,42013,2,2,124650,RFCE,5A,1213659,PJME,NWPP
Bradford,PA,122,42015,2,1,60770,RFCE,5A,1213660,PJME,NWPP
Bucks,PA,122,42017,2,3,626399,RFCE,4A,1209173,PJME,NWPP
Butler,PA,115,42019,2,2,186847,RFCE,5A,1213661,PJMW,NWPP
Cambria,PA,122,42021,2,2,134732,RFCE,5A,1213662,PJME,NWPP
Cameron,PA,119,42023,2,1,4677,RFCE,6A,1213663,PJME,NWPP
Carbon,PA,122,42025,2,2,63594,RFCE,5A,1213664,PJME,NWPP
Centre,PA,119,42027,2,2,161464,RFCE,5A,1214720,PJME,NWPP
Chester,PA,122,42029,2,3,516312,RFCE,4A,1209174,PJME,NWPP
Clarion,PA,122,42031,2,2,38513,RFCE,5A,1210234,PJME,NWPP
Clearfield,PA,122,42033,2,1,80596,RFCE,6A,1209175,PJME,NWPP
Clinton,PA,119,42035,2,2,39233,RFCE,5A,1214721,PJME,NWPP
Columbia,PA,122,42037,2,2,66420,RFCE,5A,1213665,PJME,NWPP
Crawford,PA,122,42039,2,2,86257,RFCE,5A,1213666,PJME,NWPP
Cumberland,PA,122,42041,2,2,248506,RFCE,5A,1209176,PJME,NWPP
Dauphin,PA,122,42043,2,2,273707,RFCE,5A,1213667,PJME,NWPP
Delaware,PA,122,42045,2,3,563402,RFCE,4A,1209177,PJME,NWPP
Elk,PA,119,42047,2,1,30480,RFCE,6A,1213668,PJME,NWPP
Erie,PA,122,42049,2,2,276207,RFCE,5A,1209178,PJME,NWPP
Fayette,PA,115,42051,2,2,132733,RFCE,5A,1209179,PJMW,NWPP
Forest,PA,122,42053,2,1,7321,RFCE,5A,1213669,PJME,NWPP
Franklin,PA,120,42055,2,3,153851,RFCE,5A,1213670,PJMW,NWPP
Fulton,PA,120,42057,2,2,14640,RFCE,5A,1213671,PJMW,NWPP
Greene,PA,115,42059,2,2,37197,RFCW,5A,1214033,PJMW,NWPP
Huntingdon,PA,122,42061,2,2,45634,RFCE,5A,1213672,PJME,NWPP
Indiana,PA,122,42063,2,2,86364,RFCE,5A,1213673,PJME,NWPP
Jefferson,PA,122,42065,2,1,44073,RFCE,5A,1213674,PJME,NWPP
Juniata,PA,122,42067,2,2,24863,RFCE,5A,1209180,PJME,NWPP
Lackawanna,PA,122,42069,2,2,211321,RFCE,5A,1213675,PJME,PJME
Lancaster,PA,122,42071,2,3,538500,RFCE,5A,1209181,PJME,PJME
Lawrence,PA,122,42073,2,2,87294,RFCW,5A,1213676,PJMW,PJME
Lebanon,PA,122,42075,2,2,138863,RFCE,5A,1214034,PJME,PJME
Lehigh,PA,122,42077,2,2,363147,RFCE,5A,1209182,PJME,PJME
Luzerne,PA,122,42079,2,2,316383,RFCE,5A,1209183,PJME,PJME
Lycoming,PA,122,42081,2,2,115248,RFCE,5A,1213677,PJME,PJME
McKean,PA,122,42083,2,1,41883,RFCE,6A,1210235,PJME,PJME
Mercer,PA,122,42085,2,2,112913,RFCE,5A,1213678,PJMW,PJME
Mifflin,PA,122,42087,2,2,46342,RFCE,5A,1213679,PJME,PJME
Monroe,PA,122,42089,2,2,166098,RFCE,5A,1209184,PJME,PJME
Montgomery,PA,122,42091,2,3,821725,RFCE,4A,1213680,PJME,PJME
Montour,PA,122,42093,2,2,18343,RFCE,5A,1213681,PJME,PJME
Northampton,PA,122,42095,2,2,302294,RFCE,5A,1209185,PJME,PJME
Northumberland,PA,122,42097,2,2,92541,RFCE,5A,1209186,PJME,PJME
Perry,PA,122,42099,2,2,45820,RFCE,5A,1213682,PJME,PJME
Philadelphia,PA,122,42101,2,3,1567872,RFCE,4A,1209187,PJME,PJME
Pike,PA,122,42103,2,2,55562,RFCE,5A,1213683,PJME,PJME
Potter,PA,119,42105,2,1,16885,RFCE,6A,1213684,PJME,PJME
Schuylkill,PA,122,42107,2,2,143573,RFCE,5A,1213685,PJME,PJME
Snyder,PA,122,42109,2,2,40468,RFCE,5A,1213686,PJME,PJME
Somerset,PA,122,42111,2,2,75061,RFCE,5A,1209188,PJME,PJME
Sullivan,PA,122,42113,2,2,6137,RFCE,5A,1213687,PJME,PJME
Susquehanna,PA,122,42115,2,1,40862,RFCE,6A,1213688,PJME,PJME
Tioga,PA,122,42117,2,1,41467,RFCE,6A,1209189,PJME,PJME
Union,PA,122,42119,2,2,45565,RFCE,5A,1213689,PJME,PJME
Venango,PA,122,42121,2,2,52582,RFCE,5A,1213690,PJME,PJME
Warren,PA,122,42123,2,2,40025,RFCE,5A,1213691,PJME,PJME
Washington,PA,115,42125,2,2,207981,RFCW,5A,1209190,PJMW,PJME
Wayne,PA,122,42127,2,1,50710,RFCE,6A,1213692,PJME,PJME
Westmoreland,PA,115,42129,2,2,355458,RFCE,5A,1209191,PJMW,PJME
Wyoming,PA,122,42131,2,2,27521,RFCE,5A,1209192,PJME,PJME
York,PA,122,42133,2,3,443744,RFCE,4A,1209193,PJME,PJME
Bristol,RI,133,44001,1,2,49067,NEWE,5A,1219777,ISNE,PJME
Kent,RI,133,44003,1,2,164614,NEWE,5A,1219778,ISNE,PJME
Newport,RI,133,44005,1,2,82784,NEWE,5A,1219779,ISNE,PJME
Providence,RI,133,44007,1,2,633673,NEWE,5A,1219781,ISNE,PJME
Washington,RI,133,44009,1,2,126288,NEWE,5A,1219782,ISNE,PJME
Abbeville,SC,95,45001,5,4,24872,SRSE,3A,1245666,SRCA,PJME
Aiken,SC,96,45003,5,4,167458,SRSE,3A,1247979,SRCA,PJME
Allendale,SC,96,45005,5,5,9045,SRSE,3A,1247980,SRCA,PJME
Anderson,SC,95,45007,5,4,196569,SRSE,3A,1247981,SRCA,PJME
Bamberg,SC,96,45009,5,5,14434,SRVC,3A,1247982,SRCA,PJME
Barnwell,SC,96,45011,5,4,21483,SRSE,3A,1247983,SRCA,PJME
Beaufort,SC,96,45013,5,5,183149,SRVC,3A,1247984,SRCA,PJME
Berkeley,SC,96,45015,5,5,210898,SRVC,3A,1247985,SRCA,PJME
Calhoun,SC,96,45017,5,5,14796,SRVC,3A,1247986,SRCA,PJME
Charleston,SC,96,45019,5,5,396484,SRVC,3A,1252740,SRCA,PJME
Cherokee,SC,95,45021,5,4,56646,SRVC,3A,1247987,SRCA,PJME
Chester,SC,95,45023,5,4,32181,SRVC,3A,1247988,SRCA,PJME
Chesterfield,SC,96,45025,5,4,46013,SRVC,3A,1247989,SRCA,PJME
Clarendon,SC,96,45027,5,4,33951,SRVC,3A,1247990,SRCA,PJME
Colleton,SC,96,45029,5,5,37923,SRVC,3A,1247991,SRCA,PJMW
Darlington,SC,96,45031,5,4,67234,SRVC,3A,1247992,SRCA,PJMW
Dillon,SC,96,45033,5,4,30858,SRVC,3A,1247993,SRCA,PJMW
Dorchester,SC,96,45035,5,4,153773,SRVC,3A,1247998,SRCA,PJMW
Edgefield,SC,96,45037,5,4,26358,SRSE,3A,1247999,SRCA,PJMW
Fairfield,SC,96,45039,5,4,22653,SRVC,3A,1248000,SRCA,PJMW
Florence,SC,96,45041,5,4,138742,SRVC,3A,1248001,SRCA,PJMW
Georgetown,SC,96,45043,5,5,61399,SRVC,3A,1248002,SRCA,PJMW
Greenville,SC,95,45045,5,4,498766,SRCE,3A,1245489,SRCA,PJME
Greenwood,SC,95,45047,5,4,70133,SRVC,3A,1248003,SRCA,PJME
Hampton,SC,96,45049,5,5,19922,SRSE,3A,1248004,SRCA,PJME
Horry,SC,96,45051,5,4,322342,SRVC,3A,1248005,SRCA,PJME
Jasper,SC,96,45053,5,5,28465,SRSE,3A,1248006,SRCA,PJME
Kershaw,SC,96,45055,5,4,64097,SRVC,3A,1248007,SRCA,PJMW
Lancaster,SC,95,45057,5,4,89594,SRVC,3A,1248008,SRCA,PJMW
Laurens,SC,95,45059,5,4,66777,SRVC,3A,1248009,SRCA,ISNE
Lee,SC,96,45061,5,4,17635,SRVC,3A,1245652,SRCA,ISNE
Lexington,SC,96,45063,5,4,286196,SRVC,3A,1244251,SRCA,ISNE
McCormick,SC,96,45065,5,4,9643,SRSE,3A,1248012,SRCA,ISNE
Marion,SC,96,45067,5,4,31726,SRVC,3A,1248010,SRCA,ISNE
Marlboro,SC,96,45069,5,4,26945,SRVC,3A,1248011,SRCA,SRCA
Newberry,SC,96,45071,5,4,38079,SRVC,3A,1248013,SRCA,SRCA
Oconee,SC,95,45073,5,4,76355,SRSE,3A,1244832,SRCA,SRCA
Orangeburg,SC,96,45075,5,4,87903,SRVC,3A,1248014,SRCA,SRCA
Pickens,SC,95,45077,5,4,122863,SRCE,3A,1248015,SRCA,SRCA
Richland,SC,96,45079,5,5,409549,SRVC,3A,1249299,SRCA,SRCA
Saluda,SC,96,45081,5,4,20197,SRVC,3A,1248016,SRCA,SRCA
Spartanburg,SC,95,45083,5,4,301463,SRVC,3A,1248592,SRCA,SRCA
Sumter,SC,96,45085,5,4,107396,SRVC,3A,1244717,SRCA,SRCA
Union,SC,95,45087,5,4,27673,SRVC,3A,1248017,SRCA,SRCA
Williamsburg,SC,96,45089,5,4,31955,SRVC,3A,1248018,SRCA,SRCA
York,SC,95,45091,5,4,258526,SRVC,3A,1248019,SRCA,SRCA
Aurora,SD,38,46003,4,1,2736,MROW,6A,1266983,SPPN,SRCA
Beadle,SD,38,46005,4,1,18101,MROW,6A,1266986,SPPN,SRCA
Bennett,SD,38,46007,4,2,3460,MROW,5A,1265812,SPPN,SRCA
Bon Homme,SD,38,46009,4,2,6984,MROW,5A,1266997,SPPN,SRCA
Brookings,SD,38,46011,4,1,34135,MROW,6A,1265779,SPPN,SRCA
Brown,SD,38,46013,4,1,39128,MROW,6A,1265785,SPPN,SRCA
Brule,SD,38,46015,4,1,5238,MROW,6A,1265768,SPPN,SRCA
Buffalo,SD,38,46017,4,1,2043,MROW,6A,1265767,SPPN,SRCA
Butte,SD,32,46019,4,1,10205,RMPA,6A,1265793,RMRG,SRCA
Campbell,SD,38,46021,4,1,1378,MROW,6A,1266974,SPPN,SRCA
Charles Mix,SD,38,46023,4,2,9396,MROW,5A,1266976,SPPN,SRCA
Clark,SD,38,46025,4,1,3656,MROW,6A,1266985,SPPN,SRCA
Clay,SD,38,46027,4,2,14086,MROW,5A,1265764,SPPN,SRCA
Codington,SD,38,46029,4,1,28063,MROW,6A,1265791,SPPN,SRCA
Corson,SD,38,46031,4,1,4132,MROW,6A,1265811,SPPN,SRCA
Custer,SD,32,46033,4,1,8596,RMPA,6A,1265788,RMRG,SRCA
Davison,SD,38,46035,4,1,19903,MROW,6A,1266980,SPPN,SRCA
Day,SD,38,46037,4,1,5571,MROW,6A,1265790,SPPN,SRCA
Deuel,SD,38,46039,4,1,4231,MROW,6A,1265781,SPPN,SRCA
Dewey,SD,38,46041,4,1,5742,MROW,6A,1266994,SPPN,SRCA
Douglas,SD,38,46043,4,2,2932,MROW,5A,1266978,SPPN,SRCA
Edmunds,SD,38,46045,4,1,3952,MROW,6A,1266972,SPPN,SRCA
Fall River,SD,32,46047,4,1,6849,RMPA,6A,1265787,RMRG,SRCA
Faulk,SD,38,46049,4,1,2354,MROW,6A,1265760,SPPN,SRCA
Grant,SD,38,46051,4,1,7148,MROW,6A,1265782,SPPN,SRCA
Gregory,SD,38,46053,4,2,4171,MROW,5A,1265765,SPPN,SRCA
Haakon,SD,38,46055,4,1,1892,MROW,6A,1266988,SPPN,SRCA
Hamlin,SD,38,46057,4,1,6028,MROW,6A,1265766,SPPN,SRCA
Hand,SD,38,46059,4,1,3319,MROW,6A,1265783,SPPN,SRCA
Hanson,SD,38,46061,4,1,3374,MROW,6A,1266979,SPPN,SRCA
Harding,SD,38,46063,4,1,1278,MROW,6A,1265792,SPPN,SRCA
Hughes,SD,38,46065,4,1,17600,MROW,6A,1265774,SPPN,SRCA
Hutchinson,SD,38,46067,4,2,7368,MROW,5A,1265771,SPPN,SRCA
Hyde,SD,38,46069,4,1,1352,MROW,6A,1266984,SPPN,SRCA
Jackson,SD,38,46071,4,2,3326,MROW,5A,1265794,SPPN,SPPN
Jerauld,SD,38,46073,4,1,2004,MROW,6A,1265778,SPPN,SPPN
Jones,SD,38,46075,4,1,927,MROW,6A,1266981,SPPN,SPPN
Kingsbury,SD,38,46077,4,1,5001,MROW,6A,1265780,SPPN,SPPN
Lake,SD,38,46079,4,1,12909,MROW,6A,1265776,SPPN,SPPN
Lawrence,SD,32,46081,4,1,25281,RMPA,6A,1266996,RMRG,SPPN
Lincoln,SD,38,46083,4,1,54469,MROW,6A,1265769,SPPN,SPPN
Lyman,SD,38,46085,4,1,3894,MROW,6A,1265789,SPPN,SPPN
McCook,SD,38,46087,4,1,5625,MROW,6A,1265773,SPPN,SPPN
McPherson,SD,38,46089,4,1,2438,MROW,6A,1265762,SPPN,SPPN
Marshall,SD,38,46091,4,1,4801,MROW,6A,1265759,SPPN,SPPN
Meade,SD,38,46093,4,1,27693,MROW,6A,1266991,SPPN,SPPN
Mellette,SD,38,46095,4,2,2102,MROW,5A,1267177,SPPN,SPPN
Miner,SD,38,46097,4,1,2281,MROW,6A,1265777,SPPN,SPPN
Minnehaha,SD,38,46099,4,1,187318,MROW,6A,1265772,SPPN,SPPN
Moody,SD,38,46101,4,1,6505,MROW,6A,1265775,SPPN,SPPN
Oglala Lakota,SD,38,46102,4,1,14415,MROW,6A,1266992,SPPN,SPPN
Pennington,SD,32,46103,4,1,109372,RMPA,6A,1266995,SPPN,SPPN
Perkins,SD,38,46105,4,1,2983,MROW,6A,1266990,SPPN,SPPN
Potter,SD,38,46107,4,1,2299,MROW,6A,1265761,SPPN,SPPN
Roberts,SD,38,46109,4,1,10255,MROW,6A,1265786,SPPN,SPPN
Sanborn,SD,38,46111,4,1,2396,MROW,6A,1266977,SPPN,SPPN
Spink,SD,38,46115,4,1,6420,MROW,6A,1266987,SPPN,SPPN
Stanley,SD,38,46117,4,1,2993,MROW,6A,1266998,SPPN,SPPN
Sully,SD,38,46119,4,1,1421,MROW,6A,1266982,SPPN,SPPN
Todd,SD,38,46121,4,2,10155,MROW,5A,1266989,SPPN,SPPN
Tripp,SD,38,46123,4,2,5492,MROW,5A,1265784,SPPN,SPPN
Turner,SD,38,46125,4,1,8317,MROW,6A,1265770,SPPN,SPPN
Union,SD,38,46127,4,2,14934,MROW,5A,1265763,SPPN,SPPN
Walworth,SD,38,46129,4,1,5610,MROW,6A,1266973,SPPN,SPPN
Yankton,SD,38,46135,4,2,22616,MROW,5A,1266975,SPPN,SPPN
Ziebach,SD,38,46137,4,1,2801,MROW,6A,1266993,SPPN,SPPN
Anderson,TN,92,47001,6,3,75936,SRCE,4A,1639722,SRCE,SPPN
Bedford,TN,92,47003,6,4,47484,SRCE,4A,1639723,SRCE,SPPN
Benton,TN,92,47005,6,3,16014,SRCE,4A,1639724,SRCE,SPPN
Bledsoe,TN,92,47007,6,4,14675,SRCE,4A,1639725,SRCE,SPPN
Blount,TN,92,47009,6,4,128670,SRCE,4A,1639726,SRCE,SPPN
Bradley,TN,92,47011,6,4,104490,SRCE,4A,1639727,SRCE,SPPN
Campbell,TN,92,47013,6,3,39714,SRCE,4A,1639728,SRCE,SPPN
Cannon,TN,92,47015,6,3,14027,SRCE,4A,1648572,SRCE,SPPN
Carroll,TN,92,47017,6,3,28092,SRCE,4A,1639729,SRCE,SPPN
Carter,TN,92,47019,6,3,56502,SRCE,4A,1639730,SRCE,SPPN
Cheatham,TN,92,47021,6,3,39880,SRCE,4A,1639731,SRCE,SPPN
Chester,TN,92,47023,6,4,17453,SRCE,3A,1639732,SRCE,SPPN
Claiborne,TN,92,47025,6,3,31757,SRCE,4A,1639733,SRCE,SPPN
Clay,TN,92,47027,6,3,7752,SRCE,4A,1648573,SRCE,SPPN
Cocke,TN,92,47029,6,3,35219,SRCE,4A,1639734,SRCE,SPPN
Coffee,TN,92,47031,6,4,54682,SRCE,4A,1639735,SRCE,SPPN
Crockett,TN,92,47033,6,4,14411,SRCE,3A,1648574,SRCE,SPPN
Cumberland,TN,92,47035,6,3,58655,SRCE,4A,1639736,SRCE,SPPN
Davidson,TN,92,47037,6,4,684410,SRCE,4A,1639737,SRCE,SPPN
Decatur,TN,92,47039,6,4,11769,SRCE,4A,1639739,SRCE,SPPN
DeKalb,TN,92,47041,6,3,19361,SRCE,4A,1639738,SRCE,SPPN
Dickson,TN,92,47043,6,3,52170,SRCE,4A,1639740,SRCE,SPPN
Dyer,TN,92,47045,6,4,37708,SRCE,3A,1639741,SRCE,SPPN
Fayette,TN,92,47047,6,4,39590,SRCE,3A,1639742,SRCE,SPPN
Fentress,TN,92,47049,6,3,18033,SRCE,4A,1639743,SRCE,SPPN
Franklin,TN,92,47051,6,4,41700,SRCE,4A,1639744,SRCE,SPPN
Gibson,TN,92,47053,6,3,49401,SRCE,4A,1639745,SRCE,SPPN
Giles,TN,92,47055,6,4,29307,SRCE,4A,1639746,SRCE,SPPN
Grainger,TN,92,47057,6,3,23072,SRCE,4A,1648575,SRCE,SPPN
Greene,TN,92,47059,6,3,68615,SRCE,4A,1639747,SRCE,RMRG
Grundy,TN,92,47061,6,3,13389,SRCE,4A,1639748,SRCE,RMRG
Hamblen,TN,92,47063,6,3,63785,SRCE,4A,1648576,SRCE,RMRG
Hamilton,TN,92,47065,6,4,357738,SRCE,4A,1639749,SRCE,RMRG
Hancock,TN,92,47067,6,3,6577,SRCE,4A,1648577,SRCE,RMRG
Hardeman,TN,92,47069,6,4,25435,SRCE,3A,1639750,SRCE,SRCE
Hardin,TN,92,47071,6,4,25679,SRCE,3A,1639751,SRCE,SRCE
Hawkins,TN,92,47073,6,3,56563,SRCE,4A,1639752,SRCE,SRCE
Haywood,TN,92,47075,6,4,17853,SRCE,3A,1639753,SRCE,SRCE
Henderson,TN,92,47077,6,4,27822,SRCE,3A,1639754,SRCE,SRCE
Henry,TN,92,47079,6,3,32310,SRCE,4A,1639755,SRCE,SRCE
Hickman,TN,92,47081,6,3,24295,SRCE,4A,1639756,SRCE,SRCE
Houston,TN,92,47083,6,3,8134,SRCE,4A,1648578,SRCE,SRCE
Humphreys,TN,92,47085,6,3,18347,SRCE,4A,1639757,SRCE,SRCE
Jackson,TN,92,47087,6,3,11566,SRCE,4A,1639758,SRCE,SRCE
Jefferson,TN,92,47089,6,3,53535,SRCE,4A,1639759,SRCE,SRCE
Johnson,TN,92,47091,6,3,17754,SRCE,4A,1639760,SRCE,SRCE
Knox,TN,92,47093,6,4,456132,SRCE,4A,1639761,SRCE,SRCE
Lake,TN,92,47095,6,3,7560,SRCE,3A,1639762,SRCE,SRCE
Lauderdale,TN,92,47097,6,4,26773,SRCE,3A,1639763,SRCE,SRCE
Lawrence,TN,92,47099,6,4,43081,SRCE,4A,1639764,SRCE,SRCE
Lewis,TN,92,47101,6,4,11904,SRCE,4A,1639765,SRCE,SRCE
Lincoln,TN,92,47103,6,4,33645,SRCE,4A,1639766,SRCE,SRCE
Loudon,TN,92,47105,6,4,51454,SRCE,4A,1639767,SRCE,SRCE
McMinn,TN,92,47107,6,4,52850,SRCE,4A,1639773,SRCE,SRCE
McNairy,TN,92,47109,6,4,25935,SRCE,3A,1639774,SRCE,SRCE
Macon,TN,92,47111,6,3,23450,SRCE,4A,1639768,SRCE,SRCE
Madison,TN,92,47113,6,4,97663,SRCE,3A,1639769,SRCE,SRCE
Marion,TN,92,47115,6,4,28446,SRSE,4A,1639770,SRCE,SRCE
Marshall,TN,92,47117,6,4,31915,SRCE,4A,1639771,SRCE,SRCE
Maury,TN,92,47119,6,3,89981,SRCE,4A,1639772,SRCE,SRCE
Meigs,TN,92,47121,6,4,12005,SRCE,4A,1639775,SRCE,SRCE
Monroe,TN,92,47123,6,4,45970,SRCE,4A,1639776,SRCE,SRCE
Montgomery,TN,92,47125,6,3,195734,SRCE,4A,1639777,SRCE,SRCE
Moore,TN,92,47127,6,4,6323,SRCE,4A,1648579,SRCE,SRCE
Morgan,TN,92,47129,6,3,21554,SRCE,4A,1639778,SRCE,SRCE
Obion,TN,92,47131,6,3,30578,SRCE,4A,1639779,SRCE,SRCE
Overton,TN,92,47133,6,3,22051,SRCE,4A,1639780,SRCE,SRCE
Perry,TN,92,47135,6,4,7964,SRCE,4A,1639781,SRCE,SRCE
Pickett,TN,92,47137,6,3,5142,SRCE,4A,1648580,SRCE,SRCE
Polk,TN,92,47139,6,4,16772,SRCE,4A,1639782,SRCE,SRCE
Putnam,TN,92,47141,6,3,75931,SRCE,4A,1639783,SRCE,SRCE
Rhea,TN,92,47143,6,4,32442,SRCE,4A,1639784,SRCE,SRCE
Roane,TN,92,47145,6,3,52874,SRCE,4A,1639785,SRCE,SRCE
Robertson,TN,92,47147,6,3,69165,SRCE,4A,1639786,SRCE,SRCE
Rutherford,TN,92,47149,6,4,308251,SRCE,4A,1639787,SRCE,SRCE
Scott,TN,92,47151,6,3,21947,SRCE,4A,1639788,SRCE,SRCE
Sequatchie,TN,92,47153,6,4,14897,SRCE,4A,1652643,SRCE,SRCE
Sevier,TN,92,47155,6,3,96673,SRCE,4A,1639789,SRCE,SRCE
Shelby,TN,92,47157,6,5,934603,SRCE,3A,1639790,SRCE,SRCE
Smith,TN,92,47159,6,3,19447,SRCE,4A,1639791,SRCE,SRCE
Stewart,TN,92,47161,6,3,13182,SRCE,4A,1639792,SRCE,SRCE
Sullivan,TN,92,47163,6,3,156667,SRCE,4A,1639793,SRCE,SRCE
Sumner,TN,92,47165,6,3,180063,SRCE,4A,1639794,SRCE,SRCE
Tipton,TN,92,47167,6,4,61303,SRCE,3A,1639795,SRCE,SRCE
Trousdale,TN,92,47169,6,3,8271,SRCE,4A,1648581,SRCE,SRCE
Unicoi,TN,92,47171,6,3,17719,SRCE,4A,1648582,SRCE,SRCE
Union,TN,92,47173,6,3,19140,SRCE,4A,1648583,SRCE,SRCE
Van Buren,TN,92,47175,6,3,5689,SRCE,4A,1648584,SRCE,SRCE
Warren,TN,92,47177,6,3,40516,SRCE,4A,1639796,SRCE,SRCE
Washington,TN,92,47179,6,3,127440,SRCE,4A,1639797,SRCE,SRCE
Wayne,TN,92,47181,6,4,16713,SRCE,4A,1639798,SRCE,SRCE
Weakley,TN,92,47183,6,3,33507,SRCE,4A,1639799,SRCE,SRCE
White,TN,92,47185,6,3,26653,SRCE,4A,1639800,SRCE,SRCE
Williamson,TN,92,47187,6,4,219107,SRCE,4A,1639801,SRCE,SRCE
Wilson,TN,92,47189,6,3,132781,SRCE,4A,1639802,SRCE,SRCE
Anderson,TX,63,48001,7,5,57734,ERCT,2A,1383786,TRE,SRCE
Andrews,TX,62,48003,7,5,17760,ERCT,3B,1383787,TRE,SRCE
Angelina,TX,63,48005,7,5,87791,ERCT,2A,1383788,TRE,SRCE
Aransas,TX,65,48007,7,5,25721,ERCT,2A,1383789,TRE,SRCE
Archer,TX,63,48009,7,5,8703,ERCT,3A,1383790,TRE,SRCE
Armstrong,TX,48,48011,7,3,1876,SPSO,4B,1383791,SPPS,SRCE
Atascosa,TX,65,48013,7,5,48797,ERCT,2A,1383792,TRE,SRCE
Austin,TX,64,48015,7,5,29758,ERCT,2A,1383793,TRE,SRCE
Bailey,TX,48,48017,7,3,7181,SPSO,4B,1383794,SPPS,SRCE
Bandera,TX,64,48019,7,5,21776,ERCT,2B,1383795,TRE,SRCE
Bastrop,TX,64,48021,7,5,82733,ERCT,2A,1383796,TRE,SRCE
Baylor,TX,60,48023,7,5,3697,ERCT,3B,1383797,TRE,SRCE
Bee,TX,65,48025,7,5,32750,ERCT,2A,1383798,TRE,SRCE
Bell,TX,63,48027,7,5,340411,ERCT,2A,1383799,TRE,SRCE
Bexar,TX,65,48029,7,5,1928680,ERCT,2A,1383800,TRE,SRCE
Blanco,TX,64,48031,7,5,11392,ERCT,3A,1383801,TRE,SRCE
Borden,TX,60,48033,7,5,633,ERCT,3B,1383802,TRE,SRCE
Bosque,TX,63,48035,7,5,18097,ERCT,2A,1383803,TRE,SRCE
Bowie,TX,57,48037,7,5,93860,SPSO,3A,1383804,SPPS,SRCE
Brazoria,TX,67,48039,7,5,354195,ERCT,2A,1383805,TRE,SRCE
Brazos,TX,64,48041,7,5,220417,ERCT,2A,1383806,MISS,SRCE
Brewster,TX,61,48043,7,4,9200,ERCT,3B,1383807,TRE,SRCE
Briscoe,TX,60,48045,7,4,1474,SPSO,4B,1383808,SPPS,SRCE
Brooks,TX,65,48047,7,5,7214,ERCT,2A,1383809,TRE,SRCE
Brown,TX,63,48049,7,5,38271,ERCT,3A,1383810,TRE,SRCE
Burleson,TX,64,48051,7,5,17760,ERCT,2A,1383811,MISS,SRCE
Burnet,TX,64,48053,7,5,46243,ERCT,3A,1383812,TRE,SRCE
Caldwell,TX,64,48055,7,5,41161,ERCT,2A,1383813,TRE,SRCE
Calhoun,TX,65,48057,7,5,21965,ERCT,2A,1383814,TRE,SRCE
Callahan,TX,61,48059,7,5,13820,ERCT,3B,1383815,TRE,SRCE
Cameron,TX,65,48061,7,5,422135,ERCT,2A,1383816,TRE,SRCE
Camp,TX,57,48063,7,5,12867,SPSO,3A,1383817,SPPS,SRCE
Carson,TX,48,48065,7,3,6057,SPSO,4B,1383818,SPPS,SRCE
Cass,TX,57,48067,7,5,30375,SPSO,3A,1383819,SPPS,SRCE
Castro,TX,48,48069,7,3,7669,SPSO,4B,1383820,SPPS,TRE
Chambers,TX,66,48071,7,5,39899,SRDA,2A,1383821,TRE,TRE
Cherokee,TX,63,48073,7,5,51668,ERCT,2A,1383822,TRE,TRE
Childress,TX,60,48075,7,5,7052,ERCT,3B,1383823,TRE,TRE
Clay,TX,63,48077,7,5,10193,ERCT,3A,1383824,TRE,TRE
Cochran,TX,48,48079,7,4,2882,SPSO,4B,1383825,SPPS,TRE
Coke,TX,61,48081,7,5,3264,ERCT,3B,1383826,TRE,TRE
Coleman,TX,61,48083,7,5,8420,ERCT,3B,1383827,TRE,TRE
Collin,TX,63,48085,7,5,939585,ERCT,3A,1383828,TRE,TRE
Collingsworth,TX,48,48087,7,5,3016,SPSO,3B,1383829,TRE,TRE
Colorado,TX,64,48089,7,5,21019,ERCT,2A,1383830,TRE,TRE
Comal,TX,64,48091,7,5,134788,ERCT,2A,1383831,TRE,TRE
Comanche,TX,63,48093,7,5,13484,ERCT,3A,1383832,TRE,TRE
Concho,TX,61,48095,7,5,4279,ERCT,3B,1383833,TRE,TRE
Cooke,TX,63,48097,7,5,39266,ERCT,3A,1383834,TRE,TRE
Coryell,TX,63,48099,7,5,74686,ERCT,2A,1383835,TRE,TRE
Cottle,TX,60,48101,7,5,1402,ERCT,3B,1383836,TRE,TRE
Crane,TX,62,48103,7,5,4830,ERCT,3B,1383837,TRE,TRE
Crockett,TX,61,48105,7,5,3675,ERCT,3B,1383838,TRE,TRE
Crosby,TX,60,48107,7,4,5992,SPSO,3B,1383839,SPPS,TRE
Culberson,TX,61,48109,7,4,2198,ERCT,3B,1383840,TRE,TRE
Dallam,TX,48,48111,7,3,7056,SPSO,4B,1383841,SPPS,TRE
Dallas,TX,63,48113,7,5,2574984,ERCT,3A,1383842,TRE,TRE
Dawson,TX,60,48115,7,4,13111,ERCT,3B,1383843,TRE,TRE
Deaf Smith,TX,48,48117,7,3,18830,SPSO,4B,1383845,SPPS,TRE
Delta,TX,63,48119,7,5,5215,SPSO,3A,1383846,TRE,TRE
Denton,TX,63,48121,7,5,806180,ERCT,3A,1383847,TRE,TRE
DeWitt,TX,64,48123,7,5,20865,ERCT,2A,1383844,TRE,TRE
Dickens,TX,60,48125,7,5,2184,ERCT,3B,1383848,TRE,TRE
Dimmit,TX,65,48127,7,5,10794,ERCT,2B,1383849,TRE,TRE
Donley,TX,48,48129,7,4,3405,ERCT,4B,1383850,TRE,TRE
Duval,TX,65,48131,7,5,11428,ERCT,2A,1383851,TRE,TRE
Eastland,TX,63,48133,7,5,18274,ERCT,3A,1383852,TRE,TRE
Ector,TX,62,48135,7,5,157462,ERCT,3B,1383853,TRE,TRE
Edwards,TX,64,48137,7,5,1911,ERCT,2B,1383854,TRE,TRE
Ellis,TX,63,48139,7,5,168499,ERCT,3A,1383856,TRE,TRE
El Paso,TX,59,48141,7,5,837918,AZNM,3B,1383855,SRSG,TRE
Erath,TX,63,48143,7,5,41659,ERCT,3A,1383857,TRE,TRE
Falls,TX,63,48145,7,5,17273,ERCT,2A,1383858,TRE,TRE
Fannin,TX,63,48147,7,5,34031,ERCT,3A,1383859,TRE,TRE
Fayette,TX,64,48149,7,5,25149,ERCT,2A,1383860,TRE,TRE
Fisher,TX,60,48151,7,5,3854,ERCT,3B,1383861,TRE,TRE
Floyd,TX,48,48153,7,4,5917,SPSO,4B,1383862,SPPS,TRE
Foard,TX,60,48155,7,5,1183,ERCT,3B,1383863,TRE,TRE
Fort Bend,TX,67,48157,7,5,741237,ERCT,2A,1383864,TRE,TRE
Franklin,TX,63,48159,7,5,10607,SPSO,3A,1383865,SPPS,TRE
Freestone,TX,63,48161,7,5,19624,ERCT,2A,1383866,TRE,TRE
Frio,TX,65,48163,7,5,18956,ERCT,2B,1383867,TRE,TRE
Gaines,TX,48,48165,7,4,20478,SPSO,3B,1383868,SPPS,TRE
Galveston,TX,67,48167,7,5,329431,ERCT,2A,1383869,TRE,TRE
Garza,TX,48,48169,7,4,6442,ERCT,3B,1383870,TRE,TRE
Gillespie,TX,64,48171,7,5,26521,ERCT,3A,1383871,TRE,TRE
Glasscock,TX,62,48173,7,4,1314,ERCT,3B,1383872,TRE,TRE
Goliad,TX,65,48175,7,5,7517,ERCT,2A,1383873,TRE,TRE
Gonzales,TX,64,48177,7,5,20876,ERCT,2A,1383874,TRE,TRE
Gray,TX,48,48179,7,3,22725,SPSO,4B,1383875,SPPS,TRE
Grayson,TX,63,48181,7,5,128235,ERCT,3A,1383876,TRE,TRE
Gregg,TX,57,48183,7,5,123745,SPSO,3A,1383877,SPPS,TRE
Grimes,TX,64,48185,7,5,27671,ERCT,2A,1383878,MISS,TRE
Guadalupe,TX,64,48187,7,5,155265,ERCT,2A,1383879,TRE,TRE
Hale,TX,48,48189,7,4,34263,SPSO,4B,1383880,SPPS,TRE
Hall,TX,60,48191,7,4,3138,ERCT,3B,1383881,TRE,TRE
Hamilton,TX,63,48193,7,5,8304,ERCT,3A,1383882,TRE,TRE
Hansford,TX,48,48195,7,3,5538,SPSO,4B,1383883,SPPS,TRE
Hardeman,TX,60,48197,7,5,3906,ERCT,3B,1383884,TRE,TRE
Hardin,TX,66,48199,7,5,56322,SRDA,2A,1383885,MISS,TRE
Harris,TX,67,48201,7,5,4589928,ERCT,2A,1383886,TRE,TRE
Harrison,TX,57,48203,7,5,66534,SPSO,3A,1383887,SPPS,TRE
Hartley,TX,48,48205,7,3,5747,SPSO,4B,1383888,SPPS,TRE
Haskell,TX,60,48207,7,5,5681,ERCT,3B,1383889,TRE,TRE
Hays,TX,64,48209,7,5,204470,ERCT,2A,1383890,TRE,TRE
Hemphill,TX,48,48211,7,3,4129,SPSO,3B,1383891,SPPS,TRE
Henderson,TX,63,48213,7,5,79901,ERCT,3A,1383892,TRE,TRE
Hidalgo,TX,65,48215,7,5,849843,ERCT,2A,1383893,TRE,TRE
Hill,TX,63,48217,7,5,35077,ERCT,2A,1383894,TRE,TRE
Hockley,TX,48,48219,7,4,23275,SPSO,4B,1383895,SPPS,TRE
Hood,TX,63,48221,7,5,56857,ERCT,3A,1383896,TRE,TRE
Hopkins,TX,63,48223,7,5,36400,SPSO,3A,1383897,TRE,TRE
Houston,TX,63,48225,7,5,22754,ERCT,2A,1383898,TRE,TRE
Howard,TX,60,48227,7,5,36708,ERCT,3B,1383899,TRE,TRE
Hudspeth,TX,61,48229,7,5,4053,AZNM,3B,1383900,SRSG,TRE
Hunt,TX,63,48231,7,5,92073,ERCT,3A,1383901,TRE,TRE
Hutchinson,TX,48,48233,7,3,21511,SPSO,4B,1383902,SPPS,TRE
Irion,TX,61,48235,7,5,1557,ERCT,3B,1383903,TRE,TRE
Jack,TX,63,48237,7,5,8744,ERCT,3A,1383904,TRE,TRE
Jackson,TX,65,48239,7,5,14869,ERCT,2A,1383905,TRE,TRE
Jasper,TX,66,48241,7,5,35648,ERCT,2A,1383906,MISS,TRE
Jeff Davis,TX,61,48243,7,4,2200,ERCT,3B,1383907,TRE,TRE
Jefferson,TX,66,48245,7,5,254679,SRDA,2A,1383908,MISS,TRE
Jim Hogg,TX,65,48247,7,5,5146,ERCT,2A,1383909,TRE,TRE
Jim Wells,TX,65,48249,7,5,41149,ERCT,2A,1383910,TRE,TRE
Johnson,TX,63,48251,7,5,163274,ERCT,3A,1383911,TRE,TRE
Jones,TX,60,48253,7,5,20009,ERCT,3B,1383912,TRE,TRE
Karnes,TX,65,48255,7,5,15254,ERCT,2A,1383913,TRE,TRE
Kaufman,TX,63,48257,7,5,118350,ERCT,3A,1383914,TRE,TRE
Kendall,TX,64,48259,7,5,42540,ERCT,3A,1383915,TRE,TRE
Kenedy,TX,65,48261,7,5,404,ERCT,2A,1383916,TRE,TRE
Kent,TX,60,48263,7,5,769,ERCT,3B,1383917,TRE,TRE
Kerr,TX,64,48265,7,5,51504,ERCT,3B,1383918,TRE,TRE
Kimble,TX,64,48267,7,5,4423,ERCT,3B,1383919,TRE,TRE
King,TX,60,48269,7,5,289,ERCT,3B,1383920,TRE,TRE
Kinney,TX,61,48271,7,5,3590,ERCT,2B,1383921,TRE,TRE
Kleberg,TX,65,48273,7,5,31690,ERCT,2A,1383922,TRE,TRE
Knox,TX,60,48275,7,5,3806,ERCT,3B,1383923,TRE,TRE
Lamar,TX,63,48277,7,5,49791,ERCT,3A,1383925,TRE,TRE
Lamb,TX,48,48279,7,4,13275,SPSO,4B,1383926,SPPS,TRE
Lampasas,TX,63,48281,7,5,20760,ERCT,3A,1383927,TRE,TRE
La Salle,TX,65,48283,7,5,7613,ERCT,2B,1383924,TRE,TRE
Lavaca,TX,64,48285,7,5,19809,ERCT,2A,1383928,TRE,TRE
Lee,TX,64,48287,7,5,17055,ERCT,2A,1383929,TRE,TRE
Leon,TX,63,48289,7,5,17299,ERCT,2A,1383930,TRE,SPPS
Liberty,TX,66,48291,7,5,81704,SRDA,2A,1383931,MISS,SPPS
Limestone,TX,63,48293,7,5,23468,ERCT,2A,1383932,TRE,SPPS
Lipscomb,TX,48,48295,7,3,3487,SPSO,4B,1383933,SPPS,SPPS
Live Oak,TX,65,48297,7,5,12056,ERCT,2A,1383934,TRE,SPPS
Llano,TX,64,48299,7,5,20362,ERCT,3A,1383935,TRE,SPPS
Loving,TX,62,48301,7,5,113,ERCT,3B,1383936,TRE,SPPS
Lubbock,TX,48,48303,7,4,303137,SPSO,3B,1383937,SPPS,SPPS
Lynn,TX,48,48305,7,4,5711,ERCT,3B,1383938,SPPS,SPPS
McCulloch,TX,63,48307,7,5,8172,ERCT,3B,1383945,TRE,SPPS
McLennan,TX,63,48309,7,5,247934,ERCT,2A,1383946,TRE,SPPS
McMullen,TX,65,48311,7,5,804,ERCT,2A,1383947,TRE,SPPS
Madison,TX,63,48313,7,5,13987,ERCT,2A,1383939,MISS,SPPS
Marion,TX,57,48315,7,5,10147,SPSO,3A,1383940,SPPS,SPPS
Martin,TX,62,48317,7,5,5723,ERCT,3B,1383941,TRE,SPPS
Mason,TX,64,48319,7,5,4111,ERCT,3B,1383942,TRE,SPPS
Matagorda,TX,65,48321,7,5,37187,ERCT,2A,1383943,TRE,SPPS
Maverick,TX,65,48323,7,5,57685,ERCT,2B,1383944,TRE,SPPS
Medina,TX,65,48325,7,5,49283,ERCT,2B,1383948,TRE,SPPS
Menard,TX,64,48327,7,5,2123,ERCT,3B,1383949,TRE,SPPS
Midland,TX,62,48329,7,5,162565,ERCT,3B,1383950,TRE,SPPS
Milam,TX,63,48331,7,5,24871,ERCT,2A,1383951,MISS,SPPS
Mills,TX,63,48333,7,5,4907,ERCT,3A,1383952,TRE,SPPS
Mitchell,TX,60,48335,7,5,8720,ERCT,3B,1383953,TRE,SPPS
Montague,TX,63,48337,7,5,19414,ERCT,3A,1383954,TRE,SPPS
Montgomery,TX,66,48339,7,5,556203,ERCT,2A,1383955,MISS,SPPS
Moore,TX,48,48341,7,3,22120,SPSO,4B,1383956,SPPS,SPPS
Morris,TX,57,48343,7,5,12593,SPSO,3A,1383957,SPPS,SPPS
Motley,TX,60,48345,7,4,1160,ERCT,3B,1383958,TRE,SPPS
Nacogdoches,TX,66,48347,7,5,65806,ERCT,3A,1383959,TRE,SPPS
Navarro,TX,63,48349,7,5,48523,ERCT,3A,1383960,TRE,SPPS
Newton,TX,66,48351,7,5,14003,ERCT,2A,1383961,MISS,SPPS
Nolan,TX,60,48353,7,5,14993,ERCT,3B,1383962,TRE,SPPS
Nueces,TX,65,48355,7,5,361350,ERCT,2A,1383963,TRE,SPPS
Ochiltree,TX,48,48357,7,3,10306,SPSO,4B,1383964,SPPS,SPPS
Oldham,TX,48,48359,7,3,2076,SPSO,4B,1383965,SPPS,TRE
Orange,TX,66,48361,7,5,84964,SRDA,2A,1383966,MISS,TRE
Palo Pinto,TX,63,48363,7,5,28053,ERCT,3A,1383967,TRE,TRE
Panola,TX,57,48365,7,5,23492,SPSO,3A,1383968,SPPS,TRE
Parker,TX,63,48367,7,5,129441,ERCT,3A,1383969,TRE,TRE
Parmer,TX,48,48369,7,3,9776,SPSO,4B,1383970,SPPS,TRE
Pecos,TX,61,48371,7,5,15970,ERCT,3B,1383971,TRE,TRE
Polk,TX,66,48373,7,5,47916,SRDA,2A,1383972,MISS,TRE
Potter,TX,48,48375,7,3,120832,SPSO,4B,1383973,SPPS,TRE
Presidio,TX,61,48377,7,5,6958,ERCT,3B,1383974,TRE,TRE
Rains,TX,63,48379,7,5,11314,ERCT,3A,1383975,TRE,TRE
Randall,TX,48,48381,7,3,132501,SPSO,4B,1383976,SPPS,TRE
Reagan,TX,62,48383,7,5,3608,ERCT,3B,1383977,TRE,TRE
Real,TX,64,48385,7,5,3389,ERCT,2B,1383978,TRE,TRE
Red River,TX,63,48387,7,4,12207,ERCT,3A,1383979,TRE,TRE
Reeves,TX,61,48389,7,5,14921,ERCT,3B,1383980,TRE,TRE
Refugio,TX,65,48391,7,5,7321,ERCT,2A,1383981,TRE,TRE
Roberts,TX,48,48393,7,3,916,SPSO,4B,1383982,SPPS,TRE
Robertson,TX,63,48395,7,5,16751,ERCT,2A,1383983,MISS,TRE
Rockwall,TX,63,48397,7,5,93978,ERCT,3A,1383984,TRE,TRE
Runnels,TX,61,48399,7,5,10448,ERCT,3B,1383985,TRE,TRE
Rusk,TX,63,48401,7,5,52732,SPSO,3A,1383986,SPPS,TRE
Sabine,TX,66,48403,7,5,10303,ERCT,3A,1383987,TRE,TRE
San Augustine,TX,66,48405,7,5,8320,ERCT,3A,1383988,TRE,TRE
San Jacinto,TX,66,48407,7,5,27707,SRDA,2A,1383989,MISS,TRE
San Patricio,TX,65,48409,7,5,67655,ERCT,2A,1383990,TRE,TRE
San Saba,TX,63,48411,7,5,5944,ERCT,3A,1383991,TRE,TRE
Schleicher,TX,61,48413,7,5,3056,ERCT,3B,1383992,TRE,TRE
Scurry,TX,60,48415,7,4,17333,ERCT,3B,1383993,TRE,TRE
Shackelford,TX,63,48417,7,5,3315,ERCT,3B,1383994,TRE,TRE
Shelby,TX,66,48419,7,5,25579,ERCT,3A,1383995,SPPS,TRE
Sherman,TX,48,48421,7,3,3068,SPSO,4B,1383996,SPPS,TRE
Smith,TX,63,48423,7,5,225290,SPSO,3A,1383997,TRE,TRE
Somervell,TX,63,48425,7,5,8775,ERCT,3A,1383998,TRE,TRE
Starr,TX,65,48427,7,5,64122,ERCT,2A,1383999,TRE,TRE
Stephens,TX,63,48429,7,5,9906,ERCT,3A,1384000,TRE,TRE
Sterling,TX,61,48431,7,5,1367,ERCT,3B,1384001,TRE,TRE
Stonewall,TX,60,48433,7,5,1426,ERCT,3B,1384002,TRE,TRE
Sutton,TX,61,48435,7,5,3869,ERCT,3B,1384003,TRE,TRE
Swisher,TX,48,48437,7,4,7466,SPSO,4B,1384004,SPPS,TRE
Tarrant,TX,63,48439,7,5,2016872,ERCT,3A,1384005,TRE,TRE
Taylor,TX,61,48441,7,5,136535,ERCT,3B,1384006,TRE,TRE
Terrell,TX,61,48443,7,5,812,ERCT,3B,1384007,TRE,TRE
Terry,TX,48,48445,7,4,12799,SPSO,3B,1384008,SPPS,TRE
Throckmorton,TX,63,48447,7,5,1533,ERCT,3B,1384009,TRE,TRE
Titus,TX,57,48449,7,5,32592,SPSO,3A,1384010,SPPS,TRE
Tom Green,TX,61,48451,7,5,118386,ERCT,3B,1384011,TRE,TRE
Travis,TX,64,48453,7,5,1199323,ERCT,2A,1384012,TRE,TRE
Trinity,TX,66,48455,7,5,14442,SRDA,2A,1384013,MISS,TRE
Tyler,TX,66,48457,7,5,21320,ERCT,2A,1384014,MISS,TRE
Upshur,TX,57,48459,7,5,40969,SPSO,3A,1384015,SPPS,TRE
Upton,TX,62,48461,7,5,3673,ERCT,3B,1384016,TRE,TRE
Uvalde,TX,65,48463,7,5,27285,ERCT,2B,1384017,TRE,TRE
Val Verde,TX,61,48465,7,5,48881,ERCT,2B,1384018,TRE,TRE
Van Zandt,TX,63,48467,7,5,54355,ERCT,3A,1384019,TRE,TRE
Victoria,TX,65,48469,7,5,92467,ERCT,2A,1384020,TRE,TRE
Walker,TX,64,48471,7,5,71484,SRDA,2A,1384021,MISS,SPPS
Waller,TX,64,48473,7,5,50115,ERCT,2A,1384022,TRE,SPPS
Ward,TX,62,48475,7,5,11600,ERCT,3B,1384023,TRE,SPPS
Washington,TX,64,48477,7,5,35056,ERCT,2A,1384024,TRE,SPPS
Webb,TX,65,48479,7,5,271193,ERCT,2B,1384025,TRE,SPPS
Wharton,TX,65,48481,7,5,41735,ERCT,2A,1384026,TRE,SPPS
Wheeler,TX,48,48483,7,3,5546,SPSO,3B,1384027,SPPS,SPPS
Wichita,TX,63,48485,7,5,131838,ERCT,3A,1384028,TRE,SPPS
Wilbarger,TX,60,48487,7,5,12892,ERCT,3B,1384029,TRE,SPPS
Willacy,TX,65,48489,7,5,21810,ERCT,2A,1384030,TRE,SPPS
Williamson,TX,64,48491,7,5,528718,ERCT,2A,1384031,TRE,TRE
Wilson,TX,65,48493,7,5,48480,ERCT,2A,1384032,TRE,TRE
Winkler,TX,62,48495,7,5,7893,ERCT,3B,1384033,TRE,TRE
Wise,TX,63,48497,7,5,64455,ERCT,3A,1384034,TRE,TRE
Wood,TX,63,48499,7,5,44227,SPSO,3A,1384035,SPPS,TRE
Yoakum,TX,48,48501,7,4,8488,SPSO,4B,1384036,SPPS,TRE
Young,TX,63,48503,7,5,18152,ERCT,3A,1384037,TRE,TRE
Zapata,TX,65,48505,7,5,14349,ERCT,2B,1384038,TRE,TRE
Zavala,TX,65,48507,7,5,12023,ERCT,2B,1384039,TRE,TRE
Beaver,UT,25,49001,8,2,6463,NWPP,5B,1448015,BASN,TRE
Box Elder,UT,25,49003,8,2,53139,NWPP,6B,1455966,BASN,TRE
Cache,UT,25,49005,8,1,122753,NWPP,6B,1448017,BASN,TRE
Carbon,UT,25,49007,8,2,20399,NWPP,6B,1448018,BASN,TRE
Daggett,UT,26,49009,8,1,1095,NWPP,6B,1448019,BASN,TRE
Davis,UT,25,49011,8,2,342281,NWPP,5B,1448020,BASN,TRE
Duchesne,UT,26,49013,8,1,20337,NWPP,6B,1448021,BASN,TRE
Emery,UT,25,49015,8,2,10216,NWPP,5B,1448022,BASN,TRE
Garfield,UT,25,49017,8,2,4986,NWPP,5B,1448023,BASN,TRE
Grand,UT,25,49019,8,3,9579,NWPP,5B,1448024,BASN,TRE
Iron,UT,25,49021,8,2,49937,NWPP,5B,1448025,BASN,TRE
Juab,UT,25,49023,8,2,11010,NWPP,5B,1455158,BASN,TRE
Kane,UT,25,49025,8,3,7334,NWPP,5B,1448026,BASN,TRE
Millard,UT,25,49027,8,2,12694,NWPP,5B,1448027,BASN,TRE
Morgan,UT,26,49029,8,1,11437,NWPP,6B,1448028,BASN,TRE
Piute,UT,25,49031,8,2,1466,NWPP,5B,1448029,BASN,TRE
Rich,UT,26,49033,8,1,2319,NWPP,6B,1448030,BASN,TRE
Salt Lake,UT,25,49035,8,2,1121354,NWPP,5B,1448031,BASN,MISS
San Juan,UT,25,49037,8,2,16895,NWPP,5B,1448032,BASN,MISS
Sanpete,UT,25,49039,8,2,29409,NWPP,5B,1448033,BASN,MISS
Sevier,UT,25,49041,8,2,21267,NWPP,5B,1448034,BASN,MISS
Summit,UT,26,49043,8,1,40307,NWPP,6B,1448035,BASN,MISS
Tooele,UT,25,49045,8,2,64833,NWPP,5B,1448036,BASN,MISS
Uintah,UT,26,49047,8,1,36373,NWPP,6B,1448037,BASN,MISS
Utah,UT,25,49049,8,2,592299,NWPP,5B,1448038,BASN,MISS
Wasatch,UT,26,49051,8,1,30528,NWPP,6B,1448039,BASN,MISS
Washington,UT,25,49053,8,5,160245,NWPP,3B,1448040,BASN,MISS
Wayne,UT,25,49055,8,2,2702,NWPP,5B,1448041,BASN,MISS
Weber,UT,25,49057,8,2,247560,NWPP,5B,1448042,BASN,MISS
Addison,VT,129,50001,1,1,36959,NEWE,6A,1461757,ISNE,MISS
Bennington,VT,129,50003,1,1,36191,NEWE,6A,1461758,ISNE,MISS
Caledonia,VT,129,50005,1,1,30333,NEWE,6A,1461759,ISNE,MISS
Chittenden,VT,129,50007,1,1,161531,NEWE,6A,1461760,ISNE,MISS
Essex,VT,129,50009,1,1,6176,NEWE,6A,1461761,ISNE,SRSG
Franklin,VT,129,50011,1,1,48915,NEWE,6A,1461762,ISNE,BASN
Grand Isle,VT,129,50013,1,1,6919,NEWE,6A,1461763,ISNE,BASN
Lamoille,VT,129,50015,1,1,25333,NEWE,6A,1461764,ISNE,BASN
Orange,VT,129,50017,1,1,28919,NEWE,6A,1461765,ISNE,BASN
Orleans,VT,129,50019,1,1,26863,NEWE,6A,1461766,ISNE,BASN
Rutland,VT,129,50021,1,1,59310,NEWE,6A,1461767,ISNE,BASN
Washington,VT,129,50023,1,1,58504,NEWE,6A,1461768,ISNE,BASN
Windham,VT,129,50025,1,1,43145,NEWE,6A,1461769,ISNE,BASN
Windsor,VT,129,50027,1,1,55496,NEWE,6A,1461770,ISNE,BASN
Accomack,VA,124,51001,5,4,32947,RFCE,4A,1480091,PJME,BASN
Albemarle,VA,99,51003,5,3,106878,SRVC,4A,1675170,PJMD,BASN
Alleghany,VA,99,51005,5,3,15595,SRVC,4A,1673675,PJMD,BASN
Amelia,VA,99,51007,5,3,12913,SRVC,4A,1497770,PJMD,BASN
Amherst,VA,118,51009,5,3,31633,RFCW,4A,1480095,PJMD,BASN
Appomattox,VA,99,51011,5,3,15475,SRVC,4A,1497238,PJMD,BASN
Arlington,VA,99,51013,5,3,230050,SRVC,4A,1480097,PJMD,BASN
Augusta,VA,99,51015,5,3,74997,SRVC,4A,1480098,PJMD,BASN
Bath,VA,99,51017,5,3,4476,SRVC,4A,1673638,PJMD,BASN
Bedford,VA,118,51019,5,3,77960,RFCW,4A,1674818,PJMW,BASN
Bland,VA,118,51021,5,3,6513,RFCW,4A,1494613,PJMW,BASN
Botetourt,VA,118,51023,5,3,33231,SRVC,4A,1674418,PJMD,BASN
Brunswick,VA,99,51025,5,4,16243,SRVC,4A,1493961,PJMD,BASN
Buchanan,VA,118,51027,5,3,22178,RFCW,4A,1497431,PJMW,BASN
Buckingham,VA,99,51029,5,3,17048,SRVC,4A,1501502,PJMD,BASN
Campbell,VA,99,51031,5,3,54952,SRVC,4A,1674917,PJMW,BASN
Caroline,VA,99,51033,5,3,30178,SRVC,4A,1480107,PJMD,BASN
Carroll,VA,118,51035,5,3,29531,RFCW,4A,1480108,PJMW,BASN
Charles City,VA,99,51036,5,4,7071,SRVC,4A,1480109,PJMD,BASN
Charlotte,VA,99,51037,5,3,12129,SRVC,4A,1492442,PJMD,BASN
Chesterfield,VA,99,51041,5,4,339009,SRVC,4A,1480111,PJMD,ISNE
Clarke,VA,100,51043,5,3,14374,RFCW,4A,1690562,PJMW,ISNE
Craig,VA,118,51045,5,3,5158,SRVC,4A,1673664,PJMD,ISNE
Culpeper,VA,99,51047,5,3,50083,SRVC,4A,1497831,PJMW,ISNE
Cumberland,VA,99,51049,5,3,9652,SRVC,4A,1494109,PJMD,ISNE
Dickenson,VA,118,51051,5,3,14968,RFCW,4A,1497376,PJMW,ISNE
Dinwiddie,VA,99,51053,5,4,28144,SRVC,4A,1690739,PJMD,ISNE
Essex,VA,99,51057,5,3,11123,SRVC,4A,1480118,PJMD,ISNE
Fairfax,VA,99,51059,5,3,1138652,SRVC,4A,1480119,PJMD,ISNE
Fauquier,VA,99,51061,5,3,69069,SRVC,4A,1480120,PJMW,ISNE
Floyd,VA,118,51063,5,3,15731,RFCW,4A,1494354,PJMW,ISNE
Fluvanna,VA,99,51065,5,3,26271,SRVC,4A,1494061,PJMD,ISNE
Franklin,VA,118,51067,5,3,56069,RFCW,4A,1494434,PJMW,ISNE
Frederick,VA,100,51069,5,3,84421,RFCW,4A,1480124,PJMW,ISNE
Giles,VA,118,51071,5,3,16857,RFCW,4A,1494551,PJMW,PJME
Gloucester,VA,99,51073,5,4,37214,SRVC,4A,1480126,PJMD,PJME
Goochland,VA,99,51075,5,3,22668,SRVC,4A,1674271,PJMD,PJMD
Grayson,VA,118,51077,5,3,15107,RFCW,4A,1501196,PJMW,PJMD
Greene,VA,100,51079,5,3,19371,SRVC,4A,1480129,PJMD,PJMD
Greensville,VA,99,51081,5,4,11706,SRVC,4A,1501122,PJMD,PJMD
Halifax,VA,99,51083,5,3,34992,SRVC,4A,1496705,PJMD,PJMD
Hanover,VA,99,51085,5,3,104392,SRVC,4A,1480132,PJMD,PJMD
Henrico,VA,99,51087,5,4,326501,SRVC,4A,1480133,PJMD,PJMD
Henry,VA,118,51089,5,3,51445,RFCW,4A,1502770,PJMW,PJMD
Highland,VA,99,51091,5,3,2216,SRVC,4A,1673774,PJMD,PJMD
Isle of Wight,VA,99,51093,5,4,36596,SRVC,4A,1702378,PJMD,PJMD
James City,VA,99,51095,5,4,74404,SRVC,4A,1480135,PJMD,PJMD
King and Queen,VA,99,51097,5,3,7159,SRVC,4A,1480136,PJMD,PJMD
King George,VA,99,51099,5,3,25984,SRVC,4A,1480137,PJMD,PJMD
King William,VA,99,51101,5,3,16334,SRVC,4A,1480138,PJMD,PJMD
Lancaster,VA,99,51103,5,4,10972,SRVC,4A,1480139,PJMD,PJMD
Lee,VA,118,51105,5,3,24179,SRCE,4A,1496538,SRCE,PJMD
Loudoun,VA,99,51107,5,3,385945,SRVC,4A,1480141,PJMD,PJMD
Louisa,VA,99,51109,5,3,35236,SRVC,4A,1494707,PJMD,PJMD
Lunenburg,VA,99,51111,5,3,12273,SRVC,4A,1492239,PJMD,PJMD
Madison,VA,100,51113,5,3,13078,SRVC,4A,1494590,PJMD,PJMD
Mathews,VA,99,51115,5,4,8782,SRVC,4A,1480145,PJMD,PJMD
Mecklenburg,VA,99,51117,5,3,30892,SRVC,4A,1500747,PJMD,PJMD
Middlesex,VA,99,51119,5,4,10778,SRVC,4A,1480147,PJMD,PJMD
Montgomery,VA,118,51121,5,3,98602,RFCW,4A,1674630,PJMW,PJMD
Nelson,VA,118,51125,5,3,14869,RFCW,4A,1500936,PJMD,PJMD
New Kent,VA,99,51127,5,4,21147,SRVC,4A,1480150,PJMD,PJMD
Northampton,VA,124,51131,5,4,12139,RFCE,4A,1480151,PJME,PJMD
Northumberland,VA,99,51133,5,4,12222,SRVC,4A,1480152,PJMD,PJMD
Nottoway,VA,99,51135,5,3,15595,SRVC,4A,1493928,PJMD,PJMD
Orange,VA,99,51137,5,3,35533,SRVC,4A,1494761,PJMD,PJMD
Page,VA,100,51139,5,3,23654,RFCW,4A,1500440,PJMD,PJMD
Patrick,VA,118,51141,5,3,17923,RFCW,4A,1497999,PJMW,PJMD
Pittsylvania,VA,99,51143,5,3,61687,SRVC,4A,1480157,PJMD,PJMD
Powhatan,VA,99,51145,5,3,28443,SRVC,4A,1674225,PJMD,PJMD
Prince Edward,VA,99,51147,5,3,23142,SRVC,4A,1492359,PJMD,PJMD
Prince George,VA,99,51149,5,4,37845,SRVC,4A,1480160,PJMD,PJMD
Prince William,VA,99,51153,5,3,455210,SRVC,4A,1480161,PJMD,PJMD
Pulaski,VA,118,51155,5,3,34203,RFCW,4A,1501465,PJMW,PJMD
Rappahannock,VA,100,51157,5,3,7388,SRVC,4A,1673976,PJMW,PJMD
Richmond,VA,99,51159,5,4,8774,SRVC,4A,1480164,PJMD,PJMD
Roanoke,VA,118,51161,5,3,94031,RFCW,4A,1480165,PJMW,PJMD
Rockbridge,VA,99,51163,5,3,22392,SRVC,4A,1480166,PJMD,PJMD
Rockingham,VA,99,51165,5,3,79744,SRVC,4A,1488970,PJMD,PJMD
Russell,VA,118,51167,5,3,27370,RFCW,4A,1497573,PJMW,PJMD
Scott,VA,118,51169,5,3,21930,RFCW,4A,1498172,SRCE,PJMD
Shenandoah,VA,99,51171,5,3,43175,RFCW,4A,1673918,PJMD,PJMD
Smyth,VA,118,51173,5,3,31062,RFCW,4A,1500545,PJMW,PJMD
Southampton,VA,99,51175,5,4,18057,SRVC,4A,1480171,PJMD,PJMD
Spotsylvania,VA,99,51177,5,3,132010,SRVC,4A,1480172,PJMD,PJMD
Stafford,VA,99,51179,5,3,144361,SRVC,4A,1480173,PJMD,PJMD
Surry,VA,99,51181,5,4,6544,SRVC,4A,1480174,PJMD,PJMD
Sussex,VA,99,51183,5,4,11504,SRVC,4A,1690257,PJMD,PJMD
Tazewell,VA,118,51185,5,3,42150,RFCW,4A,1497748,PJMW,PJMD
Warren,VA,100,51187,5,3,39155,RFCW,4A,1674058,PJMW,PJMD
Washington,VA,118,51191,5,3,54214,RFCW,4A,1498359,PJMW,PJMD
Westmoreland,VA,99,51193,5,4,17592,SRVC,4A,1480179,PJMD,PJMD
Wise,VA,118,51195,5,3,39228,RFCW,4A,1496656,SRCE,PJMD
Wythe,VA,118,51197,5,3,29016,RFCW,4A,1501379,PJMW,PJMD
York,VA,99,51199,5,4,67976,SRVC,4A,1480182,PJMD,PJMD
Alexandria,VA,99,51510,5,3,155810,SRVC,4A,1498415,PJMD,PJMD
Bristol,VA,118,51520,5,3,16960,RFCW,4A,1498416,SRCE,PJMD
Buena Vista,VA,99,51530,5,3,6452,SRVC,4A,1498417,PJMD,PJMD
Charlottesville,VA,99,51540,5,3,46912,RFCW,4A,1789068,PJMD,PJMD
Chesapeake,VA,99,51550,5,4,237940,SRVC,4A,1498558,PJMD,PJMD
Colonial Heights,VA,99,51570,5,4,17772,SRVC,4A,1498420,PJMD,PJMD
Covington,VA,99,51580,5,3,5518,SRVC,4A,1789069,PJMD,PJMD
Danville,VA,99,51590,5,3,41898,RFCW,4A,1498421,PJMD,PJMD
Emporia,VA,99,51595,5,4,5305,SRVC,4A,1498422,PJMD,PJMD
Fairfax City,VA,99,51600,5,3,24164,SRVC,4A,1789070,PJMD,PJMD
Falls Church,VA,99,51610,5,3,14014,SRVC,4A,1498423,PJMD,PJMD
Franklin City,VA,99,51620,5,4,8306,SRVC,4A,1498424,PJMD,PJMD
Fredericksburg,VA,99,51630,5,3,28297,SRVC,4A,1498425,PJMD,PJMD
Galax,VA,118,51640,5,3,6775,RFCW,4A,1498426,PJMW,PJMD
Hampton,VA,99,51650,5,4,135410,SRVC,4A,1498554,PJMD,PJMD
Harrisonburg,VA,99,51660,5,3,53078,RFCW,4A,1498563,PJMD,PJMD
Hopewell,VA,99,51670,5,4,22735,SRVC,4A,1498428,PJMD,PJMD
Lexington,VA,99,51678,5,3,7045,SRVC,4A,1789071,PJMD,PJMD
Lynchburg,VA,118,51680,5,3,80212,RFCW,4A,1498429,PJMW,PJMD
Manassas,VA,99,51683,5,3,41483,SRVC,4A,1498430,PJMD,PJMD
Manassas Park,VA,99,51685,5,3,15915,SRVC,4A,1498431,PJMD,PJMD
Martinsville,VA,118,51690,5,3,13445,RFCW,4A,1789072,PJMW,PJMD
Newport News,VA,99,51700,5,4,181825,SRVC,4A,1498555,PJMD,PJMD
Norfolk,VA,99,51710,5,4,245115,SRVC,4A,1498557,PJMD,PJMD
Norton,VA,118,51720,5,3,3864,RFCW,4A,1498434,SRCE,PJMD
Petersburg,VA,99,51730,5,4,31882,SRVC,4A,1498435,PJMD,PJMD
Poquoson,VA,99,51735,5,4,12017,SRVC,4A,1498436,PJMD,PJMD
Portsmouth,VA,99,51740,5,4,95252,SRVC,4A,1498556,PJMD,PJMD
Radford,VA,118,51750,5,3,17483,RFCW,4A,1498438,PJMW,PJMD
Richmond City,VA,99,51760,5,4,223170,SRVC,4A,1789073,PJMD,PJMD
Roanoke City,VA,118,51770,5,3,99660,RFCW,4A,1498439,PJMW,PJMW
Salem,VA,118,51775,5,3,25549,RFCW,4A,1789074,PJMW,PJMW
Staunton,VA,99,51790,5,3,24363,SRVC,4A,1789075,PJMD,PJMW
Suffolk,VA,99,51800,5,4,89273,SRVC,4A,1498560,PJMD,PJMW
Virginia Beach,VA,99,51810,5,4,452602,SRVC,4A,1498559,PJMD,PJMW
Waynesboro,VA,99,51820,5,3,21887,RFCW,4A,1498443,PJMD,PJMW
Williamsburg,VA,99,51830,5,4,15214,SRVC,4A,1789076,PJMD,PJMW
Winchester,VA,100,51840,5,3,27516,RFCW,4A,1789077,PJMW,PJMW
Adams,WA,3,53001,9,2,19238,NWPP,5B,1531601,NWPP,PJMW
Asotin,WA,2,53003,9,2,22306,NWPP,5B,1533502,NWPP,PJMW
Benton,WA,2,53005,9,3,193686,NWPP,5B,1513302,NWPP,PJMW
Chelan,WA,1,53007,9,2,76338,NWPP,5B,1531932,NWPP,PJMW
Clallam,WA,2,53009,9,2,74570,NWPP,4C,1531341,NWPP,PJMW
Clark,WA,2,53011,9,3,467018,NWPP,4C,1531820,NWPP,PJMW
Columbia,WA,2,53013,9,2,3938,NWPP,5B,1513273,NWPP,PJMW
Cowlitz,WA,2,53015,9,3,105160,NWPP,4C,1529156,NWPP,PJMW
Douglas,WA,4,53017,9,2,41327,NWPP,5B,1531818,NWPP,PJMW
Ferry,WA,3,53019,9,1,7614,NWPP,6B,1531821,NWPP,PJMW
Franklin,WA,3,53021,9,3,90160,NWPP,5B,1531822,NWPP,PJMW
Garfield,WA,2,53023,9,2,2247,NWPP,5B,1533500,NWPP,PJMW
Grant,WA,4,53025,9,2,93546,NWPP,5B,1531924,NWPP,PJMW
Grays Harbor,WA,2,53027,9,3,71628,NWPP,4C,1531823,NWPP,PJMW
Island,WA,1,53029,9,2,82636,NWPP,4C,1513272,NWPP,PJMW
Jefferson,WA,2,53031,9,3,31139,NWPP,4C,1531936,NWPP,PJMW
King,WA,1,53033,9,3,2149970,NWPP,4C,1531933,NWPP,PJMW
Kitsap,WA,1,53035,9,3,264811,NWPP,4C,1529223,NWPP,PJMW
Kittitas,WA,1,53037,9,2,44866,NWPP,5B,1531926,NWPP,PJMW
Klickitat,WA,2,53039,9,2,21301,NWPP,5B,1529219,NWPP,PJMW
Lewis,WA,2,53041,9,3,77066,NWPP,4C,1531927,NWPP,PJMW
Lincoln,WA,3,53043,9,1,10350,NWPP,5B,1514052,NWPP,PJMW
Mason,WA,2,53045,9,3,62198,NWPP,4C,1529221,NWPP,PJMW
Okanogan,WA,3,53047,9,1,41554,NWPP,6B,1531928,NWPP,PJMW
Pacific,WA,2,53049,9,3,21249,NWPP,4C,1513274,NWPP,PJMW
Pend Oreille,WA,3,53051,9,1,13123,NWPP,6B,1529157,NWPP,PJMW
Pierce,WA,1,53053,9,3,861312,NWPP,4C,1529159,NWPP,PJMW
San Juan,WA,1,53055,9,2,16339,NWPP,4C,1531931,NWPP,PJMW
Skagit,WA,1,53057,9,3,123681,NWPP,4C,1531402,NWPP,PJMW
Skamania,WA,2,53059,9,3,11510,NWPP,5B,1529220,NWPP,PJMW
Snohomish,WA,1,53061,9,3,787620,NWPP,4C,1529222,NWPP,PJMW
Spokane,WA,3,53063,9,2,499072,NWPP,5B,1529225,NWPP,PJMW
Stevens,WA,3,53065,9,1,44439,NWPP,6B,1531930,NWPP,PJMW
Thurston,WA,1,53067,9,3,275222,NWPP,4C,1529226,NWPP,PJMW
Wahkiakum,WA,2,53069,9,3,4139,NWPP,4C,1513275,NWPP,NWPP
Walla Walla,WA,2,53071,9,3,60340,NWPP,5B,1531819,NWPP,NWPP
Whatcom,WA,1,53073,9,2,216800,NWPP,4C,1529224,NWPP,NWPP
Whitman,WA,3,53075,9,2,48851,NWPP,5B,1533501,NWPP,NWPP
Yakima,WA,2,53077,9,2,249636,NWPP,5C,1531929,NWPP,NWPP
Barbour,WV,116,54001,5,2,16831,RFCW,5A,1696996,PJMW,NWPP
Berkeley,WV,116,54003,5,3,113525,RFCW,4A,1550008,PJMW,NWPP
Boone,WV,117,54005,5,3,22816,RFCW,4A,1550009,PJMW,NWPP
Braxton,WV,116,54007,5,3,14471,RFCW,4A,1550010,PJMW,NWPP
Brooke,WV,116,54009,5,2,22977,RFCW,5A,1558262,PJMW,NWPP
Cabell,WV,117,54011,5,3,95987,RFCW,4A,1550012,PJMW,NWPP
Calhoun,WV,116,54013,5,3,7336,RFCW,4A,1696945,PJMW,NWPP
Clay,WV,116,54015,5,3,8859,RFCW,4A,1550014,PJMW,NWPP
Doddridge,WV,116,54017,5,2,8413,RFCW,5A,1689476,PJMW,NWPP
Fayette,WV,117,54019,5,2,44323,RFCW,5A,1560095,PJMW,NWPP
Gilmer,WV,116,54021,5,3,8249,RFCW,4A,1689673,PJMW,NWPP
Grant,WV,116,54023,5,2,11732,RFCW,5A,1697238,PJMW,NWPP
Greenbrier,WV,116,54025,5,2,35279,RFCW,5A,1557518,PJMW,NWPP
Hampshire,WV,116,54027,5,3,23301,RFCW,5A,1718644,PJMW,NWPP
Hancock,WV,116,54029,5,2,29590,RFCW,5A,1560574,PJMW,NWPP
Hardy,WV,116,54031,5,2,13889,RFCW,5A,1718557,PJMW,NWPP
Harrison,WV,116,54033,5,2,68400,RFCW,5A,1718426,PJMW,NWPP
Jackson,WV,116,54035,5,3,29152,RFCW,4A,1559963,PJMW,NWPP
Jefferson,WV,116,54037,5,3,56368,RFCW,4A,1550025,PJMW,NWPP
Kanawha,WV,117,54039,5,3,186241,RFCW,4A,1550026,PJMW,NWPP
Lewis,WV,116,54041,5,2,16309,RFCW,5A,1550027,PJMW,NWPP
Lincoln,WV,117,54043,5,3,21232,RFCW,4A,1550028,PJMW,NWPP
Logan,WV,117,54045,5,3,33700,RFCW,4A,1550029,PJMW,NWPP
McDowell,WV,117,54047,5,3,19141,RFCW,4A,1689162,PJMW,NWPP
Marion,WV,116,54049,5,2,56538,RFCW,5A,1718173,PJMW,NWPP
Marshall,WV,116,54051,5,2,31793,RFCW,5A,1717539,PJMW,NWPP
Mason,WV,117,54053,5,3,26825,RFCW,4A,1560254,PJMW,NWPP
Mercer,WV,117,54055,5,3,60468,RFCW,4A,1557645,PJMW,NWPP
Mineral,WV,116,54057,5,2,27411,RFCW,5A,1717890,PJMW,NWPP
Mingo,WV,117,54059,5,3,24647,RFCW,4A,1550036,PJMW,NWPP
Monongalia,WV,116,54061,5,2,104622,RFCW,5A,1550037,PJMW,NWPP
Monroe,WV,116,54063,5,3,13370,RFCW,4A,1557702,PJMW,NWPP
Morgan,WV,116,54065,5,3,17632,RFCW,4A,1557950,PJMW,NWPP
Nicholas,WV,116,54067,5,2,25311,RFCW,5A,1550040,PJMW,NWPP
Ohio,WV,116,54069,5,2,42516,RFCW,5A,1717163,PJMW,PJMW
Pendleton,WV,116,54071,5,2,7051,RFCW,5A,1550042,PJMW,PJMW
Pleasants,WV,116,54073,5,3,7591,RFCW,4A,1678557,PJMW,PJMW
Pocahontas,WV,116,54075,5,2,8501,RFCW,5A,1550044,PJMW,PJMW
Preston,WV,116,54077,5,2,33758,RFCW,5A,1558642,PJMW,PJMW
Putnam,WV,117,54079,5,3,56941,RFCW,4A,1550046,PJMW,PJMW
Raleigh,WV,117,54081,5,2,76601,RFCW,5A,1550047,PJMW,PJMW
Randolph,WV,116,54083,5,2,29006,RFCW,5A,1550048,PJMW,PJMW
Ritchie,WV,116,54085,5,3,9875,RFCW,4A,1689049,PJMW,PJMW
Roane,WV,116,54087,5,3,14208,RFCW,4A,1550050,PJMW,PJMW
Summers,WV,116,54089,5,2,12872,RFCW,5A,1557805,PJMW,PJMW
Taylor,WV,116,54091,5,2,16859,RFCW,5A,1689856,PJMW,PJMW
Tucker,WV,116,54093,5,2,6926,RFCW,5A,1689423,PJMW,PJMW
Tyler,WV,116,54095,5,3,8972,RFCW,4A,1678706,PJMW,PJMW
Upshur,WV,116,54097,5,2,24658,RFCW,5A,1696800,PJMW,PJMW
Wayne,WV,117,54099,5,3,40531,RFCW,4A,1550056,PJMW,PJMW
Webster,WV,116,54101,5,2,8646,RFCW,5A,1550057,PJMW,PJMW
Wetzel,WV,116,54103,5,2,15640,RFCW,5A,1717836,PJMW,PJMW
Wirt,WV,116,54105,5,3,5806,RFCW,4A,1678877,PJMW,PJMW
Wood,WV,116,54107,5,3,85643,RFCW,4A,1560558,PJMW,PJMW
Wyoming,WV,117,54109,5,3,21763,RFCW,4A,1550061,PJMW,PJMW
Adams,WI,76,55001,3,1,20069,MROE,6A,1581060,MISW,PJMW
Ashland,WI,46,55003,3,1,15714,MROE,7,1581061,MISW,PJMW
Barron,WI,46,55005,3,1,45412,MROW,6A,1581062,MISW,PJMW
Bayfield,WI,46,55007,3,1,14891,MROW,7,1581063,MISW,PJMW
Brown,WI,75,55009,3,1,260401,MROE,6A,1581064,MISW,PJMW
Buffalo,WI,46,55011,3,1,13099,MROW,6A,1581065,MISW,PJMW
Burnett,WI,46,55013,3,1,15213,MROW,7,1581066,MISW,PJMW
Calumet,WI,76,55015,3,1,49553,MROE,6A,1581067,MISW,PJMW
Chippewa,WI,46,55017,3,1,63649,MROW,6A,1581068,MISW,PJMW
Clark,WI,46,55019,3,1,34557,MROE,6A,1581069,MISW,PJMW
Columbia,WI,76,55021,3,1,56927,MROE,6A,1581070,MISW,PJMW
Crawford,WI,77,55023,3,1,16321,MROE,6A,1581071,MISW,PJMW
Dane,WI,78,55025,3,1,531273,MROE,6A,1581072,MISW,PJMW
Dodge,WI,76,55027,3,1,88068,MROE,6A,1581073,MISW,PJMW
Door,WI,75,55029,3,1,27587,MROE,6A,1581074,MISW,PJMW
Douglas,WI,46,55031,3,1,43509,MROW,7,1581075,MISW,PJMW
Dunn,WI,46,55033,3,1,44704,MROW,6A,1581076,MISW,PJMW
Eau Claire,WI,46,55035,3,1,102965,MROW,6A,1581077,MISW,PJMW
Florence,WI,75,55037,3,1,4456,RFCW,7,1581078,MISW,PJMW
Fond du Lac,WI,76,55039,3,1,102144,MROE,6A,1581079,MISW,PJMW
Forest,WI,75,55041,3,1,9064,MROE,7,1581080,MISW,PJMW
Grant,WI,77,55043,3,1,52214,MROE,6A,1581081,MISW,PJMW
Green,WI,78,55045,3,1,37075,MROE,6A,1581082,MISW,PJMW
Green Lake,WI,76,55047,3,1,18719,MROE,6A,1581083,MISW,PJMW
Iowa,WI,77,55049,3,1,23654,MROE,6A,1581084,MISW,PJMW
Iron,WI,46,55051,3,1,5726,MROE,7,1581085,MISW,PJMW
Jackson,WI,77,55053,3,1,20562,MROE,6A,1581086,MISW,PJMW
Jefferson,WI,79,55055,3,1,84625,RFCW,6A,1581087,MISW,PJMW
Juneau,WI,76,55057,3,1,26274,MROE,6A,1581088,MISW,PJMW
Kenosha,WI,79,55059,3,1,168183,RFCW,6A,1581089,MISW,PJMW
Kewaunee,WI,75,55061,3,1,20405,MROE,6A,1581090,MISW,PJMW
La Crosse,WI,46,55063,3,1,118122,MROE,6A,1581091,MISW,PJMW
Lafayette,WI,77,55065,3,1,16753,MROE,6A,1581092,MISW,PJMW
Langlade,WI,75,55067,3,1,19221,MROE,7,1581093,MISW,PJMW
Lincoln,WI,75,55069,3,1,27902,MROE,7,1581094,MISW,MISW
Manitowoc,WI,75,55071,3,1,79536,MROE,6A,1581095,MISW,MISW
Marathon,WI,75,55073,3,1,135603,MROE,6A,1581096,MISW,MISW
Marinette,WI,75,55075,3,1,40491,MROE,6A,1581097,MISW,MISW
Marquette,WI,76,55077,3,1,15067,MROE,6A,1581098,MISW,MISW
Menominee,WI,76,55078,3,1,4533,MROE,6A,1581099,MISW,MISW
Milwaukee,WI,79,55079,3,1,951448,RFCW,6A,1581100,MISW,MISW
Monroe,WI,77,55081,3,1,45623,MROE,6A,1581101,MISW,MISW
Oconto,WI,75,55083,3,1,37430,MROE,6A,1581102,MISW,MISW
Oneida,WI,75,55085,3,1,35601,MROE,7,1581103,MISW,MISW
Outagamie,WI,76,55087,3,1,184526,RFCW,6A,1581104,MISW,MISW
Ozaukee,WI,79,55089,3,1,88314,RFCW,6A,1581105,MISW,MISW
Pepin,WI,46,55091,3,1,7307,MROW,6A,1581106,MISW,MISW
Pierce,WI,46,55093,3,1,41238,MROW,6A,1581107,MISW,MISW
Polk,WI,46,55095,3,1,43481,MROW,6A,1581108,MISW,MISW
Portage,WI,75,55097,3,1,70447,MROE,6A,1581109,MISW,MISW
Price,WI,46,55099,3,1,13517,MROE,7,1581110,MISW,MISW
Racine,WI,79,55101,3,1,195140,RFCW,6A,1581111,MISW,MISW
Richland,WI,77,55103,3,1,17476,MROE,6A,1581112,MISW,MISW
Rock,WI,78,55105,3,1,161620,MROE,6A,1581113,MISW,MISW
Rusk,WI,46,55107,3,1,14127,MROW,6A,1581114,MISW,MISW
St. Croix,WI,46,55109,3,1,88029,MROW,6A,1581833,MISW,MISW
Sauk,WI,77,55111,3,1,63949,MROE,6A,1581115,MISW,MISW
Sawyer,WI,46,55113,3,1,16369,MROE,7,1581116,MISW,MISW
Shawano,WI,76,55115,3,1,41062,MROE,6A,1581117,MISW,MISW
Sheboygan,WI,79,55117,3,1,115427,RFCW,6A,1581118,MISW,MISW
Taylor,WI,46,55119,3,1,20439,MROE,7,1581119,MISW,MISW
Trempealeau,WI,46,55121,3,1,29633,MROW,6A,1581120,MISW,MISW
Vernon,WI,77,55123,3,1,30814,MROE,6A,1581121,MISW,MISW
Vilas,WI,75,55125,3,1,21435,MROE,7,1581122,MISW,MISW
Walworth,WI,79,55127,3,1,102959,RFCW,6A,1581123,MISW,MISW
Washburn,WI,46,55129,3,1,15648,MROW,7,1581124,MISW,MISW
Washington,WI,79,55131,3,1,134296,RFCW,6A,1581125,MISW,MISW
Waukesha,WI,79,55133,3,1,398424,RFCW,6A,1581126,MISW,MISW
Waupaca,WI,76,55135,3,1,51533,MROE,6A,1581127,MISW,MISW
Waushara,WI,76,55137,3,1,24162,MROE,6A,1581128,MISW,MISW
Winnebago,WI,76,55139,3,1,169886,MROE,6A,1581129,MISW,MISW
Wood,WI,76,55141,3,1,73107,MROE,6A,1581130,MISW,MISW
Albany,WY,24,56001,8,1,38256,NWPP,6B,1605066,RMRG,MISW
Big Horn,WY,21,56003,8,1,12005,NWPP,6B,1605067,BASN,MISW
Campbell,WY,23,56005,8,1,48803,RMPA,6B,1605068,RMRG,MISW
Carbon,WY,24,56007,8,1,15618,NWPP,6B,1605069,BASN,MISW
Converse,WY,24,56009,8,1,14191,NWPP,6B,1605070,RMRG,MISW
Crook,WY,23,56011,8,1,7464,RMPA,6B,1605071,RMRG,MISW
Fremont,WY,21,56013,8,1,40242,NWPP,6B,1605072,BASN,MISW
Goshen,WY,24,56015,8,2,13390,RMPA,5B,1605073,RMRG,MISW
Hot Springs,WY,21,56017,8,1,4679,NWPP,6B,1605074,BASN,MISW
Johnson,WY,22,56019,8,1,8486,RMPA,6B,1609191,RMRG,MISW
Laramie,WY,24,56021,8,1,98136,NWPP,6B,1605075,RMRG,MISW
Lincoln,WY,21,56023,8,1,19110,NWPP,7,1605076,BASN,MISW
Natrona,WY,24,56025,8,1,81039,NWPP,6B,1605077,BASN,MISW
Niobrara,WY,24,56027,8,1,2480,RMPA,6B,1605078,RMRG,MISW
Park,WY,21,56029,8,1,29353,NWPP,6B,1605079,BASN,MISW
Platte,WY,24,56031,8,2,8680,RMPA,5B,1605080,RMRG,MISW
Sheridan,WY,22,56033,8,1,30200,RMPA,6B,1605081,RMRG,MISW
Sublette,WY,21,56035,8,1,9769,NWPP,7,1605082,BASN,MISW
Sweetwater,WY,21,56037,8,1,44165,NWPP,6B,1609192,BASN,MISW
Teton,WY,21,56039,8,1,23191,NWPP,7,1605083,BASN,MISW
Uinta,WY,21,56041,8,1,20773,NWPP,6B,1605084,BASN,MISW
Washakie,WY,21,56043,8,1,8235,NWPP,6B,1605085,BASN,MISW
Weston,WY,23,56045,8,1,7236,RMPA,6B,1605086,RMRG,MISW
Aleutians East Borough,AK,,,9,1,3296,,7,,,MISW
Aleutians West Census Area,AK,,,9,1,5647,,7,,,MISW
Anchorage Municipality,AK,,,9,1,298192,,7,,,MISW
Bethel Census Area,AK,,,9,1,17968,,8,,,MISW
Bristol Bay Borough,AK,,,9,1,898,,7,,,MISW
Denali Borough,AK,,,9,1,1953,,7,,,MISW
Dillingham Census Area,AK,,,9,1,4954,,8,,,MISW
Fairbanks North Star Borough,AK,,,9,1,100605,,8,,,MISW
Haines Borough,AK,,,9,1,2496,,7,,,MISW
Hoonah-Angoon Census Area,AK,,,9,1,2078,,7,,,MISW
Juneau City and Borough,AK,,,9,1,32468,,7,,,MISW
Kenai Peninsula Borough,AK,,,9,1,58506,,7,,,RMRG
Ketchikan Gateway Borough,AK,,,9,1,13746,,7,,,RMRG
Kodiak Island Borough,AK,,,9,1,13732,,7,,,RMRG
Kusilvak Census Area,AK,,,9,1,8049,,8,,,RMRG
Lake and Peninsula Borough,AK,,,9,1,1562,,7,,,RMRG
Matanuska-Susitna Borough,AK,,,9,1,104365,,7,,,RMRG
Nome Census Area,AK,,,9,1,9917,,8,,,RMRG
North Slope Borough,AK,,,9,1,9606,,8,,,RMRG
Northwest Arctic Borough,AK,,,9,1,7673,,8,,,BASN
Petersburg Borough,AK,,,9,1,3149,,7,,,BASN
Prince of Wales-Hyder Census Area,AK,,,9,1,6347,,7,,,BASN
Sitka City and Borough,AK,,,9,1,8830,,7,,,BASN
Skagway Municipality,AK,,,9,1,1088,,7,,,BASN
Southeast Fairbanks Census Area,AK,,,9,1,6876,,8,,,BASN
Valdez-Cordova Census Area,AK,,,9,1,9355,,7,,,BASN
Wrangell City and Borough,AK,,,9,1,2411,,7,,,BASN
Yakutat City and Borough,AK,,,9,1,601,,7,,,BASN
Yukon-Koyukuk Census Area,AK,,,9,1,5526,,8,,,BASN
Hawaii County,HI,,,9,5,198449,,1A,,,RMRG
Honolulu County,HI,,,9,5,992605,,1A,,,RMRG
Kalawao County,HI,,,9,5,88,,1A,,,RMRG
Kauai County,HI,,,9,5,72029,,1A,,,RMRG
Maui County,HI,,,9,5,165386,,1A,,,RMRG