dsire_id,dsire_name,dsire_match_reason,source_url,llm_confidence,llm_open_questions,scenario,description,state(s),building type(s),building vintage(s),end use(s),tech(s),fuel type(s),base fuel,base fuel backup,modification,scope,ira,increase pct,performance level,performance units,credit pct,rebate amount,rebate units,start year,end year,applicable fraction,fraction notes
5785,Arkansas Oklahoma Gas (AOG) Residential Rebate Program,updated,https://www.aogc.com/energyefficiency.aspx,medium,"This row represents the tier for >=95% AFUE gas furnaces ($800 rebate). Program also offers $400 for 90-94.9% AFUE gas furnaces, $700 for natural gas water heaters (>=0.90 EF or 90% TE), and $100 for smart thermostats; separate candidate rows should be drafted for those technologies. Exact start/end years are not specified in the input.",reference,Arkansas Oklahoma Gas (AOG) Residential Rebate Program: https://www.aogc.com/energyefficiency.aspx,AR,all residential,all,heating,furnace (NG),natural gas,natural gas,,replace,non-federal,,,0.95,AFUE,,800,$/unit,,,,
3681,Entergy Arkansas - CitySmart Energy Efficiency Program,updated,https://www.entergyarkansas.com/energyefficiency/business/citysmart,low,"Program provides performance-based incentives ($0.12/kWh for one measure up to $0.15/kWh for 4+ comprehensive measures) for public sector and educational commercial facilities. Specific equipment/tech mappings are not provided. Check if start/end years and specific commercial building sub-types (e.g., K-12 school, higher education) should be explicitly modeled.",reference,Entergy Arkansas - CitySmart Energy Efficiency Program: https://www.entergyarkansas.com/energyefficiency/business/citysmart,AR,commercial,all,all,all,electricity,electricity,,replace,non-federal,,,,,,0.12,$/kWh,,,,
5494,Entergy Arkansas - Small Business Energy Efficiency Programs,updated,http://www.entergyarkansas.com/smallbusiness,low,"Program start and end years are omitted as they are not explicitly specified in the source. Rebate is expressed in $/kWh savings rather than per-unit or per-square-foot, which may require conversion for Scout modeling. Target technology was selected as ceiling insulation (roof); additional rows may be needed for HVAC, duct sealing, lighting, and refrigeration.",reference,Entergy Arkansas Small Business Energy Efficiency Programs: http://www.entergyarkansas.com/smallbusiness,AR,all commercial,all,heating,roof,electricity,all,,replace,non-federal,,,,,,0.35,$/kWh,,,,
3637,Liberty Utilities - Commercial & Industrial Energy Efficiency Rebates,updated,https://central.libertyutilities.com/all/residential/ways-to-save/arkansas-electric-commercial-industrial-program.html,medium,"Program contains prescriptive rebates for multiple equipment types (chillers, CAC, heat pumps, lighting, controls). This draft focuses on commercial heat pumps ($50/ton). Efficiency thresholds (COP/HSPF/IEER) and program start/end dates are not provided in the text and need verification from the program catalog.",reference,Liberty Utilities - Commercial & Industrial Energy Efficiency Rebates: https://central.libertyutilities.com/all/residential/ways-to-save/arkansas-electric-commercial-industrial-program.html,AR,all commercial,all,heating,ASHP,electricity,all,,replace,non-federal,,,,,,50,$/ton,,,,
22726,Arizona – Home Electrification and Appliance Rebate (HEAR) Program,updated,https://efficiencyarizona.com/,medium,"Numeric performance thresholds for ENERGY STAR certification are not detailed in the summary text. Rebate caps vary by income level (100% of project cost for <80% AMI vs 50% for 80-150% AMI). This entry represents space heating heat pumps; additional rows would be needed for HPWH ($1,750), HP dryers ($840), and insulation/air sealing ($1,600).",reference,"AZ Home Electrification and Appliance Rebate (HEAR) Program, Governor’s Office of Resiliency: https://efficiencyarizona.com/",AZ,residential single family,all,heating,ASHP,electricity,all,,replace,non-federal,yes,,,,,8000,$/unit,2024,,,
1683,Energy Equipment Property Tax Exemption,updated,,low,"This program provides a 100% property tax exemption on the added value of eligible energy equipment/components, rather than a direct equipment rebate or income tax credit. Specific rebate amounts or credit percentages relative to equipment cost are not provided. Reviewer must determine how property tax exemptions should be modeled within Scout's incentive schema.",reference,Energy Equipment Property Tax Exemption (Arizona Department of Revenue),AZ,all,all,all,all,all,,,,non-federal,,,,,,,,2006,,,
2984,Property Tax Assessment for Renewable Energy Equipment,expired+updated,,low,"This program is a property tax valuation mechanism (assessed at 20% depreciated cost) for utility/commercial renewable generation, storage, and transmission equipment expressly 'not intended for self-consumption'. It does not target residential or commercial building end-use efficiency/equipment upgrades tracked in Scout. Missing numeric rebate/credit rates, specific start/end years, and mapped Scout technologies/end uses.",reference,Property Tax Assessment for Renewable Energy Equipment (Arizona Dept of Revenue): https://www.azleg.gov/legtext/51leg/2R/laws/0264.pdf,AZ,commercial,all,,,,,,,non-federal,,,,,,,,,,,
2,Qualifying Wood Stove Deduction,updated,,low,"Tax deduction up to $500 reduces taxable income, not a direct rebate/credit. Equipment includes wood stoves and gas fireplaces, which do not cleanly map to standard Scout techs (mapped to furnace (NG)). Numeric performance metrics are missing beyond standard 40 CFR part 60 subpart AAA. Source URL was not provided.",reference,Qualifying Wood Stove Deduction: Arizona personal tax deduction for converting existing wood fireplace to qualifying wood stove or gas fireplace.,AZ,all residential,all,heating,furnace (NG),natural gas,wood,,replace,non-federal,,,,,,500,$/unit,1994,,,
119,Solar and Wind Equipment Sales Tax Exemption,updated,,low,"The incentive is a 100% sales tax exemption rather than a direct rebate or fixed tax credit percentage of system cost; converting this to Scout rebate units requires specifying local/state sales tax rates (e.g., 5.6% state + city privilege tax). Program covers multiple technologies (PV, wind, solar water heating, daylighting); mapped tentatively to electric WH / solar. Missing source URL and explicit start/end years.",reference,Arizona Solar and Wind Equipment Sales Tax Exemption: Arizona Department of Revenue,AZ,all,all,water heating,electric WH,solar,all,,replace,non-federal,,,,,,,,,,,
1429,Pacific Power - wattsmart Business,updated,https://www.pacificpower.net/savings-energy-choices/business/wattsmart-efficiency-incentives-california.html,medium,Start year and end year are missing from the input text. Equipment efficiency requirements (COP/EER) and building type granularity (commercial vs. industrial) should be verified against program documentation.,reference,Pacific Power - wattsmart Business: https://www.pacificpower.net/savings-energy-choices/business/wattsmart-efficiency-incentives-california.html,CA,commercial,all,heating,GSHP,electricity,,,replace,non-federal,,,,,,62,$/ton,,,,
5351,Partial Sales and Use Tax Exemption for Agricultural Solar Power Facilities,updated,https://www.cdtfa.ca.gov/formspubs/pub235g.pdf,low,"Program provides a partial sales tax exemption for agricultural solar PV systems powering farm equipment, which does not map directly to standard Scout HVAC/envelope technologies or direct dollar/percentage rebate structures. Start year, end year, and specific equipment financial value depend on state sales tax rate and equipment purchase cost.",reference,Partial Sales and Use Tax Exemption for Agricultural Solar Power Facilities (California State Board of Equalization): https://www.cdtfa.ca.gov/formspubs/pub235g.pdf,CA,commercial,all,all,all,electricity,,,,non-federal,,,,,,,,,,,
4449,Local Option - Property Tax Exemption for Renewable Energy Systems,updated,,low,"Incentive value and tax credit percentages vary by municipality as a local option and are not quantified in the record. Source URL is missing. Renewable generation technologies (wind, hydro, solar) do not directly map to standard Scout building envelope or equipment ECMs.",reference,Local Option - Property Tax Exemption for Renewable Energy Systems,AK,all residential,all,all,all,solar,,,,non-federal,,,,,,,,2010,,,
22632,Alabama - National Electric Vehicle Infrastructure (NEVI) Formula Grant Program,updated,https://adeca.alabama.gov/ev/,low,"EV charging corridor infrastructure funded through NEVI does not map to standard Scout building end uses or technologies (HVAC, water heating, envelope). Specific dollar incentive amounts per equipment unit are not specified in the source text.",reference,Alabama ADECA - National Electric Vehicle Infrastructure (NEVI) Formula Grant Program: https://adeca.alabama.gov/ev/,AL,commercial,all,all,all,electricity,,,,non-federal,,,,,,,,2023,2026,,
22510,Energy-Efficient Retrofits Program,updated,https://adeca.alabama.gov/sep/,low,"This program provides competitive grant funding ($25k-$50k per entity/project) to local governments, K-12 schools, and non-profits for HVAC, lighting, thermostats, and solar. It lacks specific equipment performance efficiency thresholds or per-unit/per-sqft incentive definitions. Analyst needs to decide if/how to convert grant totals into standard Scout equipment rebate values.",reference,Alabama Energy Division Energy-Efficient Retrofits Program: https://adeca.alabama.gov/sep/,AL,commercial,existing,heating,ASHP,electricity,,,replace,non-federal,,,,,,50000,$/project,,2026,,
558,Property Tax Exclusion for Solar Energy Systems and Solar Plus Storage System,expired+updated,https://boe.ca.gov/proptaxes/active-solar-energy-system/,low,"This program is a property tax exclusion (100% exemption from assessed property value addition) rather than a direct equipment rebate or income tax credit. Reviewer needs to determine if/how property tax exemptions are translated into Scout's cost structure, and whether this needs to be split into discrete rows for specific technologies (e.g., PV, solar water heating, solar space conditioning).",reference,Property Tax Exclusion for Solar Energy Systems and Solar Plus Storage System (California State Board of Equalization): https://boe.ca.gov/proptaxes/active-solar-energy-system/,CA,"all residential, commercial",all,all,all,solar,all,,replace,non-federal,,,,,,,,1999,2026,,
1431,SDG&E - Residential Efficiency Rebate Program,updated,http://www.sdge.com/buyers-guide/399,medium,"No start/end years or numeric performance efficiency thresholds (e.g. UEF) were provided in the source text. Additional candidate rows could be created for the other equipment mentioned (gas tank water heater at $75, room air conditioner at $15, smart thermostats at $40-$75).",reference,SDG&E Residential Efficiency Rebate Program: http://www.sdge.com/buyers-guide/399,CA,all residential,all,water heating,electric WH,electricity,electricity,,replace,non-federal,,,,,,500,$/unit,,,,
22048,Sales and Use Tax Exemption for Electric Power Generation and Storage Equipment,expired+updated,https://www.cdtfa.ca.gov/industry/manufacturing-and-research-and-development-equipment-exemption/,low,"This program provides a sales/use tax exemption for electric power generation and storage equipment rather than standard Scout building equipment/envelope upgrades (e.g., HVAC, heat pump water heaters, insulation). Reviewer should check if power generation or storage technologies are explicitly modeled in this scenario and determine how to model a sales tax exemption (100% tax exemption) as a percentage of total installed cost.",reference,CA Sales and Use Tax Exemption for Electric Power Generation and Storage Equipment: https://www.cdtfa.ca.gov/industry/manufacturing-and-research-and-development-equipment-exemption/,CA,all commercial,all,all,all,electricity,,,,non-federal,,,,,,,,2018,,,
3306,Atmos Energy (Gas) - Energy Efficiency Rebate Program,expired+updated,https://www.atmosenergy.com/ways-to-save/colorado-rebates,medium,"Drafted for natural gas furnace option. Additional rows are required to cover other incentivized technologies in this program (e.g., boilers, tankless/storage water heaters, duct sealing, wall/attic/floor insulation). Numeric efficiency performance criteria (e.g., AFUE) are omitted because they were not explicitly specified in the text.",reference,Atmos Energy (Gas) - Energy Efficiency Rebate Program: https://www.atmosenergy.com/ways-to-save/colorado-rebates,CO,"residential, commercial",all,heating,furnace (NG),natural gas,natural gas,,replace,non-federal,,,,,80,4500,$/unit,2025,,,
3675,Black Hills Energy (Gas) - Commercial Energy Efficiency Program,expired+updated,https://www.blackhillsenergy.com/efficiency-and-savings/commercial-rebates/colorado-gas-commercial-rebates,low,"Input lists multiple commercial gas technologies (furnaces $250-$650, boilers $1,600, wall/ceiling insulation, commercial cooking equipment) without specifying performance thresholds (e.g., AFUE / thermal efficiency levels) or exact rebate tiers. Drafted furnace (NG) as a representative row, but separate rows are needed for other technologies and exact rebate values must be confirmed from program documentation.",reference,Black Hills Energy (Gas) - Commercial Energy Efficiency Program: https://www.blackhillsenergy.com/efficiency-and-savings/commercial-rebates/colorado-gas-commercial-rebates,CO,all commercial,all,heating,furnace (NG),natural gas,natural gas,,replace,non-federal,,,,,,,$/unit,,,,
4082,City of Boulder - Solar Sales and Use Tax Rebate,updated,https://bouldercolorado.gov/services/solar-tax-rebates,low,Program provides a ~15% refund on city sales and use tax paid (~$140 average for a 4.5 kW PV system) for PV and solar water heating installations. Exact credit percentage or rebate dollar amount relative to full system cost is not explicitly defined. Technology mapping to electric WH for solar water heating needs reviewer confirmation.,reference,City of Boulder - Solar Sales and Use Tax Rebate: https://bouldercolorado.gov/services/solar-tax-rebates,CO,all,all,water heating,electric WH,electricity,,,,non-federal,,,,,,,,2006,,,
22718,Colorado - Home Electrification and Appliance Rebate (HEAR) Program,updated,https://energyoffice.colorado.gov/home-energy-rebates,medium,"HEAR program covers multiple tech categories (heat pumps, HPWH, electric stoves, panels, insulation). Drafted row for cold-climate heat pump ($8,000 rebate). Credit pct varies by income level (100% cost covered for <80% AMI, 50% for 80-150% AMI). Specific numeric performance threshold (COP/SEER2) beyond ENERGY STAR is not specified. Program start year is not explicitly stated in text.",reference,Colorado - Home Electrification and Appliance Rebate (HEAR) Program: https://energyoffice.colorado.gov/home-energy-rebates,CO,all residential,all,heating,ASHP,electricity,all,,replace,non-federal,yes,,,,,8000,$/unit,,2026,,
5349,Colorado Residential Energy Upgrade (RENU) Loan program,updated,https://www.cocleanenergyfund.com/renu#homeowners,low,"This entry represents a loan financing program offering low-interest loans (up to $75,000 at 6.99%-11.365% APR for up to 15-20 years) rather than a direct cash rebate or tax credit. Specific performance criteria, start/end years, and direct rebate dollar amounts are not provided in the input summary. The reviewer should determine if/how loan subsidies should be converted to an equivalent cash rebate value in Scout.",reference,Colorado Residential Energy Upgrade (RENU) Loan program: https://www.cocleanenergyfund.com/renu#homeowners,CO,all residential,all,all,all,all,all,,replace,non-federal,,,,,,,,,,,
1302,Fort Collins Utilities - Epic Loan,updated,https://www.fcgov.com/utilities/epicloan,low,"This program is a low-interest financing/loan program ($50,000 max loan, 3-15 year term, 5.25%-5.95% interest rate) rather than a direct rebate or tax credit. Need to determine whether financing programs are included in sub_fed/incentives.csv and how loan terms should be converted to an equivalent rebate or cost reduction.",reference,Fort Collins Utilities - Epic Loan: https://www.fcgov.com/utilities/epicloan,CO,all residential,existing,all,all,all,all,,replace,non-federal,,,,,,,,,,,
5583,Green Colorado Credit Reserve,updated,https://energyoffice.colorado.gov/green-colorado-credit-reserve,low,"This program is a loan loss reserve mechanism (providing 15% reserve to lenders on loans up to $100,000) rather than a direct equipment rebate or tax credit. No specific rebate amount, credit percentage, performance criteria, start/end years, or equipment-level details are specified.",reference,Green Colorado Credit Reserve (Colorado Housing Finance Authority): https://energyoffice.colorado.gov/green-colorado-credit-reserve,CO,commercial,all,all,all,all,,,,non-federal,,,,,,,,,,,
22763,High Country Conservation - Solarize Summit,updated,https://highcountryconservation.org/solarize-summit/,low,"Solar PV is an onsite power generation technology rather than a standard Scout end-use equipment type. Program applies only to specific towns in Summit County, CO (Breckenridge, Silverthorne, Frisco, Summit County) for a short timeframe (Feb 1 - May 31, 2025). Additional 5% discount up to $750 from installer Active Energies Solar is not included in rebate_amount.",reference,High Country Conservation Solarize Summit: https://highcountryconservation.org/solarize-summit/,CO,all residential,all,all,solar PV,electricity,,,replace,non-federal,,,,,,1650,$/system,2025,2025,,
2501,Local Option - Property Tax Exemption for Renewable Energy Systems,updated,,low,"Program details state incentive amounts vary by local jurisdiction and no specific equipment performance criteria, dollar rebate amounts, credit percentages, or specific Scout tech types are provided. Source URL was missing in input record.",reference,"Local Option - Property Tax Exemption for Renewable Energy Systems (Department of Local Affairs, Local Governments)",CO,"all residential, all commercial",all,all,all,all,,,,non-federal,,,,,,,,2007,,,
2502,Local Option - Sales and Use Tax Exemption for Renewable Energy Systems,updated,,low,Local option program with varying rebate/credit amounts by municipality/county; no explicit numeric incentive amount or credit percentage provided in DSIRE summary. No performance requirements or source URL provided. Geothermal systems mapped to GSHP (heating).,reference,"Local Option - Sales and Use Tax Exemption for Renewable Energy Systems (Department of Local Affairs, Local Governments)",CO,"all residential, all commercial",all,heating,GSHP,electricity,all,,replace,non-federal,,,,,,,,2007,,,
3697,Morgan County REA - Efficiency Credit/Rebate Programs,updated,https://www.mcrea.org/energy-efficiency-rebates,low,"DSIRE summary lists multiple rebate amounts ($30-$350/unit, $250-$500/ton) across multiple technologies without linking specific rebate values or performance thresholds to heat pump water heaters. The 2025 Rebate Guide PDF cited in the details should be reviewed to extract exact rebate amounts, performance requirements, and program end dates.",reference,Morgan County REA - Efficiency Credit/Rebate Programs: https://www.mcrea.org/energy-efficiency-rebates,CO,all residential,all,water heating,electric WH,electricity,,,replace,non-federal,,,,,,,,2025,,,
4210,Property Tax Exemption for Residential Renewable Energy Equipment,updated,https://cdola.colorado.gov/renewable-energy,low,"This program is a property tax exemption for residential renewable energy (solar PV and energy storage) rather than a direct rebate or income tax credit for Scout's core building envelope/HVAC equipment. Specific rebate amounts, credit percentages based on equipment cost, start/end years, and performance metrics are not defined in the source summary.",reference,Property Tax Exemption for Residential Renewable Energy Equipment: https://cdola.colorado.gov/renewable-energy,CO,all residential,all,all,all,electricity,,,,non-federal,,,,,,,,,,,
2388,Renewable Energy Property Tax Assessment,updated,https://dpt.colorado.gov/renewable-energy,low,"Property tax assessment/valuation methodology for renewable energy generation facilities (grid-connected solar PV, wind, geothermal, biomass, etc.). Does not contain direct equipment-level rebate amounts, credit percentages, or performance thresholds for standard Scout building efficiency upgrades. Review whether property tax rules should be included in incentives.csv or filtered out.",reference,Renewable Energy Property Tax Assessment (Colorado Department of Local Affairs): https://dpt.colorado.gov/renewable-energy,CO,all,all,all,all,electricity,,,,non-federal,,,,,,,,,,,
4850,Roaring Fork Valley - Energy Smart Colorado Home Energy Upgrade Rebates,updated,https://energysmartcolorado.org/rebates-for-your-home/,low,"Missing numeric performance criteria (e.g., COP or SEER/HSPF) and program start/end years; verify rebate units ($/unit vs $/home); create separate candidate rows for HPWH, insulation, and air sealing.",reference,Roaring Fork Valley - Energy Smart Colorado Home Energy Upgrade Rebates: https://energysmartcolorado.org/rebates-for-your-home/,CO,all residential,all,heating,ASHP,electricity,all,,replace,non-federal,,,,,,2000,$/unit,,,,
5628,Xcel Energy - Commercial Energy Efficiency Financing,updated,https://co.my.xcelenergy.com/s/business/financing,low,"This entry describes a loan program rather than a direct rebate or tax credit. No specific equipment technologies, performance thresholds, start/end dates, or direct rebate dollar amounts/percentages are provided in the source. Human reviewer should determine whether financing programs belong in sub_fed/incentives.csv or should be excluded.",reference,Xcel Energy - Commercial Energy Efficiency Financing: https://co.my.xcelenergy.com/s/business/financing,CO,all commercial,all,all,all,all,all,,,non-federal,,,,,,,,,,,
5627,Xcel Energy - Residential Energy Efficiency Financing,updated,https://co.my.xcelenergy.com/s/residential/home-rebates/energy-efficiency-financing,low,"This record represents a residential loan program (up to $75,000 financing, 3-20 year terms, starting interest rate 6.99%) rather than a direct cash rebate or tax credit. Rebate amount and credit percentage are left blank because loan capital is not a direct financial grant/rebate. Specific equipment rebates offered by Xcel Energy would require separate rebate program records.",reference,Xcel Energy - Residential Energy Efficiency Financing: https://co.my.xcelenergy.com/s/residential/home-rebates/energy-efficiency-financing,CO,all residential,all,all,all,all,all,,replace,non-federal,,,,,,,,,,,
1581,Xcel Energy - Residential Energy Efficiency Rebate Programs,updated,https://co.my.xcelenergy.com/s/residential/home-rebates,low,"DSIRE record combines multiple residential equipment types (ASHP, GSHP, HPWH, insulation, furnaces, boilers) and provides multiple variable rebate amounts ($300-$3300/ton, % of cost caps, fixed amounts). Need to reference the linked 2025 Rebate Summary PDF to create distinct rows per technology with specific performance thresholds and rebate values.",reference,Xcel Energy - Residential Energy Efficiency Rebate Programs: https://co.my.xcelenergy.com/s/residential/home-rebates,CO,all residential,all,heating,ASHP,electricity,all,,replace,non-federal,,,,,,,,2025,,,
1772,Groton Utilities - Residential Energy Efficiency Rebate Program,updated,https://grotonutilities.com/energy-conservation/rebate-center/,medium,"DSIRE record covers multiple technologies (heat pump water heater $2500, mini-split HVAC $3000/ton up to $5000/compressor, attic insulation $2.00-$2.50/sq ft, programmable thermostats $200); this candidate row drafts the heat pump water heater rebate. Specific performance criteria (e.g., UEF requirement) and exact start/end years are omitted in the program summary and need to be verified from the utility application guidelines. Applicable fraction needs analyst evaluation.",reference,Groton Utilities - Residential Energy Efficiency Rebate Program: https://grotonutilities.com/energy-conservation/rebate-center/,CT,all residential,all,water heating,electric WH,electricity,all,,replace,non-federal,,,,,,2500,$/unit,,,,
3111,Norwich Public Utilities - Commercial Energy Efficiency Rebate Program,updated,https://www.norwichpublicutilities.com/309/Efficiency-Programs-Rebates,low,"Program title indicates Commercial, but summary/details list both residential and commercial technologies. Specific performance criteria (e.g., SEER/EER/COP/HSPF) and program start/end years are not provided in the summary and need verification from the program URL. Multiple rebate levels exist for heat pumps ($200-$300/ton vs $1,200/ton for CHIPP); $1,200/ton was drafted.",reference,Norwich Public Utilities - Commercial Energy Efficiency Rebate Program: https://www.norwichpublicutilities.com/309/Efficiency-Programs-Rebates,CT,all commercial,all,heating,ASHP,electricity,all,,replace,non-federal,,,,,,1200,$/ton,,,,
5245,Solar Energy System and Cogeneration System Personal Property Tax Credit,updated,,low,"This program provides a 100% personal property tax exemption rather than a direct equipment rebate or income tax credit based on capital cost. Neither solar PV/thermal nor cogeneration cleanly maps to Scout's standard equipment taxonomy (ASHP, WH, etc.). Reviewer should decide if property tax exemptions fit Scout's input structure and provide a source URL if available.",reference,Solar Energy System and Cogeneration System Personal Property Tax Credit,DC,all,all,all,all,all,,,,non-federal,,,,,,,,2013,,,
22803,"Solar, Storage, and Electric Vehicle  Charging Real Property Tax Exemption",updated,,low,"This program is a property tax exemption (100% of assessed value of real property used for solar energy, energy storage, solar management, or EV charging by nonprofits) rather than a direct equipment rebate or income tax credit. No specific start/end years or numeric rebate dollar amounts are specified. Reviewer must decide if property tax exemptions and PV/storage/EV charging technologies map to Scout ECMs.",reference,"Solar, Storage, and Electric Vehicle Charging Real Property Tax Exemption: https://lims.dccouncil.gov/downloads/LIMS/58199/Signed_Act/B26-0340-Signed_Act.pdf?Id=219873",DC,all commercial,all,all,all,electricity,,,,non-federal,,,,,,,,,,,
5399,Sustainable Energy Utility - Residential Energy Efficiency Rebate Program,expired+updated,https://www.dcseu.com/homes,low,"Program covers multiple technologies (ASHP, HPWH, appliances, electrical upgrades). This draft focuses on Air Source Heat Pumps. Rebate amount is reported as a wide range ($1,000 - $5,000) depending on equipment specifications or income tier, so rebate_amount is left blank. Specific performance thresholds (SEER2/HSPF2/COP), start year, and end year are missing from the DSIRE summary and require checking the administrator website.",reference,DCSEU Residential Energy Efficiency Rebate Program: https://www.dcseu.com/homes,DC,all residential,all,heating,ASHP,electricity,all,,replace,non-federal,,,,,,,$/unit,,,,
4386,Delaware Electric Cooperative - Green Energy Program Incentives,updated,https://solargrantdelaware.com/,medium,"The incentive rate is $0.70/Watt capped at $2,000 per residential service address and 50% of total project cost. Need reviewer clarification on mapping Solar PV to Scout's technology taxonomy, whether commercial systems ($10,000 cap) should be represented in a separate row, and what end year to assume.",reference,Energize Delaware Solar Grant Delaware Program: https://solargrantdelaware.com/,DE,all residential,all,all,all,electricity,,,replace,non-federal,,,,,50,2000,$/home,2024,,,
5223,City of Lauderhill - Revolving Loan Program,updated,https://www.lauderhill-fl.gov/community-services/interest-free-loans,low,"This program is a 0% interest revolving loan program ($400-$2,500 loan limit) rather than a direct cash rebate or tax credit; rebate_amount and credit_pct are left blank. The program covers multiple ENERGY STAR appliances and solar systems; central AC / cooling was selected as a placeholder. No numeric performance thresholds or program start/end years are explicitly stated.",reference,City of Lauderhill - Revolving Loan Program: https://www.lauderhill-fl.gov/community-services/interest-free-loans,FL,all residential,all,cooling,central AC,electricity,all,,replace,non-federal,,,,,,,,,,,
4225,City of Tallahassee Utilities - Efficiency Loans,updated,http://www.talgov.com/you/you-products-home-loans.aspx,low,"This entry describes a loan program (5% interest rate, up to $15,000 / $20,000 loan) rather than a direct grant/rebate or tax credit. Reviewer should decide whether/how to quantify loan programs in Scout incentives.csv, and whether separate rows should be split out per technology (ASHP, water heater, solar, roof, etc.).",reference,City of Tallahassee Utilities - Efficiency Loans: http://www.talgov.com/you/you-products-home-loans.aspx,FL,all,all,all,all,all,all,,replace,non-federal,,,,,,,,,,,
1774,City of Tallahassee Utilities - Grant Programs,updated,http://www.talgov.com/you/you-products-home-index.aspx,low,"The program summary describes multiple incentives (ceiling insulation, energy-efficiency retrofits like duct/coil repair). This row drafts the ceiling insulation grant (80% up to $400, or $500 for income-qualified). Verify if 'roof' is the appropriate Scout tech for ceiling insulation and whether R-value requirements exist. Start and end years are not specified in the input.",reference,City of Tallahassee Utilities - Ceiling Insulation Grant: http://www.talgov.com/you/you-products-home-index.aspx,FL,all residential,all,heating,roof,all,all,,replace,non-federal,,,,,80,400,$/home,,,,
22634,Florida - National Electric Vehicle Infrastructure (NEVI) Formula Grant Program,updated,https://www.fdot.gov/planning/policy/ev/electric-vehicle-infrastructure-funding,low,EV charging infrastructure does not map to standard Scout building end uses or equipment technologies. Specific incentive dollar amounts and performance efficiency thresholds are not defined in the source summary.,reference,Florida - National Electric Vehicle Infrastructure (NEVI) Formula Grant Program: https://www.fdot.gov/planning/policy/ev/electric-vehicle-infrastructure-funding,FL,,,,,electricity,,,,non-federal,,,,,,,,2023,,,
3869,Florida PACE programs,updated,https://floridapace.gov/about-pace/,low,"This entry describes PACE financing (property-assessed financing mechanism) rather than a direct rebate or tax credit. No specific rebate dollar amount, tax credit percentage, or equipment performance efficiency thresholds are specified. Review whether financing programs belong in sub_fed/incentives.csv or if specific local program incentive values are available.",reference,Florida PACE programs: https://floridapace.gov/about-pace/,FL,"all residential, all commercial",all,all,all,all,,,,non-federal,,,,,,,,2010,,,
4608,JEA - Commercial Energy Efficiency Rebate Program,updated,https://www.jea.com/business_resources/rebates_for_businesses/,medium,"The program summary covers multiple commercial measures (chillers, unitary A/C, cool roof, window film, HPWH, lighting, VFDs). Drafted for Heat Pump Water Heaters ($250/unit). Numeric performance thresholds and effective start/end dates are not provided in the summary and require review of official JEA program documentation. Additional rows may be required for other measures (e.g., cool roof at $0.10/sq ft).",reference,JEA Commercial Energy Efficiency Rebate Program: https://www.jea.com/business_resources/rebates_for_businesses/,FL,all commercial,all,water heating,electric WH,electricity,all,,replace,non-federal,,,,,,250,$/unit,,,,
22120,Lakeland Electric - Residential Energy Efficiency Loan Program,updated,https://lakelandelectric.com/programs-and-services/energy?tab=tabrebate,low,"This program offers 0% interest financing ($500-$5,000 max loan) rather than direct rebates or tax credits, covering multiple technologies (HPWH, HVAC, GSHP, insulation, windows, PV). Numeric rebate amounts, efficiency thresholds, and start/end years are not specified in the input text. Reviewer should verify if financing programs are modeled in Scout and if separate rows are needed for each equipment type.",reference,Lakeland Electric - Residential Energy Efficiency Loan Program: https://lakelandelectric.com/programs-and-services/energy?tab=tabrebate,FL,all residential,all,water heating,electric WH,electricity,all,,replace,non-federal,,,,,,,,,,,
4932,Miami-Dade County - Florida PACE Finance Programs,updated,https://www.miamidade.gov/global/economy/resilience/energy.page,low,"This program is a PACE financing mechanism (loan repayment via property tax assessment) rather than a direct rebate or tax credit, and no quantitative incentive amounts, credit percentages, or technical performance thresholds are specified in the source text. Review whether PACE financing programs should be represented in incentives.csv.",reference,Miami-Dade County - Florida PACE Finance Programs: https://www.miamidade.gov/global/economy/resilience/energy.page,FL,all,all,all,all,all,,,,non-federal,,,,,,,,2010,,,
3128,Miami-Dade County - Green Building Expedited Plan Review,updated,https://www.miamidade.gov/permits/home.asp?cat=build&subcat=plan&filter1=green,low,This program provides expedited permitting for green buildings and solar installations rather than a direct cash rebate or tax credit. No financial rebate or tax credit value is specified. Check whether non-monetary incentives are tracked in Scout's incentives.csv.,reference,Miami-Dade County - Green Building Expedited Plan Review: https://www.miamidade.gov/permits/home.asp?cat=build&subcat=plan&filter1=green,FL,"all residential, commercial",new construction,all,all,all,,,,non-federal,,,,,,,,2005,,,
5426,Property Tax Abatement for Renewable Energy Property,expired+updated,,low,Property tax exemption (100% exemption on added property tax assessment value) does not directly translate to an equipment capital cost credit percentage or rebate amount. Performance thresholds are not specified. Source URL is missing in the source record.,reference,Property Tax Abatement for Renewable Energy Property,FL,all residential,all,heating,GSHP,electricity,all,,replace,non-federal,,,,,,,,2014,,,
243,Solar and CHP Sales Tax Exemption,updated,,low,"The program provides a 100% sales tax exemption for solar energy systems (certified by FSEC) and CHP equipment. Effective financial value depends on Florida's state/local sales tax rate (6%+), which is not explicitly given in the input, so credit_pct and rebate_amount are left blank. Mapped tech to electric WH as a representative water heating technology, but reviewer should verify if broader solar or CHP mappings are appropriate.",reference,Solar and CHP Sales Tax Exemption: Florida Department of Revenue,FL,all,all,water heating,electric WH,electricity,all,,replace,non-federal,,,,,,,,2005,,,
4977,Solar and Energy Loan Fund (SELF),updated,http://www.solarenergyloanfund.org,low,"This program provides financing/loans (up to $55,000) rather than direct cash rebates or tax credits. Confirm whether loan programs should be tracked in sub_fed/incentives.csv and how financing terms (e.g., 5-10.5% APR) should be represented. Specific equipment performance efficiency thresholds and rebate amounts are not defined.",reference,Solar and Energy Loan Fund (SELF): http://www.solarenergyloanfund.org,FL,all residential,all,cooling,central AC,electricity,,,replace,non-federal,,,,,,,,2011,,,
22478,ACE Georgia - Business Loan Program,updated,https://aceloans.org/,low,This is a general business loan program from a CDFI without specific energy efficiency requirements or incentive amounts (rebates/credits). Confirm if general loan programs should be included in incentives.csv and whether specific energy performance criteria or interest rate buy-downs exist.,reference,ACE Georgia - Business Loan Program: https://aceloans.org/,GA,all commercial,all,all,all,all,,,,non-federal,,,,,,,,,,,
2112,Blue Ridge Mountain Electric Membership Corporation - Residential Heat Pump Loan Program,updated,https://www.brmemc.com/heat-pump-financing/,low,"This program offers loan financing (up to $15,000 at 8% interest over 10 years) rather than a direct rebate or tax credit. Need to determine if/how loan programs should be modeled in Scout incentives.csv. Specific equipment performance criteria (e.g., SEER2/HSPF2 thresholds) and program start/end dates are not specified in the input.",reference,Blue Ridge Mountain EMC Residential Heat Pump Loan Program: https://www.brmemc.com/heat-pump-financing/,GA,all residential,all,heating,ASHP,electricity,all,,replace,non-federal,,,,,,,,,,,
22057,Central Georgia EMC - PowerUp Lending Program,updated,https://www.cgemc.com/powerup,low,"This entry describes a loan program (up to $25,000 max loan at 9.9% APR for up to 96 months) rather than a direct rebate or tax credit. No specific equipment rebate dollar amounts or numeric performance metrics (e.g., COP, SEER2, UEF) are stated beyond requiring ENERGY STAR qualification. Confirm whether loan programs are included in sub_fed/incentives.csv and how loan terms should be modeled.",reference,Central Georgia EMC - PowerUp Lending Program: https://www.cgemc.com/powerup,GA,all residential,all,heating,ASHP,electricity,all,,replace,non-federal,,,,,,,,,,,
22720,Georgia - Home Efficiency Rebate (HER) Program,updated,https://energyrebates.georgia.gov/home-efficiency-rebates,low,"HER (IRA Sec. 50121) provides tiered incentives based on income (low-income vs. non-low-income) and energy savings performance (20-34% vs 35%+). Max rebate of $16,000 (up to 98% cost) applies to low-income homes achieving >=35% savings; non-low-income rebates are capped at $2,000 or $4,000 (up to 50% cost). Reviewer must decide how to model whole-home performance measures across specific Scout end uses/technologies and split across income eligibility fractions.",reference,Georgia Home Efficiency Rebate (HER) Program: https://energyrebates.georgia.gov/home-efficiency-rebates,GA,all residential,all,all,all,all,all,,replace,non-federal,yes,,20,% energy savings,,16000,$/home,2025,,,
22719,Georgia - Home Electrification and Appliance Rebate (HEAR) Program,updated,https://energyrebates.georgia.gov/home-electrification-and-appliance-rebates,medium,"The program covers multiple technologies (Heat Pump Water Heater $1,750, Insulation/Air Sealing $1,600, Electric Load Service Center $4,000, Electric Wiring $2,500, Electric Cooking/Dryer $840). Separate candidate rows should be created for each distinct tech. Performance level thresholds (e.g. COP/SEER2 requirements) and end year are not provided in text.",reference,Georgia Home Electrification and Appliance Rebate (HEAR) Program: https://energyrebates.georgia.gov/home-electrification-and-appliance-rebates,GA,all residential,all,heating,ASHP,electricity,all,,replace,non-federal,yes,,,,,8000,$/unit,2025,,,"Targeted to low- and moderate-income households (<80% AMI eligible for full rebate up to cap, 80-150% AMI eligible for partial rebate)."
22635,Georgia - National Electric Vehicle Infrastructure (NEVI) Formula Grant Program,updated,https://nevi-gdot.hub.arcgis.com/,low,"EV charging infrastructure is outside Scout's standard building equipment scope (heating, cooling, water heating, envelope). No standard Scout end use or technology applies, and no per-unit dollar incentive or building qualification details are specified.",reference,Georgia DOT National Electric Vehicle Infrastructure (NEVI) Formula Grant Program: https://nevi-gdot.hub.arcgis.com/,GA,,,,,electricity,,,,non-federal,,,,,,,,,,,
3175,Georgia Power - Home Energy Improvement Program,updated,https://www.georgiapower.com/residential/save-money-and-energy/products-programs/home-energy-efficiency-programs/home-energy-improvementprogram.html,medium,"Specific efficiency performance thresholds (e.g., SEER2, HSPF2, COP) are not detailed in the summary text and must be verified from the Georgia Power website. Separate rows should be drafted for other measures included in this program (e.g., duct sealing, air sealing, insulation, water heaters).",reference,Georgia Power - Home Energy Improvement Program: https://www.georgiapower.com/residential/save-money-and-energy/products-programs/home-energy-efficiency-programs/home-energy-improvementprogram.html,GA,all residential,all,heating,ASHP,electricity,all,,replace,non-federal,,,,,50,1500,$/unit,2026,2028,,
4177,Local Option - Special Improvement Districts,updated,,low,"This entry describes PACE financing enabling legislation in GA with locally determined terms. No specific rebate amount, credit percentage, start/end years, or performance thresholds are provided in the input source. Confirm if PACE financing programs without specific dollar rebates or rate reductions should be modeled in sub_fed/incentives.csv.",reference,Local Option - Special Improvement Districts (GA PACE financing authorization),GA,all,all,all,all,all,,,,non-federal,,,,,,,,,,,
3441,Marietta Power & Water - Residential Energy Efficiency Rebate,updated,http://www.mariettaga.gov/765/Rebates-Incentives,medium,"Program includes multiple distinct measures (ASHP $150, HPWH $250, Central AC $100, combo $500, appliances); row is drafted for ASHP space heating. Minimum performance standards (e.g., SEER2/HSPF2 thresholds) are not specified in the DSIRE summary and require checking program guidelines. Program start/end years are omitted as they are not explicitly dated in source text.",reference,Marietta Power & Water Residential Energy Efficiency Rebate: http://www.mariettaga.gov/765/Rebates-Incentives,GA,all residential,all,heating,ASHP,electricity,natural gas,,replace,non-federal,,,,,,150,$/unit,,,,
22589,Guam - Photovoltaic Property Tax Exemption,updated,,low,Property tax exemption (100% exemption of added property tax value) does not map directly to purchase rebate/credit amounts or credit_pct in Scout. 'pv' is not standard in Scout's equipment-focused CSV vocabulary. Source URL missing from input record.,reference,Guam - Photovoltaic Property Tax Exemption: Bill No. 1-37 of 2023 provides 100% property tax exemption on added value for PV systems.,GU,all,all,all,pv,electricity,,,replace,non-federal,,,,,,,,2023,,,
2895,Ames Electric Department - Commercial Energy Efficiency Rebate Programs,updated,https://www.cityofames.org/My-Government/Departments/Electric/Smart-Energy/Commercial-Programs,low,"The DSIRE entry covers multiple technologies (ASHP, GSHP, AC, HPWH, thermostats, solar PV) for commercial customers with variable/tiered rebate ranges. This draft row captures Heat Pump Water Heaters ($400). Performance efficiency thresholds (e.g., UEF/COP), program start/end dates, and eligible system specifications are not provided in the text and need verification from utility documentation.",reference,Ames Electric Department - Commercial Energy Efficiency Rebate Programs: https://www.cityofames.org/My-Government/Departments/Electric/Smart-Energy/Commercial-Programs,IA,all commercial,all,water heating,electric WH,electricity,,,replace,non-federal,,,,,,400,$/unit,,,,
3241,Ames Electric Department - Residential Energy Efficiency Rebate Programs,updated,https://www.cityofames.org/My-Government/Departments/Electric/Smart-Energy/Residential-Programs,low,"ASHP rebate amount ranges from $500 to $1,000 (draft reflects $500 minimum). Program requires accepting a load control switch installation. Specific performance efficiency thresholds (e.g., SEER2/HSPF2/COP) and program start/end dates are not provided in the summary and need verification from the source URL.",reference,Ames Electric Department Residential Energy Efficiency Rebate Programs: https://www.cityofames.org/My-Government/Departments/Electric/Smart-Energy/Residential-Programs,IA,all residential,all,heating,ASHP,electricity,all,,replace,non-federal,,,,,,500,$/unit,,,,
966,Energy Replacement Generation Tax Exemption,updated,https://tax.iowa.gov/,low,This program is a state generation tax exemption ($0.0006/kWh exemption) for power generation facilities and self-generators rather than a building equipment or envelope rebate/tax credit. It does not cleanly map to Scout building energy efficiency end uses or equipment measures; human reviewer should confirm whether generation-side tax exemptions belong in sub_fed/incentives.csv.,reference,Iowa Energy Replacement Generation Tax Exemption: https://tax.iowa.gov/,IA,"commercial, institutional",all,all,all,electricity,,,,non-federal,,,,,,,,,,,
142,Local Option - Special Assessment of Wind Energy Devices,updated,https://www.legis.iowa.gov/docs/code/427b.26.pdf,low,"Wind energy systems fall outside Scout's core building energy efficiency equipment scope (HVAC, water heating, envelope). Additionally, property tax special valuation (assessing property at 0% to 30% of acquisition cost over 7 years) does not map directly to a standard cash rebate or sales/income tax credit percentage. Confirm whether distributed generation property tax incentives should be modeled in Scout incentives.csv.",reference,Local Option - Special Assessment of Wind Energy Devices: https://www.legis.iowa.gov/docs/code/427b.26.pdf,IA,all,all,other,other,electricity,,,,non-federal,,,,,,,,,,,
185,Methane Gas Conversion Property Tax Exemption,updated,"https://revenue.iowa.gov/taxes/tax-guidance/tax-credits-deductions-exemption/tax-credits-and-exemptions#:~:text=Iowa%20Methane%20Gas%20Conversion%20Property%20Tax%20Exemption&text=Eligibility%3A%20Property%20must%20be%20used,or%20before%20December%2031%2C",low,"This program provides a 100% property tax exemption for methane gas conversion and waste-to-energy property (primarily landfill gas systems), which does not map directly to standard residential or commercial building end-use efficiency or electrification equipment in Scout. Recommending exclusion or review for relevance to Scout building model scope.",reference,"Iowa Methane Gas Conversion Property Tax Exemption: https://revenue.iowa.gov/taxes/tax-guidance/tax-credits-deductions-exemption/tax-credits-and-exemptions#:~:text=Iowa%20Methane%20Gas%20Conversion%20Property%20Tax%20Exemption&text=Eligibility%3A%20Property%20must%20be%20used,or%20before%20December%2031%2C",IA,,,,,natural gas,,,,non-federal,,,,,100,,,2008,,,
184,Property Tax Exemption for Renewable Energy Systems,updated,,low,"Property tax exemption (100% of added property value for 10 years for residential geothermal, 5 years for solar/wind) cannot be directly expressed as a simple rebate amount ($) or credit percentage without knowing local millage rates and property value assessment impacts. Specific dollar incentive amounts, performance thresholds, and applicable fractions are missing.",reference,Property Tax Exemption for Renewable Energy Systems (Iowa Department of Natural Resources),IA,all residential,all,heating,GSHP,electricity,all,,replace,non-federal,,,,,,,,2012,,,
56,Renewable Energy Equipment Exemption,updated,https://tax.iowa.gov/iowa-sales-and-use-tax-guide,low,"Renewable energy equipment (solar, wind, hydro) does not map cleanly to standard Scout HVAC/envelope technologies or end uses. Sales tax exemption is 100% of the 6% state sales tax rate (effective 6% credit/discount). Reviewer should check if solar thermal/PV equipment incentives belong in Scout's sub_fed incentives dataset and confirm appropriate technology and end-use categorization.",reference,Iowa Renewable Energy Equipment Exemption: https://tax.iowa.gov/iowa-sales-and-use-tax-guide,IA,all,all,all,all,all,,,,non-federal,,,,,6,,,2006,,,
1227,Income Tax Deduction for Energy Efficiency Upgrades,updated,,low,"This program provides a 100% state income tax deduction (reducing taxable income) rather than a direct tax credit or rebate. Conversion to net financial incentive value depends on Idaho state income tax brackets/rates. Additionally, start/end years and specific energy code performance criteria (R-values or U-factors) are not specified in the DSIRE summary.",reference,Idaho Income Tax Deduction for Energy Efficiency Upgrades: http://tax.idaho.gov/search-formspublications.cfm?ch=ind&t=tt&y=9999,ID,all residential,pre-2002,heating,wall,all,all,,replace,non-federal,,,,,,,,,,,
1653,Intermountain Gas Company (IGC) - Energy Efficiency Rebate Program,updated,https://www.intgas.com/energy-efficiency_program/residential-energy-efficiency/,medium,"Start and end years are not explicitly provided in the source summary. Additional candidate rows are needed for other program measures including boilers ($800), storage water heaters ($115), tankless water heaters ($300-$325), smart thermostats ($100), and whole home tiers ($700-$900).",reference,Intermountain Gas Company (IGC) - Energy Efficiency Rebate Program: https://www.intgas.com/energy-efficiency_program/residential-energy-efficiency/,ID,all residential,all,heating,furnace (NG),natural gas,natural gas,,replace,non-federal,,,0.95,AFUE,,350,$/unit,,,,
22079,Kootenai Electric Cooperative - Commercial Energy Efficiency Rebate Program,updated,https://www.directefficiency.com/kec-commercial-rebates/,medium,"Selected Air Source Heat Pump Retrofit ($1000/ton) for this row; separate candidate rows would be needed for DHP ($1000/ton), ASHP Upgrade ($150/ton), DHP Upgrade ($300/ton), and Lighting. Specific equipment performance efficiency thresholds (e.g., SEER2, HSPF2, COP) and start/end dates are not provided in the summary and require verification from the utility program site.",reference,Kootenai Electric Cooperative - Commercial Energy Efficiency Rebate Program: https://www.directefficiency.com/kec-commercial-rebates/,ID,all commercial,all,heating,ASHP,electricity,all,,replace,non-federal,,,,,,1000,$/ton,,,,
2453,Kootenai Electric Cooperative - Residential Efficiency Rebate Program,updated,https://www.directefficiency.com/kec-residential-rebates/,medium,"Program covers multiple equipment types (HPWH $500, ASHP $300, ductless HP $900, GSHP $3000, insulation $0.75/sq ft, windows $5/sq ft). Drafted row focuses on Heat Pump Water Heater. Start/end years and explicit efficiency tier thresholds (e.g. UEF/COP) are not specified in the input text and need verification.",reference,Kootenai Electric Cooperative Residential Efficiency Rebate Program: https://www.directefficiency.com/kec-residential-rebates/,ID,all residential,all,water heating,electric WH,electricity,electricity,,replace,non-federal,,,,,,500,$/unit,,,,
4198,Northern Lights Inc. - Energy Conservation Rebate Program,updated,http://www.nli.coop/rebates/,medium,"Focused on Ductless Heat Pump ($920 rebate). Specific performance thresholds (HSPF2/SEER2) and program start/end dates are missing from the summary and require verification on the program website. Other eligible measures (clothes washer $30, dryer $60, smart thermostat $140, manufactured homes $1000) are not represented in this single row.",reference,Northern Lights Inc. - Energy Conservation Rebate Program: http://www.nli.coop/rebates/,ID,all residential,all,heating,ASHP,electricity,all,,replace,non-federal,,,,,,920,$/unit,,,,
2786,"Property Tax Exemption for Wind, Solar, and Geothermal Energy Producers",updated,,low,This program is a commercial property tax exemption (replaced by a 3% or 3.5% production tax on gross energy earnings) for energy producers rather than an equipment-level rebate or tax credit for building upgrades. Review whether commercial renewable power producer incentives belong in Scout sub_fed/incentives.csv.,reference,"Property Tax Exemption for Wind, Solar, and Geothermal Energy Producers (Idaho State Tax Commission): https://legislature.idaho.gov/wp-content/uploads/sessioninfo/2016/legislation/H0534.pdf",ID,commercial,all,heating,GSHP,electricity,,,,non-federal,,,,,,,,2007,,,
137,Residential Alternative Energy Tax Deduction,updated,,low,"Incentive is a state personal income tax deduction (40% in year 1, 20% in years 2-4; $5,000/yr max deduction, $20,000 total max deduction) rather than a direct tax credit or rebate, so effective financial value depends on the taxpayer's state tax rate. Program covers GSHP, solar, biomass, and wood stove replacements using NG/propane; GSHP was selected as a representative Scout tech. Start/end years and specific energy performance thresholds are missing.",reference,Idaho Residential Alternative Energy Tax Deduction: http://tax.idaho.gov/m-formpub.cfm,ID,all residential,all,heating,GSHP,electricity,all,,replace,non-federal,,,,,40,5000,$/unit,,,,
22233,ComEd - Distributed Generation and Storage Rebates,updated,https://www.comed.com/smart-energy/my-green-power-connection/solar-energy/solar-rebates,low,"Solar PV and battery energy storage are distributed energy resources that do not map directly to Scout's standard building efficiency end-use equipment taxonomy (such as ASHP, electric WH, etc.). Assigned 'all' for tech(s) and end use(s), but reviewer should confirm if DG/storage incentives should be included or tracked separately in Scout. Rebate amount varies ($300/kW for residential/small commercial vs $250/kW for large commercial/community solar); $300/kW is drafted for residential/small commercial.",reference,ComEd - Distributed Generation and Storage Rebates: https://www.comed.com/smart-energy/my-green-power-connection/solar-energy/solar-rebates,IL,all,all,all,all,electricity,,,,non-federal,,,,,,300,$/kW,,,,
22174,Electric Vehicle Fleet Fee Exemption,updated,https://www.ilga.gov/legislation/ilcs/fulltext.asp?DocName=041501200K35,low,"This program applies to electric vehicle fleet registration fee exemptions ($20/vehicle), which falls outside Scout's domain of building energy equipment and envelope upgrades. Recommend rejecting/excluding from incentives.csv.",reference,Electric Vehicle Fleet Fee Exemption: https://www.ilga.gov/legislation/ilcs/fulltext.asp?DocName=041501200K35,IL,,,,,electricity,,,,non-federal,,,,,,20,$/vehicle,,,,
4493,Jo-Carroll Energy - Energy Efficiency Rebate Program (Electric),updated,https://jcecoop.com/incentives,medium,"Program covers multiple technologies (ASHP, GSHP, HPWH, appliances, lighting); drafted row covers Heat Pump Water Heater ($300/unit). Separate rows may be needed for ASHP ($175/ton), GSHP ($400-600/ton), and other measures. Start year, end year, specific efficiency thresholds, and applicable fraction are not provided in the input details.",reference,Jo-Carroll Energy - Energy Efficiency Rebate Program (Electric): https://jcecoop.com/incentives,IL,all residential,all,water heating,electric WH,electricity,all,,replace,non-federal,,,,,,300,$/unit,,,,
3507,MidAmerican Energy - Residential Energy Efficiency Rebate Programs,updated,https://www.midamericanenergy.com/il-ee-rebates,medium,"This program covers multiple technologies (ASHP, CAC, GSHP, HPWH, furnaces, appliances). Drafted specifically for Heat Pump Water Heaters ($225/unit). Performance efficiency thresholds (e.g., ENERGY STAR UEF) are not specified in the summary and require verification. Separate rows may be needed for other equipment types (e.g., ASHP, GSHP, furnaces).",reference,MidAmerican Energy - Residential Energy Efficiency Rebate Programs: https://www.midamericanenergy.com/il-ee-rebates,IL,all residential,all,water heating,electric WH,electricity,all,,replace,non-federal,,,,,,225,$/unit,2025,2025,,
3567,Renewable Energy and Energy Efficiency Project Financing,updated,,low,"This is a tax-exempt bond financing program for commercial/institutional entities rather than a direct rebate or tax credit. Specific rebate amounts, credit percentages, performance levels, and target equipment technologies are not provided and cannot be modeled directly as a standard equipment rebate. Source URL was missing from input.",reference,Illinois Finance Authority - Renewable Energy and Energy Efficiency Project Financing,IL,all commercial,all,all,all,all,,,,non-federal,,,,,,,,2009,,,
4365,AES Indiana - Business Energy Incentives Program,updated,https://www.aesindiana.com/your-business,medium,"Program includes multiple equipment categories (lighting, kitchen, other HVAC). This row covers Air Source Heat Pumps at $60/ton. Specific performance criteria/efficiency thresholds and start/end dates are not detailed in the record and need human verification.",reference,AES Indiana - Business Energy Incentives Program: https://www.aesindiana.com/your-business,IN,all commercial,all,heating,ASHP,electricity,,,replace,non-federal,,,,,,60,$/ton,,,,
2671,Dubois REC - Residential Energy Efficiency Rebate Program,expired+updated,https://www.duboisrec.com/electric-hvac-and-water-heating-rebates/,medium,Check website for specific GSHP performance thresholds (COP/EER) and program start/end dates. Also check whether ASHP ($300-$500) requires a separate row.,reference,Dubois REC - Residential Energy Efficiency Rebate Program: https://www.duboisrec.com/electric-hvac-and-water-heating-rebates/,IN,all residential,all,heating,GSHP,electricity,all,,replace,non-federal,,,,,,2000,$/unit,,,,
2297,Duke Energy - Commercial Energy Efficiency Rebate Program,updated,https://www.duke-energy.com/business/products/smartsaver/commercial-equipment,low,"Specific rebate amounts ($ or $/unit) and performance efficiency thresholds (e.g. COP, SEER2, R-value) are not stated in the program summary and need to be pulled from the 2025 application PDF link. The program spans multiple end uses/technologies (HVAC, envelope, refrigeration, commercial kitchen), which should eventually be split into individual technology rows.",reference,Duke Energy Smart $aver Commercial Energy Efficiency Rebate Program: https://www.duke-energy.com/business/products/smartsaver/commercial-equipment,IN,commercial,all,all,all,electricity,all,,replace,non-federal,,,,,,,,2025,,,
2684,Marshall County REMC - Residential Energy Efficiency Rebate Program,expired+updated,https://www.powermoves.com/rebates/residential/,medium,"Drafted for Heat Pump Water Heater ($800 rebate). Efficiency thresholds (e.g., UEF) and start/end years are not specified in the input text and require verification from program documentation. Additional rows are required for air-source heat pumps, geothermal heat pumps, and thermostats.",reference,Marshall County REMC Residential Energy Efficiency Rebate Program: https://www.powermoves.com/rebates/residential/,IN,all residential,all,water heating,electric WH,electricity,,,replace,non-federal,,,,,,800,$/unit,,,,
54,Renewable Energy Property Tax Exemption,expired+updated,https://www.in.gov/dlgf/deductions-property-tax/,low,"This is a property tax exemption based on assessed value or out-of-pocket costs, not an upfront purchase rebate or income tax credit percentage. Converting property tax exemptions into Scout incentive parameters requires local property tax rate assumptions. Additionally, technology coverage spans GSHP, solar thermal, PV, wind, and hydro; GSHP was selected as a representative Scout tech.",reference,Renewable Energy Property Tax Exemption (Indiana Department of Local Government Finance): https://www.in.gov/dlgf/deductions-property-tax/,IN,all,all,all,GSHP,all,,,replace,non-federal,,,,,,,,,2025,,
5106,Sales and Use Tax Exemption for Electrical Generating Equipment,updated,,low,"Program provides a sales/use tax exemption for equipment generating electricity for sale (commercial solar PV and wind). Residential systems are explicitly excluded. No sales tax rate percentage, explicit dollar amount, performance criteria, start/end years, or standard Scout end-use/technology mapping are provided in the input.",reference,Sales and Use Tax Exemption for Electrical Generating Equipment; Indiana Department of Revenue,IN,commercial,all,,,electricity,,,,non-federal,,,,,,,,,,,
5114,Wabash Valley Power Association (28 Member Cooperatives) - Residential Energy Efficiency Program,updated,https://www.powermoves.com/rebates/residential/,medium,"DSIRE record lists IN state, but summary mentions member cooperatives across IN, OH, MI, MO, IL. This candidate row focuses on the $800 heat pump water heater rebate; separate rows may be needed for ASHP ($250-$1800), GSHP ($250-$2000), dual fuel heat pumps ($500), and smart thermostats ($75). Specific equipment performance thresholds (e.g., UEF, COP) are missing from the input.",reference,Wabash Valley Power Association Residential Energy Efficiency Program: https://www.powermoves.com/rebates/residential/,IN,all residential,all,water heating,electric WH,electricity,all,,replace,non-federal,,,,,,800,$/unit,,2025,,
5238,Columbia Gas of Kentucky - Low Income Furnace Replacement Program,updated,https://www.columbiagasky.com/energy-efficiency/for-your-home,low,"Equipment performance requirements (e.g., AFUE efficiency threshold) and start/end dates are missing from the input data. The program applies specifically to low-income customers, so an applicable fraction representing the low-income share of gas-heated residential units in Columbia Gas of Kentucky service territory should be determined.",reference,Columbia Gas of Kentucky - Low Income Furnace Replacement Program: https://www.columbiagasky.com/energy-efficiency/for-your-home,KY,all residential,all,heating,furnace (NG),natural gas,natural gas,,replace,non-federal,,,,,100,,,,,,
3999,On-Farm Energy Efficiency Grant Program,updated,https://mtassociation.org/energy/funding-for-farm-energy-projects-in-kentucky-in-2025/,low,"Program is restricted to farm structures (personal residences and non-farm commercial properties are explicitly excluded); verify how farm buildings map to Scout building types. Maximum grant is 50% up to $10,000/year across multiple eligible technologies (lighting, windows, insulation, HVAC, water heating); water heaters mapped here as an example using the 90% thermal efficiency threshold specified.",reference,On-Farm Energy Efficiency Grant Program (Governor's Office of Agricultural Policy): https://mtassociation.org/energy/funding-for-farm-energy-projects-in-kentucky-in-2025/,KY,commercial,all,water heating,electric WH,all,,,replace,non-federal,,,0.90,thermal efficiency,50,10000,$/project,2025,,,
22572,Sales Tax Exemption - Machinery for New and Expanded Industry,updated,,low,"The program applies strictly to solar energy systems producing electricity for sale (wholesale generation) rather than on-site building consumption, making it applicable outside standard Scout building equipment end uses. Missing source URL, start/end dates, and explicit tax credit percentage in input text.",reference,Sales Tax Exemption - Machinery for New and Expanded Industry (Kentucky Department of Revenue),KY,commercial,all,all,all,electricity,,,,non-federal,,,,,,,,,,,
2306,Salt River Electric - Residential Energy Efficiency Rebate Programs,updated,https://www.srelectric.com/rebates/,low,"The heat pump retrofit rebate ranges from $250 to $750 depending on tier/specifications, but exact performance thresholds (SEER2/HSPF2/COP) are not specified in the DSIRE summary. Start year, end year, and exact tier breakdown should be confirmed from utility program documentation.",reference,Salt River Electric - Residential Energy Efficiency Rebate Programs: https://www.srelectric.com/rebates/,KY,all residential,all,heating,ASHP,electricity,,,replace,non-federal,,,,,,750,$/unit,,,,
2283,Together We Save - Kentucky's Touchstone Energy Cooperatives (16 Cooperatives),updated,https://togetherwesaveky.com/cooperatives/,low,"No specific dollar rebate amounts, performance thresholds, or start/end years were provided in the source summary because rebates vary by local cooperative. Check individual member cooperative rebate pages for specific ASHP, insulation, and appliance rebate amounts.",reference,Together We Save - Kentucky's Touchstone Energy Cooperatives rebate program: https://togetherwesaveky.com/cooperatives/,KY,all residential,all,heating,ASHP,electricity,,,replace,non-federal,,,,,,,,,,,
5789,Entergy (Louisiana and Gulf States) - Residential Energy Efficiency Program,updated,https://www.entergylouisiana.com/energyefficiency/residential,medium,"Program includes multiple equipment types (Central A/C up to $200, ASHP up to $250, Mini-Split up to $500, Smart Thermostats up to $150). Drafted for standard ASHP ($250/unit). Specific performance efficiency thresholds (beyond general ENERGY STAR certification) and start/end years are not provided in the text.",reference,Entergy Solutions Residential Energy Efficiency Program: https://www.entergylouisiana.com/energyefficiency/residential,LA,all residential,all,heating,ASHP,electricity,all,,replace,non-federal,,,,,,250,$/unit,,,,
3752,Entergy New Orleans - Residential Energy Efficiency Program,updated,https://www.energysmartnola.info/residents/,medium,"The program covers multiple HVAC and appliance measures; this draft captures Heat Pump Water Heaters ($1,000 rebate). Start/end years and exact numeric performance levels (e.g., UEF) are not provided beyond requiring ENERGY STAR certification.",reference,Entergy New Orleans Residential Energy Efficiency Program: https://www.energysmartnola.info/residents/,LA,all residential,all,water heating,electric WH,electricity,all,,replace,non-federal,,,,,,1000,$/unit,,,,
1808,Concord Municipal Light Plant - Commercial Energy Efficiency Rebate Program,updated,https://concordma.gov/1989/Rebates-for-your-Business,low,"Heat pump rebates range from $2,500 to $4,500 depending on capacity/tier, but exact capacity thresholds are not provided in the summary. Performance levels (COP/HSPF) and program start/end dates are also missing. Consider drafting separate rows for HPWH ($185-$750) and lighting measures.",reference,Concord Municipal Light Plant Commercial Energy Efficiency Rebate Program: https://concordma.gov/1989/Rebates-for-your-Business,MA,all commercial,all,heating,ASHP,electricity,,,replace,non-federal,,,,,,,$/unit,,,,
4067,Green Communities Grant Program,updated,http://www.mass.gov/eea/energy-utilities-clean-tech/green-communities/gc-grant-program/,low,"This entry describes a municipal-level grant program with custom/variable grant amounts determined by a formula and local energy reduction plans. No specific dollar amounts, equipment performance thresholds, target building types, start/end years, or tech specifications are provided in the source summary. Review program guidance or grant award details to determine if discrete equipment-level incentive rows can be extracted for Scout.",reference,Green Communities Grant Program: http://www.mass.gov/eea/energy-utilities-clean-tech/green-communities/gc-grant-program/,MA,,,,all,,,,,non-federal,,,,,,,,,,,
1338,Holyoke Gas & Electric - Commercial Energy Assistance Program,updated,https://www.hged.com/commercial/ee-business/ceap/default.aspx,low,"This entry represents a 0% interest loan program (up to $20,000, 36-60 month payback) rather than a direct rebate or tax credit. No rebate amount, percentage credit, performance levels, or active years were specified. Analyst should decide if loan programs belong in sub_fed/incentives.csv and how 0% financing should be converted into direct rebate equivalents.",reference,Holyoke Gas & Electric Commercial Energy Assistance Program: https://www.hged.com/commercial/ee-business/ceap/default.aspx,MA,commercial,all,all,all,"electricity, natural gas",,,replace,non-federal,,,,,,,,,,,
4283,Local Option - Energy Revolving Loan Fund,updated,,low,"This entry describes an enabling framework for local PACE financing / revolving loan funds with no fixed dollar rebate, tax credit percentage, or equipment performance thresholds specified. Confirm whether financing/loan programs should be represented in incentives.csv and determine appropriate start/end years and applicability.",reference,Local Option - Energy Revolving Loan Fund (MA): https://malegislature.gov/Bills/186/House/H4877,MA,"all residential, all commercial",all,all,all,all,all,,replace,non-federal,,,,,,,,2010,,,
1811,Mansfield Municipal Electric Department - Residential Energy Efficiency Rebate Program,expired+updated,https://www.mansfieldelectric.com/rebates-savings,medium,"This record contains multiple measures (heat pumps at $500/ton, weatherization 50% up to $1,000, appliances, HPWH at $500/unit). Drafted row focuses on Heat Pump Water Heater. Separate rows should be created for ASHP/GSHP and weatherization measures if desired. Start/end years and specific numeric performance thresholds (e.g., UEF) are omitted because they were not explicitly specified in the source text.",reference,Mansfield Municipal Electric Department - Residential Energy Efficiency Rebate Program: https://www.mansfieldelectric.com/rebates-savings,MA,all residential,all,water heating,electric WH,electricity,all,,replace,non-federal,,,,,,500,$/unit,,,,
4799,Mass Save  - Residential Energy Efficiency Programs,updated,https://www.masssave.com/en/saving/residential-rebates/,medium,"DSIRE record encompasses multiple technologies (ASHP, HPWH, appliances, controls). This candidate row models the Heat Pump Water Heater rebate ($750). Additional rows should be drafted for whole-home ASHPs ($3,000/ton), induction cooktops ($500), and HP dryers ($200). Start/end years and exact UEF efficiency requirements are omitted in the summary and should be verified on Mass Save's website.",reference,Mass Save Residential Energy Efficiency Programs: https://www.masssave.com/en/saving/residential-rebates/,MA,all residential,all,water heating,electric WH,electricity,all,,replace,non-federal,,,,,,750,$/unit,,,,
4798,Mass Save (Electric) - Large Commercial Retrofit Program,updated,https://www.masssave.com/business/programs-and-services/deep-energy-retrofit,low,"This program is a whole-building performance/Deep Energy Retrofit (DER) incentive ($0.40/sq ft for 25% GHG reduction, additional $0.60/sq ft for 40% GHG reduction) rather than an equipment-specific rebate. mapped tech(s) and end use(s) to 'all'. Start and end years are not provided in the text. Start year, end year, and applicable fraction are left blank.",reference,Mass Save Large Commercial Retrofit Program: https://www.masssave.com/business/programs-and-services/deep-energy-retrofit,MA,commercial,existing,all,all,electricity,all,,replace,non-federal,,,25; 40,% GHG reduction,,1,$/sq ft,,,,
2107,Mass Save - HEAT Loan Program,updated,https://www.masssave.com/en/residential/programs-and-services/financing,low,"This program provides 0% interest financing (up to $25,000-$50,000 for up to 7 years) rather than a direct rebate or tax credit. Scout incentives.csv typically models direct rebates ($/unit, $/home) or percentage tax credits. Reviewer should verify whether/how 0% financing should be modeled as an equivalent rebate amount or omitted.",reference,Mass Save HEAT Loan Program: https://www.masssave.com/en/residential/programs-and-services/financing,MA,all residential,all,all,all,all,,,replace,non-federal,,,,,,,,,,,
22638,Massachusetts - National Electric Vehicle Infrastructure (NEVI) Formula Grant Program,updated,https://www.mass.gov/massdot-nevi-plan,low,"EV charging infrastructure does not map directly to standard Scout building technologies or end uses. Additionally, no specific numeric rebate amounts, credit percentages, performance thresholds, or end years are provided in the input text.",reference,Massachusetts - National Electric Vehicle Infrastructure (NEVI) Formula Grant Program: https://www.mass.gov/massdot-nevi-plan,MA,"all residential, all commercial",new,all,all,electricity,,,,non-federal,,,,,,,,2024,,,
3217,NextZero - Offered by 21 Utilities through the MMWEC,updated,https://nextzero.org/,low,"Rebate dollar amounts, performance thresholds (e.g., SEER2, HSPF2, COP), and effective dates vary across the 21 individual municipal utilities and are not provided in the summary. Specific utility program documentation must be consulted to fill in missing values.",reference,NextZero Residential Rebates: https://nextzero.org/,MA,all residential,all,heating,ASHP,electricity,,,replace,non-federal,,,,,,,,,,,
22037,PACE Massachusetts Financing,updated,https://www.massdevelopment.com/products-and-services/financing/green-finance/pace/,low,"This is a PACE financing program rather than a direct rebate or tax credit. No dollar incentive amounts, credit percentages, or specific technical performance levels are specified in the source summary (only a Savings to Investment Ratio test is required). Confirm whether financing/loan programs should be modeled in Scout incentives.csv.",reference,PACE Massachusetts Financing (MassDevelopment): https://www.massdevelopment.com/products-and-services/financing/green-finance/pace/,MA,"commercial, multifamily",all,all,all,all,,,,non-federal,,,,,,,,2016,,,
4595,Reading Municipal Light Department - Business Energy Efficiency Rebate Program,updated,https://www.rmld.com/207/Commercial-Rebates,medium,"Missing start/end years, explicit performance criteria (efficiency thresholds), and applicable fraction in source text. Incentive ($1,000/ton) mapped to commercial air-source heat pumps (ASHP).",reference,Reading Municipal Light Department Business Energy Efficiency Rebate Program: https://www.rmld.com/207/Commercial-Rebates,MA,all commercial,all,heating,ASHP,electricity,,,replace,non-federal,,,,,,1000,$/ton,,,,
145,Renewable Energy Equipment Sales Tax Exemption,updated,http://www.mass.gov/dor/individuals/taxpayer-help-and-resources/tax-guides/salesuse-tax-guide.html,low,"The program provides a 100% exemption from state sales tax (MA sales tax is 6.25%), rather than a direct equipment cost rebate/credit percentage. Analyst needs to determine how sales tax exemptions should be modeled in Scout. Also check start/end years and if other heat pump types (ASHP, HPWH) qualify.",reference,MA Renewable Energy Equipment Sales Tax Exemption: http://www.mass.gov/dor/individuals/taxpayer-help-and-resources/tax-guides/salesuse-tax-guide.html,MA,all residential,all,heating,GSHP,electricity,all,,replace,non-federal,,,,,,,,,,,
4557,Residential & Small-Scale Solar Hot Water Program,updated,http://www.masscec.com/get-clean-energy/residential/solar-hot-water,low,"The program summary lists multiple incentive mechanisms (15% state tax credit up to $1,000, AECs worth $400-$1,000, and 0% financing). Mapped technology to 'electric WH' as solar water heater is not in standard Scout vocabulary. Start/end years and equipment performance standards are not specified in the source text.",reference,Residential & Small-Scale Solar Hot Water Program (MassCEC): http://www.masscec.com/get-clean-energy/residential/solar-hot-water,MA,all residential,all,water heating,electric WH,solar,all,,replace,non-federal,,,,,15,1000,$/unit,,,,
22809,Shrewsbury Electric - Commercial Energy Efficiency Rebate Program,updated,https://selco.shrewsburyma.gov/commercial-rebates-incentives/,medium,"Omitted EV charger rebates ($250-$3,000) as EVSE is outside standard Scout building equipment end uses. Confirm whether heat pump rebate applies to specific heat pump categories (ASHP, GSHP, VRF) or rooftop units, whether performance efficiency thresholds exist, and determine active start/end years.",reference,Shrewsbury Electric & Cable Operations Commercial Energy Efficiency Rebate Program: https://selco.shrewsburyma.gov/commercial-rebates-incentives/,MA,all commercial,all,heating,ASHP,electricity,all,,replace,non-federal,,,,,,750,$/ton,,,,
1929,Shrewsbury Electric - Residential Energy Efficiency Rebate Program,updated,https://www.selco.shrewsburyma.gov/efficiency-renewables,medium,"Drafted specifically for Heat Pump Water Heaters ($850/unit rebate). Start year is not explicitly provided. Summary notes state the program application period closed on 12/31/2024. Other equipment types in this program (ASHP, GSHP, central AC, weatherization, thermostats) would require separate rows.",reference,Shrewsbury Electric - Residential Energy Efficiency Rebate Program: https://www.selco.shrewsburyma.gov/efficiency-renewables,MA,all residential,all,water heating,electric WH,electricity,all,,replace,non-federal,,,,,,850,$/unit,,2024,,
22111,Solar Massachusetts Renewable Target (SMART) Program,updated,https://www.mass.gov/info-details/smart-30-program-details,low,"Solar PV is a generation technology rather than a standard Scout end-use/envelope technology. Incentive structure is performance-based ($/kWh) and depends on multi-tiered base compensation rates, system capacity, and locational/off-taker adders, so a single rebate_amount or credit_pct cannot be populated without selecting a specific project tier. Reviewer should verify start year and capacity block definitions for SMART 3.0.",reference,Solar Massachusetts Renewable Target (SMART) Program: https://www.mass.gov/info-details/smart-30-program-details,MA,all,all,all,PV,electricity,,,,non-federal,,,,,,,$/kWh,,2026,,
22807,Taunton Municipal Lighting Plant - EV and Level 2 EV Charging Program,updated,https://www.tmlp.com/178/EV-Program,low,EVs and Level 2 EVSE are not standard building ECM technologies in Scout. This row represents the $300 rebate for Level 2 EVSE chargers; a separate $450 rebate exists for new/used BEV/PHEV vehicles. Start and end years as well as technical performance requirements are not provided in the input source text.,reference,Taunton Municipal Lighting Plant - EV and Level 2 EV Charging Program: https://www.tmlp.com/178/EV-Program,MA,all residential,all,all,all,electricity,,,replace,non-federal,,,,,,300,$/unit,,,,
22806,Taunton Municipal Lighting Plant - Heat Pump Residential Rebate,updated,https://www.tmlp.com/182/Heat-Pump-Zero-Interest-Loan-Residential,medium,"Start and end years are not specified in the input text. Equipment performance thresholds (e.g., COP/SEER2/HSPF2) are omitted. A cap of $5,000 applies per unit/home for standard heat pumps. Separate candidate rows should be drafted for the low-to-moderate income rebate tier ($2,250/ton, max $9,000) and weatherization/air sealing (50% of cost, max $3,000).",reference,Taunton Municipal Lighting Plant Heat Pump Residential Rebate: https://www.tmlp.com/182/Heat-Pump-Zero-Interest-Loan-Residential,MA,all residential,all,heating,ASHP,electricity,all,,replace,non-federal,,,,,,1250,$/ton,,,,
4561,Taunton Municipal Lighting Plant - Home and Outdoor Appliance Rebate,updated,https://www.tmlp.com/179/Home-and-Outdoor-Appliance-Rebate,medium,"Specific numeric efficiency thresholds (e.g., UEF) beyond ENERGY STAR certification are not detailed in the summary. Start and end years are omitted as they are not explicitly specified. Additional candidate rows could be created for other rebate items mentioned in the program details (e.g., room AC at $40/unit, clothes dryers at $50/unit, or thermostats).",reference,Taunton Municipal Lighting Plant (TMLP) Home and Outdoor Appliance Rebate: https://www.tmlp.com/179/Home-and-Outdoor-Appliance-Rebate,MA,all residential,all,water heating,electric WH,electricity,all,,replace,non-federal,,,,,,300,$/unit,,,,
22805,Taunton Municipal Lighting Plant - Residential Heat Pump & Zero-Interest Loan,updated,https://www.tmlp.com/182/Heat-Pump-Zero-Interest-Loan-Residential,low,"Program offers a zero-interest loan up to $25,000 (7-year term) rather than a direct rebate or tax credit; reviewer must clarify how Scout accounts for loan financing programs. Specific equipment performance efficiency requirements (e.g. COP/SEER2), start/end years, and market applicability fractions are missing from the input source.",reference,Taunton Municipal Lighting Plant - Residential Heat Pump & Zero-Interest Loan: https://www.tmlp.com/182/Heat-Pump-Zero-Interest-Loan-Residential,MA,all residential,all,heating,ASHP,electricity,all,,replace,non-federal,,,,,,,,,,,
4577,Anne Arundel County - High Performance Building Property Tax Credit,updated,https://www.aacounty.org/finance/tax-information/tax-credits-exemptions,low,"This is a whole-building property tax credit based on a percentage (40%-80%) of county property taxes owed rather than equipment/system cost, with caps ranging from $1,000 (residential Silver) to $60,000 (commercial Platinum) over 5 years. Reviewer needs to determine whether and how property tax incentives for whole-building LEED/NGBS certifications can be represented in Scout's equipment-level rebate schema.",reference,Anne Arundel County - High Performance Building Property Tax Credit: https://www.aacounty.org/finance/tax-information/tax-credits-exemptions,MD,all,all,all,all,all,all,,,non-federal,,,,,,,,2010,,,
2908,Anne Arundel County - Solar and Geothermal Equipment Property Tax Credits,updated,https://www.aacounty.org/finance/tax-information/tax-credits-exemptions,medium,"Program covers PV, solar space/water heating, and geothermal heat pumps (GSHP). This row isolates GSHP for heating. Since this is a county-level property tax credit for Anne Arundel County, MD, applicable_fraction needs adjustment to reflect the county's share of MD residential buildings.",reference,Anne Arundel County - Solar and Geothermal Equipment Property Tax Credits: https://www.aacounty.org/finance/tax-information/tax-credits-exemptions,MD,all residential,all,heating,GSHP,electricity,all,,replace,non-federal,,,,,50,2500,$/home,2010,,,
5042,Baltimore County - Property Tax Credit for Solar and Geothermal Devices,updated,https://www.baltimorecountymd.gov/departments/budfin/taxpayer-services/tax-credits/energy,medium,"Incentive applies specifically to Baltimore County within MD rather than statewide. Program covers GSHP heating ($5,000 max), GSHP/solar hot water ($1,500 max), and solar PV ($5,000 max); this row targets GSHP heating. End year is unspecified in source material. Verify whether rebate_units should be $/unit or $/home and check applicable fraction for local tax credit uptake.",reference,Baltimore County Property Tax Credit for Solar and Geothermal Devices: https://www.baltimorecountymd.gov/departments/budfin/taxpayer-services/tax-credits/energy,MD,all residential,all,heating,GSHP,electricity,all,,replace,non-federal,,,,,50,5000,$/unit,2010,,,
5650,Commercial and Industrial Grant Program,updated,http://energy.maryland.gov/business/Pages/incentives/empowermdcigp.aspx,low,"Whole-building grant program covering up to 50% of project costs (100% for eligible low-income serving facilities in FY 2026). Summary states awards up to $500,000 while Details list a maximum of $200,000. Start/end years are not specified. Reviewer needs to decide how to represent commercial grant dollar caps and applicable fractions in Scout.",reference,Maryland Energy Administration Commercial and Industrial Grant Program: http://energy.maryland.gov/business/Pages/incentives/empowermdcigp.aspx,MD,commercial,all,all,all,electricity,electricity,,replace,non-federal,,,20,% reduction,50,,,,,,
22792,Community Solar LMI-PPA Grant Program,updated,https://energy.maryland.gov/residential/pages/communitysolarlmi-ppa.aspx,low,"1. Program is a community solar grant targeted at project developers ($2,000/kW-dc for AOI-2, custom formula for AOI-1) rather than direct building equipment retrofits/rebates. Verify if/how community solar generation grants should be represented in Scout. 2. Specific per-household rebate or benefit amount is variable depending on utility savings and project capacity.",reference,Maryland Energy Administration Community Solar LMI-PPA Grant Program: https://energy.maryland.gov/residential/pages/communitysolarlmi-ppa.aspx,MD,low-income residential,all,all,PV,electricity,,,,non-federal,,,,,,,,2025,,,
3744,Delmarva Power - Residential Energy Efficiency Rebate Program,updated,https://www.delmarva.com/WaysToSave/ForYourHome/Pages/MD/RebatesAndDiscounts.aspx,medium,"Start/end years are not specified in the input text. Numeric efficiency threshold (UEF) beyond general ENERGY STAR qualification is not explicitly stated. Draft focuses on HPWH ($1,600); separate rows would be needed if smart thermostats or other HVAC/appliance incentives are modeled.",reference,Delmarva Power - Residential Energy Efficiency Rebate Program: https://homeenergysavings.delmarva.com/residential/rebates,MD,all residential,all,water heating,electric WH,electricity,all,,replace,non-federal,,,,,,1600,$/unit,,,,
2832,Harford County - Property Tax Credit for Solar and Geothermal Devices,updated,https://www.harfordcountymd.gov/DocumentCenter/View/27251/Solar-Geothermal-Energy-ApplicationPDF,low,"Property tax credit covers geothermal heat pumps (GSHP), solar PV, and solar WH up to $2,500/device ($5,000/property max) applied against real property tax liability. Drafted for GSHP under heating; separate rows would be needed for PV/solar water heating. Applicable fraction for MD state-level modeling must be adjusted to account for Harford County population/building stock fraction.",reference,Harford County Property Tax Credit for Solar and Geothermal Devices: https://www.harfordcountymd.gov/DocumentCenter/View/27251/Solar-Geothermal-Energy-ApplicationPDF,MD,all,all,heating,GSHP,electricity,all,,replace,non-federal,,,,,,2500,$/unit,,,,
22796,Local Government Energy Modernization Program (L-GEM),expired+updated,https://energy.maryland.gov/govt/pages/smartenergycommunities.aspx,low,"The program summary notes that L-GEM is now closed. Additionally, funding is structured as total grant caps ($300k-$1.5M per project/municipality) rather than equipment-level $/unit or $/sqft rebates, and no explicit equipment performance standards are provided.",reference,"Local Government Energy Modernization Program (L-GEM), Maryland Energy Administration: https://energy.maryland.gov/govt/pages/smartenergycommunities.aspx",MD,all commercial,all,all,all,all,,,replace,non-federal,,,,,,,,2026,2026,,
3107,Montgomery County - Property Tax Credit – Renewable Energy (Energy Conservation Devices),updated,https://www.montgomerycountymd.gov/finance/taxes/tax_credit_exempt.html#p19,low,"Specific eligible energy conservation technologies and efficiency performance metrics are not specified in the DSIRE summary. The program has a $100,000 total annual cap across all applicants.",reference,Montgomery County Property Tax Credit - Energy Conservation Devices: https://www.montgomerycountymd.gov/finance/taxes/tax_credit_exempt.html#p19,MD,all residential,all,all,all,all,,,replace,non-federal,,,,,100,250,$/home,2008,,,
3246,Montgomery County - Property Tax Credits for Newly Constructed Buildings,updated,https://www.montgomerycountymd.gov/DEP/energy/commercial/property-tax-credit-mc-incentive.html,low,"This is a whole-building property tax credit tied to LEED certification or percentage performance above code, rather than a direct equipment rebate/tax credit. Specific equipment performance metrics (COP, AFUE, R-value), program start/end years, and direct equipment cost/rebate values are not defined in the source summary. A human reviewer needs to determine how whole-building property tax credits map onto Scout measure capital costs.",reference,Montgomery County - Property Tax Credits for Newly Constructed Buildings: https://www.montgomerycountymd.gov/DEP/energy/commercial/property-tax-credit-mc-incentive.html,MD,"commercial, multi-family residential",all,all,all,all,all,,,non-federal,,,,,,,,,,,
3745,PEPCO - Residential Energy Efficiency Rebate Program,updated,https://www.pepco.com/WaysToSave/ForYourHome/Pages/MD/RebatesAndDiscounts.aspx,medium,"Specific performance requirements (e.g., UEF rating) and program start/end years are not specified in the input text and need verification from PEPCO's guidelines. Separate rows could also be drafted for smart thermostats or appliance recycling if needed.",reference,PEPCO Residential Energy Efficiency Rebate Program: https://www.pepco.com/WaysToSave/ForYourHome/Pages/MD/RebatesAndDiscounts.aspx,MD,all residential,all,water heating,electric WH,electricity,all,,replace,non-federal,,,,,,1600,$/unit,,,,
3106,Prince George's County - Solar and Geothermal Residential Property Tax Credit,updated,,medium,"Source URL was missing from the DSIRE input record. Specific minimum efficiency/performance thresholds were not quantified. County-wide total budget cap of $500,000/year may limit the applicable fraction.",reference,Prince George's County - Solar and Geothermal Residential Property Tax Credit (Prince George's County Office of Finance),MD,all residential,all,heating,GSHP,electricity,all,,replace,non-federal,,,,,50,5000,$/unit,2008,,,"A county-wide program cap of $500,000 per fiscal year applies, which may restrict the overall applicable fraction."
22804,Residential Energy Equity Program,updated,https://energy.maryland.gov/Pages/ResidentialEnergyEquity.aspx,low,"DSIRE summary does not list specific eligible equipment technologies or efficiency thresholds (refers to Funding Opportunity Announcement). Program is a competitive grant to local governments/non-profits with a maximum per-residence funding cap of $21,000 for energy efficiency (AOI1). Need to review FOA to determine specific eligible measures, performance levels, and target LMI market fractions.",reference,Residential Energy Equity Program: https://energy.maryland.gov/Pages/ResidentialEnergyEquity.aspx,MD,all residential,all,all,all,all,all,,replace,non-federal,,,,,,21000,$/home,2026,,,
3574,SMECO - Residential Energy Efficiency Rebate Program,updated,https://www.smeco.coop/energy-efficiency/residential-programs/,medium,"Start and end years for the program are not explicitly provided in the input text. Equipment performance requirements (e.g., minimum UEF rating) are missing. Additional offered incentives (smart thermostats up to $75, appliance recycling $50, demand response) were omitted from this row and would require separate rows if tracked.",reference,SMECO - Residential Energy Efficiency Rebate Program: https://www.smeco.coop/energy-efficiency/residential-programs/,MD,all residential,all,water heating,electric WH,electricity,all,,replace,non-federal,,,,,,1600,$/unit,,,,
22591,C-PACE: Efficiency Maine,updated,https://www.efficiencymaine.com/c-pace/,low,"This is a C-PACE financing program rather than a direct rebate or tax credit. DSIRE summary provides no specific rebate amounts, tax credit percentages, or technology performance thresholds. Reviewer should verify whether PACE financing programs are included in incentives.csv and how loan terms should be modeled.",reference,C-PACE: Efficiency Maine Trust: https://www.efficiencymaine.com/c-pace/,ME,all commercial,all,all,all,all,,,,non-federal,,,,,,,,2021,,,
22046,Efficiency Maine - Home Energy Loans,updated,http://www.efficiencymaine.com/at-home/energy-loans/,low,"Program is a loan program offering financing ($25,000 at 7.99% APR or $7,500 at 5.99% APR) rather than direct rebate amounts or tax credit percentages. No explicit rebate amounts, performance metrics, or start/end years are provided. Human reviewer must determine if loan financing programs should be converted to an equivalent cash incentive value or excluded from incentives.csv.",reference,Efficiency Maine - Home Energy Loans: http://www.efficiencymaine.com/at-home/energy-loans/,ME,all residential,all,heating,ASHP,all,,,replace,non-federal,,,,,,,,,,,
5324,Efficiency Maine Appliance Rebate Program,updated,http://www.efficiencymaine.com/at-home/appliancerebate-program/,medium,"Specific numeric performance threshold (e.g., UEF rating for ENERGY STAR certification) is not provided in text. Start and end years are omitted as exact active period is not specified. Program also covers clothes washers ($50 rebate), which may require a separate row.",reference,Efficiency Maine Appliance Rebate Program: http://www.efficiencymaine.com/at-home/appliancerebate-program/,ME,all residential,all,water heating,electric WH,electricity,all,,replace,non-federal,,,,,,1050,$/unit,,,,
1144,Efficiency Maine Commercial and Industrial Prescriptive Program,updated,http://www.efficiencymaine.com/at-work/ci-prescriptive-incentive-program/,low,"Drafted for single-zone air-to-air heat pump mini-split retrofits ($1,000/unit). Program covers many additional HVAC equipment categories (VRF, RTUs, PTHPs, DOAS), weatherization, and small business/multifamily variations that require additional rows or clarification. Specific performance efficiency tiers and program start/end dates are not provided in the input text.",reference,Efficiency Maine Commercial and Industrial Prescriptive Program: http://www.efficiencymaine.com/at-work/ci-prescriptive-incentive-program/,ME,commercial,all,heating,ASHP,electricity,all,,replace,non-federal,,,,,,1000,$/unit,,,,
5442,Efficiency Maine Residential Home Energy Savings Program,updated,https://www.efficiencymaine.com/at-home/,low,"This DSIRE program covers multiple technologies (heat pumps, insulation, geothermal, biomass); this row only drafts the residential heat pump (ASHP) portion. The max rebate is listed as $9,000 depending on income level, but exact rebate tiers and technical efficiency criteria (COP/HSPF2) are omitted in the input text. Separate rows should be created for geothermal heat pumps ($3,000 max), insulation ($8,000 max), and biomass ($6,000 max).",reference,Efficiency Maine Residential Home Energy Savings Program: https://www.efficiencymaine.com/at-home/,ME,all residential,all,heating,ASHP,electricity,all,,replace,non-federal,,,,,,9000,$/home,,,,
22704,Maine - Home Electrification and Appliance Rebate (HEAR) Program,updated,https://www.efficiencymaine.com/IRA-Home-Energy-Rebates/,medium,"Start and end years are not explicitly stated in the text. Program applies specifically to low-income households, affordable multifamily housing, and manufactured/mobile homes; applicable fraction should be adjusted accordingly. Specific efficiency performance thresholds (e.g. COP, SEER2, HSPF2) are not provided in the text.",reference,Maine - Home Electrification and Appliance Rebate (HEAR) Program: https://www.efficiencymaine.com/IRA-Home-Energy-Rebates/,ME,all residential,all,heating,ASHP,electricity,all,,replace,non-federal,yes,,,,100,8000,$/unit,,,,
22637,Maine - National Electric Vehicle Infrastructure (NEVI) Formula Grant Program,updated,https://www.efficiencymaine.com/at-work/electric-vehicle-supply-equipment-initiative/,low,"EV charging infrastructure (DC fast chargers) is outside Scout's core building energy equipment/envelope scope. Additionally, no specific dollar rebate amount per unit, percentage credit, or technical performance metric threshold is provided in the source text.",reference,Maine - National Electric Vehicle Infrastructure (NEVI) Formula Grant Program: https://www.efficiencymaine.com/at-work/electric-vehicle-supply-equipment-initiative/,ME,all,all,,,electricity,,,,non-federal,,,,,,,,2023,2028,,
22783,Public Charger Grants,updated,https://www.efficiencymaine.com/opportunities/,low,"Electric vehicle fast chargers (DCFC) are outside standard Scout building energy end-use/technology categories. Additionally, no specific rebate dollar amounts, percentages, or performance thresholds are provided in the source summary.",reference,Efficiency Maine Public Charger Grants: https://www.efficiencymaine.com/opportunities/,ME,commercial,all,other,other,electricity,,,,non-federal,,,,,,,,,,,
22716,Small Business Energy Loans,updated,https://www.efficiencymaine.com/small-business-energy-loans/,low,"This entry represents a loan program (4.99% interest rate for $2,000-$10,000 financing) rather than a direct rebate or tax credit. Specific efficiency performance thresholds (e.g., COP/SEER) and start/end years are not provided in the DSIRE summary.",reference,Efficiency Maine Small Business Energy Loans: https://www.efficiencymaine.com/small-business-energy-loans/,ME,commercial,all,heating,ASHP,electricity,all,,replace,non-federal,,,,,,,,,,,
22141,Solar and Wind Energy Property Tax Exemption,updated,https://www.maine.gov/revenue/taxes/tax-relief-credits-programs/property-tax-relief-programs/property-tax-exemptions#:~:text=Property%20owners%20would%20receive%20an%20exemption%20of%20%2425%2C000.&text=Renewable%20Energy%20Investment%20Exemption%20%2DThi,low,"This is a 100% property tax exemption, not a direct equipment cost rebate or income tax credit. Conversion to $/unit or credit % requires local property tax rate assumptions. Technology covers solar and wind energy equipment for heat or electricity, which does not cleanly match standard Scout HVAC/envelope tech categories.",reference,Maine Department of Revenue - Solar and Wind Energy Property Tax Exemption: https://www.maine.gov/revenue/taxes/tax-relief-credits-programs/property-tax-relief-programs/property-tax-exemptions,ME,all,all,all,all,all,,,,non-federal,,,,,,,,2025,,,
22142,Alternative Energy Property Tax Exemption,updated,,low,"Program is a property tax exemption for alternative energy systems <= 150 kW rather than an equipment rebate or tax credit. Specific rebate amount, tax credit percentage, and precise equipment/technology definitions are not provided in the input.",reference,Alternative Energy Property Tax Exemption: http://www.legislature.mi.gov/(S(k0jpphr2tugg4lfsuxdawlkd))/mileg.aspx?page=GetObject&objectname=2019-HB-4465,MI,all,all,all,all,,,,,non-federal,,,,,,,,2019,,,
4275,Coldwater Board of Public Utilities - Residential Energy Efficiency Rebate Program,updated,https://www.coldwater.org/232/Energy-Optimization,medium,ENERGY STAR heat pump water heater minimum UEF is not numerically stated in text. Separate candidate rows could also be drafted for ASHP ($150-$350) and Central AC ($100-$300) if tier details are confirmed.,reference,Coldwater Board of Public Utilities - Residential Energy Efficiency Rebate Program: https://www.coldwater.org/232/Energy-Optimization,MI,all residential,all,water heating,electric WH,electricity,all,,replace,non-federal,,,,,,150,$/unit,2025,2025,,
22330,DTE Energy (Electric) - Charging Forward Program,updated,https://newlook.dteenergy.com/wps/wcm/connect/dte-web/home/service-request/residential/electric/pev/pev-res-charge-frwd,low,"Rebate dollar amount or credit percentage is not specified in the input text. Additionally, EV charging is not a standard Scout building end use/technology; reviewer should verify if EVSE incentives are included in Scout scope.",reference,DTE Energy - Charging Forward Program: https://newlook.dteenergy.com/wps/wcm/connect/dte-web/home/service-request/residential/electric/pev/pev-res-charge-frwd,MI,all residential,all,all,EV charger,electricity,,,,non-federal,,,,,,,,2025,,,
3575,Great Lakes Energy - Residential Energy Efficiency Rebate Program,updated,https://www.gtlakes.com/energy-wise/,medium,"Program offers incentives for multiple technologies (ASHP $450, GSHP $2250, Central AC $100-$200, HPWH $100, induction range $10, etc.); drafted for HPWH ($100). Minimum efficiency/performance requirements and active start/end years are not specified in the input text and need verification from the program URL.",reference,Great Lakes Energy Residential Energy Efficiency Rebate Program: https://www.gtlakes.com/energy-wise/,MI,all residential,all,water heating,electric WH,electricity,all,,replace,non-federal,,,,,,100,$/unit,,,,
22686,Solar Energy Facility Exemption,updated,https://www.michigan.gov/taxes/property/exemptions/solar-energy-facility-exemption,low,"Utility-scale solar energy generation facilities (>= 2 MW) fall outside Scout's standard building-level equipment/envelope upgrade scope. Furthermore, a property tax exemption cannot be mapped directly to Scout's rebate ($/unit or $/home) or credit percentage without financial assumptions regarding property values and tax rates. Confirm if generation/utility-scale incentives should be excluded from incentives.csv.",reference,Solar Energy Facility Exemption: https://www.michigan.gov/taxes/property/exemptions/solar-energy-facility-exemption,MI,commercial,new,all,all,electricity,,,,non-federal,,,2,MW,,,,2023,,,
22119,Brainerd Public Utilities - Residential Energy Efficiency Rebate Program,updated,http://bpu.org/rebates/,low,"Missing specific numeric performance threshold (e.g. SEER2/HSPF2/COP) and explicit start/end years in source summary. Draft row represents air-source heat pumps ($400/unit); separate rows would be needed for HPWH ($250), CAC ($150), and appliance rebates.",reference,Brainerd Public Utilities - Residential Energy Efficiency Rebate Program: http://bpu.org/rebates/,MN,all residential,all,heating,ASHP,electricity,all,,replace,non-federal,,,,,,400,$/unit,,,,
2258,East Central Energy - Residential Energy Efficiency Rebate Program,updated,https://www.eastcentralenergy.com/residential-rebates,medium,"The source record details multiple measures (ASHP, GSHP, HPWH, appliances, EV chargers). This candidate row represents Heat Pump Water Heaters ($500 rebate, 50-80 gal ENERGY STAR). Additional rows should be drafted for central ASHP ($750-$1000), ductless mini-splits ($200-$500), and GSHP ($400/ton). Start and end years are omitted as they were not explicitly specified in the text.",reference,East Central Energy - Residential Energy Efficiency Rebate Program: https://www.eastcentralenergy.com/residential-rebates,MN,all residential,all,water heating,electric WH,electricity,all,,replace,non-federal,,,,,,500,$/unit,,,,
1939,Elk River Municipal Utilities - Residential Energy Efficiency Rebate Program,updated,https://www.ermumn.com/programs-rebates/residential-rebates,medium,"Program includes multiple distinct measures (ASHP, GSHP, HPWH, CAC, appliances, EV chargers); this row drafts the Cold Climate ASHP incentive ($1,000). Start and end years are omitted as they are not explicitly provided in the source text.",reference,Elk River Municipal Utilities - Residential Energy Efficiency Rebate Program: https://www.ermumn.com/programs-rebates/residential-rebates,MN,all residential,all,heating,ASHP,electricity,all,,replace,non-federal,,,"15.2 SEER2, 8.1 HSPF2, COP 1.75 @ 5F","SEER2, HSPF2, COP",,1000,$/unit,,,,
3348,Hutchinson Utilities Commission - Residential Energy Efficiency Program,updated,https://www.brightenergysolutions.com/members/hutchinson-utilities-commission?rebates=residential,medium,"Specific performance requirements (e.g., UEF rating) and program start/end years are not explicitly provided in the summary and require verification from the utility program documentation.",reference,Hutchinson Utilities Commission - Residential Energy Efficiency Program: https://www.brightenergysolutions.com/members/hutchinson-utilities-commission?rebates=residential,MN,all residential,all,water heating,electric WH,electricity,all,,replace,non-federal,,,,,,200,$/unit,,,,
2251,Minnesota Valley Electric Cooperative - Residential Energy Efficiency Rebate Program,updated,https://www.mvec.net/rebates-3/,low,"Start/end years and specific performance standards (e.g., UEF requirement) are not listed in the input text. Drafted for Heat Pump Water Heater ($600); additional rows are required to cover other program offerings such as ASHP ($500) and GSHP ($200/ton).",reference,Minnesota Valley Electric Cooperative - Residential Energy Efficiency Rebate Program: https://www.mvec.net/rebates-3/,MN,all residential,all,water heating,electric WH,electricity,all,,replace,non-federal,,,,,,600,$/unit,,,,
2252,Minnesota Valley Electric Cooperative -Residential Energy Resource Conservation Loan Program,updated,https://www.mvec.net/finance-an-energy-project/,low,"This entry describes a low-interest loan program (3.5% interest rate, up to $5,000, 5-year term) rather than a direct rebate or tax credit. No specific dollar rebate, credit percentage, performance standards, or specific qualifying equipment technologies are detailed in the input summary. Reviewer should determine whether loan financing terms can/should be converted to an equivalent rebate value in Scout and identify specific qualifying technologies from the program web page.",reference,Minnesota Valley Electric Cooperative Residential Energy Resource Conservation Loan Program: https://www.mvec.net/finance-an-energy-project/,MN,all residential,existing,all,all,electricity,,,replace,non-federal,,,,,,,,,,,
2548,New Prague Utilities Commission - Residential Energy Efficiency Rebate Program,updated,https://smmpa.com/members/new-prague,medium,"Program covers multiple measures (GSHP $200/ton base, HPWH $90-$400, appliances, thermostats, CAC tune-ups). Drafted specifically for GSHP base incentive. Baseline/minimum EER requirement for the additional $20/ton bonus is not explicitly stated. Start and end years are omitted due to lack of explicit dates in source text.",reference,New Prague Utilities Commission - Residential Energy Efficiency Rebate Program: https://smmpa.com/members/new-prague,MN,all residential,all,heating,GSHP,electricity,all,,replace,non-federal,,,,,,200,$/ton,,,,
1943,New Ulm Public Utilities - Energy Efficiency Rebate Program,updated,https://www.newulmmn.gov/206/Energy-Rebates,low,"DSIRE summary contains multiple technologies and incentive ranges (e.g., $125-$500 for ASHP) without detailed tier thresholds. Human reviewer should determine exact tier pricing/efficiency thresholds or create additional rows for other equipment types (CAC, Furnaces, WH).",reference,New Ulm Public Utilities Energy Efficiency Rebate Program: https://www.newulmmn.gov/206/Energy-Rebates,MN,all residential,all,heating,ASHP,electricity,all,,replace,non-federal,,,,,,,$/unit,2025,2025,,
4586,Otter Tail Power Company - Residential Energy Efficiency Rebate Program,updated,https://www.otpco.com/ways-to-save/residential/programs/,low,"Program includes multiple rebate tiers for heat pumps (e.g., standard ASHP $300-$500/ton, ccASHP ductless $600-$840/ton, ccASHP ducted $800-$1,040/ton) as well as heat pump water heaters ($200), insulation, and appliances. Reviewer must choose which tier/equipment to model or split into distinct rows. Numeric performance criteria (e.g. SEER2/HSPF2/COP) and program start/end years were not provided.",reference,Otter Tail Power Company - Residential Energy Efficiency Rebate Program: https://www.otpco.com/ways-to-save/residential/programs/,MN,all residential,all,heating,ASHP,electricity,all,,replace,non-federal,,,,,,,$/ton,,,,
2552,Preston Public Utilities - Residential Energy Efficiency Rebate Program,updated,http://www.SaveEnergyInPreston.com,low,"Rebate amount for heat pump water heaters is given as a range ($90-$400) depending on form details; left blank as specific rebate tiers are not listed. Start/end years and performance criteria are missing. Program includes multiple other technologies (ASHP, GSHP, appliances, lighting, smart thermostats) that would require additional candidate rows.",reference,Preston Public Utilities - Residential Energy Efficiency Rebate Program: http://www.SaveEnergyInPreston.com,MN,all residential,all,water heating,electric WH,electricity,,,replace,non-federal,,,,,,,,,,,
2555,Princeton PUC - Residential Energy Efficiency Rebate Program,updated,http://www.SaveEnergyInPrinceton.com,medium,"The program covers many residential technologies (GSHP, HPWH, ASHP, CAC, appliances, thermostats). This draft focuses on Ground Source Heat Pumps ($200/ton). Additional incentive tier ($20/ton per EER above minimum efficiency) and baseline EER requirements are not specified in the summary and require reviewing the utility rebate form. Start and end years are not provided in the source text.",reference,Princeton PUC - Residential Energy Efficiency Rebate Program: http://www.SaveEnergyInPrinceton.com,MN,all residential,all,heating,GSHP,electricity,all,,replace,non-federal,,,,,,200,$/ton,,,,
2584,Redwood Falls Public Utilities - Commercial & Industrial Energy Efficiency Rebate Program,updated,http://www.SaveEnergyInRedwoodFalls.com,low,"Program covers multiple commercial/industrial equipment types (dual fuel ASHP, geothermal HP, AC, chillers, refrigeration, motors/VFDs, custom) with various incentive rates ($50/ton, $200/ton, $/hp, etc.) and efficiency criteria not specified in the text. Need to review the 2025 rebate summary document to split out distinct rows, rebate amounts, performance thresholds, and start/end years for each specific technology.",reference,Redwood Falls Public Utilities Commercial & Industrial Energy Efficiency Rebate Program: http://www.SaveEnergyInRedwoodFalls.com,MN,all commercial,all,heating,rooftop_ASHP-heat,electricity,,,replace,non-federal,,,,,,,,,,,
2582,Redwood Falls Public Utilities - Residential Energy Efficiency Rebate Program,updated,http://www.SaveEnergyInRedwoodFalls.com,medium,"The program offers rebates for multiple equipment types (GSHP, HPWH, room AC, appliances). This row models GSHP ($200/ton base rebate). Specific performance thresholds (minimum EER) and program start/end dates are not provided in the summary and require review of the official rebate form.",reference,Redwood Falls Public Utilities - Residential Energy Efficiency Rebate Program: http://www.SaveEnergyInRedwoodFalls.com,MN,all residential,all,heating,GSHP,electricity,all,,replace,non-federal,,,,EER,,200,$/ton,,,,
2586,Saint Peter Municipal Utilities - Residential Energy Efficiency Rebate Program,updated,http://www.SaveEnergyInSaintPeter.com,low,"Rebate for GSHP is $200/ton up to $400/ton ($20/ton per 1 EER above minimum), but minimum EER performance threshold and program start/end years are not specified in the input. Check SaveEnergyInSaintPeter.com for exact program years, minimum EER requirement, and applicability fraction.",reference,Saint Peter Municipal Utilities Residential Energy Efficiency Rebate Program: http://www.SaveEnergyInSaintPeter.com,MN,all residential,all,heating,GSHP,electricity,all,,replace,non-federal,,,,EER,,200,$/ton,,,,
1947,Shakopee Public Utilities - Residential Energy Efficiency Rebate Program,updated,https://shakopeeutilities.com/residential/2024-residential-rebates-2/,medium,"Specific numeric performance criteria (SEER/HSPF) are not provided in the summary beyond requiring ENERGY STAR rating. Program covers multiple measures (Central A/C, GSHP, appliances, lighting) which may require separate rows; ASHP selected here. Start year inferred from source URL (2024); end year not specified.",reference,Shakopee Public Utilities - Residential Energy Efficiency Rebate Program: https://shakopeeutilities.com/residential/2024-residential-rebates-2/,MN,all residential,all,heating,ASHP,electricity,all,,replace,non-federal,,,,,,500,$/unit,2024,,,
3434,Stearns Electric Association - Energy Efficiency Loan Program,updated,https://www.stearnselectric.org/programs-services/efficiency-loan/,low,"This entry represents a loan program (5% interest up to $5,000) rather than a direct rebate or tax credit. No direct rebate amounts or numeric performance efficiency thresholds are provided in the input text. Specific technology lists beyond broad heating equipment and wiring are not listed.",reference,Stearns Electric Association - Energy Efficiency Loan Program: https://www.stearnselectric.org/programs-services/efficiency-loan/,MN,"all residential, commercial",existing,heating,all,electricity,all,,replace,non-federal,,,,,,,,,,,
1949,Willmar Municipal Utilities - Residential Energy Efficiency Rebate Program,updated,https://www.brightenergysolutions.com/members/willmar-municipal-utilities?rebates=residential,medium,"Program covers multiple technologies (ASHP, GSHP, CAC, smart thermostats, HPWH); drafted row specifically for Heat-pump water heater ($200). Start/end years and exact performance thresholds (e.g. UEF requirement) are not explicitly specified in the DSIRE summary and need to be verified on the program website.",reference,Willmar Municipal Utilities - Residential Energy Efficiency Rebate Program: https://www.brightenergysolutions.com/members/willmar-municipal-utilities?rebates=residential,MN,all residential,all,water heating,electric WH,electricity,all,,replace,non-federal,,,,,,200,$/unit,,,,
601,Wind Energy Sales Tax Exemption,updated,,low,Wind energy systems fall outside standard Scout building equipment/envelope end uses. The exact state sales tax rate percentage and start/end years are not specified in the input text.,reference,Wind Energy Sales Tax Exemption: https://www.revenue.state.mn.us/sites/default/files/2019-07/st3.pdf,MN,all,all,all,all,electricity,,,,non-federal,,,,,,,,,,,
151,Wind and Solar-Electric (PV) Systems Exemption,updated,,low,"This program provides a property tax exemption (with a production tax in lieu for large systems) rather than a fixed rebate or purchase tax credit. As a result, rebate_amount, credit_pct, and performance thresholds are unquantifiable in standard $/unit or % format without building-specific tax assessment data. Additionally, wind and solar PV do not map directly to Scout standard building end-use/equipment technologies.",reference,Wind and Solar-Electric (PV) Systems Exemption: https://www.revisor.mn.gov/laws/2014/0/Session+Law/Chapter/308/,MN,all,all,all,all,electricity,,,,non-federal,,,,,,,,2015,,,
2249,Wright-Hennepin Cooperative Electric Association - Residential Energy Efficiency Rebate Program,updated,http://www.whe.org/for-my-home/resources/rebates.html,low,"The source details specify 'Air Source Heat Pump: Up to $675', but no explicit numeric efficiency thresholds (e.g., SEER2/HSPF2/COP) are given in the text. Additional rows may be needed for other offered technologies like Ground Source Heat Pump ($1,950), Ductless ASHP ($200), or Electric Water Heating ($1,250). End year is missing.",reference,Wright-Hennepin Cooperative Electric Association - Residential Energy Efficiency Rebate Program: http://www.whe.org/for-my-home/resources/rebates.html,MN,all residential,all,heating,ASHP,electricity,all,,replace,non-federal,,,,,,675,$/unit,2025,,,
3030,Sales Tax Holiday for Energy-Efficient Appliances,updated,http://dor.mo.gov/business/sales/taxholiday/green/,low,"The program covers multiple equipment categories (heat pumps, central AC, furnaces, water heaters, dryers, refrigerators, freezers) purchased between April 19-25 with a maximum item price of $1,500. Created candidate row for ASHP; additional rows may be required for other techs. Credit pct set to state sales tax rate of 4.225%; local tax exemptions may vary. Applicable fraction for a 7-day purchasing window is undefined.",reference,Missouri Show-Me Green Sales Tax Holiday: http://dor.mo.gov/business/sales/taxholiday/green/,MO,all residential,all,heating,ASHP,electricity,all,,replace,non-federal,,,,,4.225,,,,,,
1158,Deduction For Energy-Conserving Investment,updated,https://mtrevenue.gov/publications/montana-form-cit-instructions/,low,"1. This program is a state corporate tax deduction (tier-based on expenditures up to $1,800 deduction for residential and $3,600 for commercial), not a direct tax credit or cash rebate; an effective credit/rebate equivalent depends on the state corporate tax rate. 2. Multiple equipment types (insulation, doors, windows, HVAC, lighting) are eligible; row drafted specifically for residential wall insulation/envelope, but additional rows may be needed for commercial or other techs. 3. Specific performance thresholds, start year, and end year are omitted in the input source.",reference,Montana Department of Revenue - Deduction For Energy-Conserving Investment: https://mtrevenue.gov/publications/montana-form-cit-instructions/,MT,all residential,all,heating,wall,all,all,,replace,non-federal,,,,,,,,,,,
2789,Property Tax Abatement for Production and Manufacturing Facilities,updated,https://archive.legmt.gov/bills/mca/title_0150/chapter_0240/part_0310/section_0110/0150-0240-0310-0110.html,low,"This program provides a 50% property tax abatement on taxable value for renewable energy production facilities, manufacturing facilities, and R&D equipment rather than a direct equipment rebate/tax credit for standard building energy efficiency upgrades. Reviewer should check if industrial/utility-scale generation and manufacturing property tax incentives are within scope for Scout sub_fed/incentives.csv.",reference,Montana Property Tax Abatement for Production and Manufacturing Facilities: https://archive.legmt.gov/bills/mca/title_0150/chapter_0240/part_0310/section_0110/0150-0240-0310-0110.html,MT,commercial,all,all,all,all,,,,non-federal,,,,,,,,2007,,,
154,Renewable Energy Systems Exemption,updated,https://mtrevenue.gov/publications/application-for-tax-incentive-assessment-of-energy-generating-property-form-ab-14/,low,"This program is a property tax exemption (100% exempt for 10 years on up to $20,000 assessed value for SF residential and $100,000 for MF/commercial at a 2.47% tax rate) rather than a direct rebate or equipment tax credit percentage. Analyst needs to determine how to represent property tax savings in terms of rebate_amount or credit_pct. Program start/end years are also unspecified.",reference,Montana Department of Revenue Renewable Energy Systems Exemption: https://mtrevenue.gov/publications/application-for-tax-incentive-assessment-of-energy-generating-property-form-ab-14/,MT,all,all,heating,GSHP,electricity,all,,replace,non-federal,,,,,,,,,,,
183,Active Solar Heating and Cooling Systems Exemption,updated,,low,"This property tax incentive caps assessment at the value of conventional equipment rather than providing a direct rebate or income tax credit percentage. No numeric rebate/credit values, performance criteria, start/end years, or source URL were provided in the record. Active solar heating/cooling does not directly correspond to standard Scout equipment categories.",reference,Active Solar Heating and Cooling Systems Exemption (North Carolina Solar Center),NC,all,all,heating,all,solar,all,,replace,non-federal,,,,,,,,,,,
2124,Carteret-Craven Electric Cooperative - Residential Energy Efficiency Rebate Program,updated,https://www.ccemc.com/rebates,medium,"Start and end years are not specified in the input text. Numeric performance threshold (e.g. UEF) is not specified, only that the unit must be ENERGY STAR qualified and under 55 gallons.",reference,Carteret-Craven Electric Cooperative - Residential Energy Efficiency Rebate Program: https://www.ccemc.com/rebates,NC,all residential,all,water heating,electric WH,electricity,all,,replace,non-federal,,,,,,300,$/unit,,,,
3721,Dominion Energy (Gas) - Energy-Efficient Appliance Rebate Program,updated,https://www.enbridgegas.com/north-carolina/save-energy/~/link.aspx?_id=DFE0B37C4EFF4826B63C82D64EFE6B35&_z=z,low,"Gas furnace rebates range from $200 to $400, but specific efficiency tiers/AFUE performance thresholds are missing in the input text. Program start and end years are not specified. Additional rows should be drafted if coverage for water heaters, boilers, or foodservice equipment is needed.",reference,Dominion Energy (Gas) - Energy-Efficient Appliance Rebate Program: https://www.enbridgegas.com/north-carolina/save-energy/~/link.aspx?_id=DFE0B37C4EFF4826B63C82D64EFE6B35&_z=z,NC,all commercial,all,heating,furnace (NG),natural gas,natural gas,,replace,non-federal,,,,,,,$/unit,,,,
3465,Duke Energy Carolinas - Residential Energy Efficiency Rebate Program,updated,https://www.duke-energy.com/home/products/smart-saver,medium,"Start and end years, performance efficiency criteria (UEF/COP threshold), and applicable fraction are not stated in the input text. Drafted specifically for Heat Pump Water Heater ($500); separate rows are needed for other technologies mentioned in the summary (ASHP, CAC, GSHP, insulation, duct sealing).",reference,Duke Energy Carolinas - Residential Energy Efficiency Rebate Program: https://www.duke-energy.com/home/products/smart-saver,NC,all residential,all,water heating,electric WH,electricity,,,replace,non-federal,,,,,,500,$/unit,,,,
3319,Four-County EMC - Residential Energy Efficiency Loan Program,updated,https://www.fourcty.org/energy-efficiency/energy-efficiency-loans/,low,"This entry describes a low-interest loan program (up to $35,000 financing) rather than a direct rebate or tax credit. No specific rebate amount, credit percentage, performance standards, or start/end years are specified. Multi-tech mapping (ASHP, water heaters, insulation, windows, doors) may require separate rows if added to incentives.csv.",reference,Four-County EMC - Residential Energy Efficiency Loan Program: https://www.fourcty.org/energy-efficiency/energy-efficiency-loans/,NC,all residential,existing,heating,ASHP,electricity,,,replace,non-federal,,,,,,,,,,,
2122,Lumbee River EMC - Residential Energy Efficiency Loan Program,updated,https://www.lumbeeriver.com/energy-efficient-loans,low,"This program offers financing (low-interest loan up to $35,000) rather than a direct rebate or tax credit. Specific interest rate reductions, rebate equivalents, performance thresholds, and program start/end years are not specified in the input text. Reviewer should determine how loan programs are represented in Scout or if direct cash rebate values exist.",reference,Lumbee River EMC - Residential Energy Efficiency Loan Program: https://www.lumbeeriver.com/energy-efficient-loans,NC,all residential,all,heating,ASHP,electricity,all,,replace,non-federal,,,,,,,,,,,
3467,Lumbee River EMC - Residential Energy Efficiency Program,updated,https://www.lumbeeriver.com/rebate-programs/,medium,"Specific efficiency thresholds (SEER2/HSPF2) are detailed in external PDF forms and not provided in the text summary. Separate rows should be drafted for Central AC ($15), GSHP ($250), air sealing ($25), duct sealing ($50), and insulation ($100).",reference,Lumbee River EMC Residential Energy Efficiency Program: https://www.lumbeeriver.com/rebate-programs/,NC,all residential,all,heating,ASHP,electricity,all,,replace,non-federal,,,,,,60,$/unit,,,,
22748,North Carolina - Home Electrification and Appliance Rebate (HEAR) Program,updated,https://energysavernc.org/,medium,"This DSIRE record covers multiple IRA HEAR incentives ($8,000 for heat pumps, $1,750 for HPWH, $1,600 for insulation/air sealing, $840 for heat pump dryers, $840 for electric/induction stoves). This row covers heat pumps (ASHP); additional rows should be created for the other equipment types. Specific numeric performance thresholds beyond 'ENERGY STAR certified' are not provided.",reference,North Carolina HEAR Program (North Carolina Department of Environmental Quality): https://energysavernc.org/,NC,all residential,all,heating,ASHP,electricity,all,,replace,non-federal,yes,,,,,8000,$/unit,2025,,,"Program is restricted by income (<80% AMI eligible for 100% of costs up to cap, 80-150% AMI eligible for 50% of costs up to cap)."
3036,Property Tax Abatement for Solar Electric Systems,updated,,low,"Solar PV is an on-site generation technology and does not map directly to Scout's standard end-use equipment categories (e.g., HVAC, water heating, envelope). Furthermore, property tax exemptions (80% for commercial, 100% for residential) apply to appraised value rather than equipment purchase cost, making them difficult to convert into standard $/unit rebates or percentage tax credits without financial modeling assumptions. Source URL was missing from input record.",reference,Property Tax Abatement for Solar Electric Systems: N.C. Department of Revenue,NC,all,all,all,PV,electricity,,,,non-federal,,,,,,,,2008,,,
3861,South River EMC - Residential Energy Efficiency Rebate Program,updated,https://www.sremc.com/rebates-efficiency-tips,medium,"Start/end year not specified in program record. Specific performance level requirements (e.g., UEF threshold) for heat pump water heaters are missing.",reference,South River EMC - Residential Energy Efficiency Rebate Program: https://www.sremc.com/rebates-efficiency-tips,NC,all residential,all,water heating,electric WH,electricity,,,replace,non-federal,,,,,,150,$/unit,,,,
3139,Otter Tail Power Company - Energy Efficiency Rebate Program,updated,https://www.otpco.com/ways-to-save/programs/,low,"DSIRE summary lists heat pump rebates as ranges per ton ($300-$500/ton standard, $800-$1040/ton ducted cold-climate) rather than flat per-unit values. Equipment efficiency thresholds (COP/HSPF/SEER) and program start/end dates are not provided. Separate candidate rows should be created for insulation, air sealing, water heating, and windows.",reference,Otter Tail Power Company Energy Efficiency Rebate Program: https://www.otpco.com/ways-to-save/programs/,ND,all residential,all,heating,ASHP,electricity,all,,replace,non-federal,,,,,,,$/ton,,,,
160,Renewable Energy Property Tax Exemption,expired+updated,https://www.tax.nd.gov/tax-exemptions-credits/property-tax-exemptions,low,"Property tax exemption (100% exemption for 5 years) does not provide a direct equipment rebate amount or purchase credit percentage. Clarify how property tax exemptions should be converted into Scout equipment cost offsets. Mapped to GSHP as a representative building technology, but program also covers solar and wind.",reference,Renewable Energy Property Tax Exemption: https://www.tax.nd.gov/tax-exemptions-credits/property-tax-exemptions,ND,all,all,heating,GSHP,electricity,all,,,non-federal,,,,,,,,,2025,,
4989,Sales Tax Exemption for Hydrogen Generation Facilities,updated,,low,"This program provides a sales tax exemption for hydrogen generation equipment and fuel, which does not map cleanly to standard Scout building envelope/HVAC equipment categories. Source URL, start/end years, and specific building sector eligibility are missing.",reference,Sales Tax Exemption for Hydrogen Generation Facilities (Office of State Tax Commissioner),ND,commercial,all,all,all,other,,,,non-federal,,,,,,,,,,,
4988,Sales and Use Tax Exemption for Electrical Generating Facilities,updated,https://www.tax.nd.gov/tax-exemptions-credits/sales-tax-exemptions,low,"This program applies to commercial/industrial electrical generation facilities >= 100 kW and grants a 100% sales tax exemption. It is unclear if utility/large-scale generation falls within Scout's building energy model scope, and no specific Scout equipment technology (e.g., HVAC, WH, envelope) is targeted.",reference,ND Sales and Use Tax Exemption for Electrical Generating Facilities: https://www.tax.nd.gov/tax-exemptions-credits/sales-tax-exemptions,ND,commercial,all,all,all,electricity,,,,non-federal,,,100,kW,,,,,,,
4990,Sales and Use Tax Exemption for Gas Processing Facilities,updated,https://www.tax.nd.gov/tax-exemptions-credits/sales-tax-exemptions,low,"This program applies to industrial gas processing, gathering, and compressing facilities, which fall outside Scout's scope of residential and commercial building energy efficiency and decarbonization. No compatible Scout technologies, performance thresholds, dollar rebate amounts, or program start/end years are specified.",reference,Sales and Use Tax Exemption for Gas Processing Facilities (ND Office of State Tax Commissioner): https://www.tax.nd.gov/tax-exemptions-credits/sales-tax-exemptions,ND,,,,,natural gas,,,,non-federal,,,,,,,,,,,
60,Local Option - Property Tax Exemption for Renewable Energy and Electrical Energy Storage,updated,https://www.gencourt.state.nh.us/rsa/html/V/72/72-61.htm,low,"This program is a local-option property tax exemption with varying rules and tax impact by municipality, not a fixed rebate or tax credit percentage. No numeric dollar values, performance thresholds, or start/end dates are specified in the input.",reference,Local Option - Property Tax Exemption for Renewable Energy and Electrical Energy Storage: https://www.gencourt.state.nh.us/rsa/html/V/72/72-61.htm,NH,all,all,heating,all,all,,,,non-federal,,,,,,,,,,,
22795,New Jersey Manufacturing Program,expired+updated,https://www.njeda.gov/nextnjmfg/,low,"Program is a corporate tax credit for clean energy component manufacturing facilities and site solar installations based on capital investment and job creation (lesser of 0.1% * investment * jobs, 25% investment, or $150M). It does not map directly to standard Scout building end uses/equipment measures or provide per-unit rebate amounts and specific start/end years.",reference,"New Jersey Manufacturing Program, New Jersey Economic Development Authority: https://www.njeda.gov/nextnjmfg/",NJ,all commercial,all,all,all,all,,,,non-federal,,,,,25,,,,,,
22423,2021 Sustainable Building Tax Credit (Corporate),expired+updated,https://www.emnrd.nm.gov/ecmd/tax-incentives/sustainable-building-tax-credit-sbtc/,low,"Whole-building program with complex tiering (LEED Gold+, Build Green Gold+, $2.25/sq ft for commercial renovations >20,000 sq ft up to $150k). Specific equipment-level rebate amounts and performance thresholds are not provided in the summary.",reference,"2021 Sustainable Building Tax Credit (Corporate), New Mexico Taxation & Revenue Department: https://www.emnrd.nm.gov/ecmd/tax-incentives/sustainable-building-tax-credit-sbtc/",NM,all,all,all,all,all,all,,replace,non-federal,,,,,,,,2021,,,
22424,2021 Sustainable Building Tax Credit (Personal),expired+updated,https://www.emnrd.nm.gov/ecmd/tax-incentives/sustainable-building-tax-credit-sbtc/,low,"Broad whole-building green building tax credit with variable rates based on sqft, certification level (LEED, Build Green, Energy Star), and equipment/all-electric add-ons. Specific $/unit or $/sqft values for individual equipment categories are not uniquely defined without looking up full rate tables from the state website. Annual aggregate state cap applies.",reference,2021 Sustainable Building Tax Credit (Personal): https://www.emnrd.nm.gov/ecmd/tax-incentives/sustainable-building-tax-credit-sbtc/,NM,all,all,all,all,all,,,replace,non-federal,,,,,,,,2021,,,
4495,Agricultural Biomass Income Tax Credit (Corporate),expired+updated,https://www.emnrd.nm.gov/ecmd/tax-incentives/agricultural-biomass-income-tax-credit/#gsc.tab=0,low,This program provides a tax credit of $5 per wet ton for agricultural biomass (manure) transported to facilities generating electricity or bio-fuels. It does not target building equipment or envelope upgrades modeled in Scout; reviewer should confirm if supply-side biomass incentives should be excluded.,reference,Agricultural Biomass Income Tax Credit (Corporate): https://www.emnrd.nm.gov/ecmd/tax-incentives/agricultural-biomass-income-tax-credit/#gsc.tab=0,NM,all commercial,all,all,other,biomass,,,,non-federal,,,,,,5,$/wet ton,2011,2030,,
4496,Agricultural Biomass Income Tax Credit (Personal),expired+updated,https://www.emnrd.nm.gov/ecmd/tax-incentives/agricultural-biomass-income-tax-credit/#gsc.tab=0,low,This program provides a $5/wet ton tax credit for agricultural biomass (wet manure) transported to biofuel or electricity production facilities. It does not target residential or commercial building equipment or envelope upgrades modeled in Scout. Recommend excluding this record from sub_fed/incentives.csv.,reference,Agricultural Biomass Income Tax Credit (Personal): https://www.emnrd.nm.gov/ecmd/tax-incentives/agricultural-biomass-income-tax-credit/#gsc.tab=0,NM,,,,,biomass,,,,non-federal,,,,,,5,$/wet ton,2011,2029,,
359,Biomass Equipment & Materials Compensating Tax Deduction,updated,,low,This program applies to commercial/industrial processing of biopower/biofuels/biobased products rather than standard residential/commercial building end uses or HVAC equipment. Need to check whether industrial/commercial biomass equipment falls within Scout's scope and how to represent the compensating/use tax exemption (5.125% rate) in credit_pct or rebate fields. Source URL is missing in the input.,reference,Biomass Equipment & Materials Compensating Tax Deduction: New Mexico Taxation & Revenue Department,NM,commercial,all,heating,all,biomass,,,,non-federal,,,,,,,,2005,,,
3233,Renewable Energy Sales and Use Tax Abatement,expired+updated,https://www.energy.nv.gov/programs/renewable-energy-tax-abatement-reta-program/,low,"Program provides a sales tax reduction (lowering sales and use tax rate to 2.6%) for large-scale commercial/industrial renewable generation or energy storage systems with a capacity of at least 10 MW (or 25,840,000 BTU/hr solar process heat). Scout's controlled vocabulary does not directly include large generation/storage equipment; 'all' was selected for tech and end use. Rebate amount and credit percentage relative to equipment cost are not provided.",reference,Nevada State Office of Energy Renewable Energy Sales and Use Tax Abatement: https://www.energy.nv.gov/programs/renewable-energy-tax-abatement-reta-program/,NV,commercial,all,all,all,electricity,,,,non-federal,,,10,MW,,,,2009,,,
158,Renewable Energy Systems Property Tax Exemption,updated,,low,"Property tax exemption (100% exempt from property tax) does not map directly to equipment capital cost rebates/tax credits. Specific start year, end year, performance standards, and cost conversion metrics are not provided in the source text.",reference,Nevada Renewable Energy Systems Property Tax Exemption; NV Department of Taxation,NV,all commercial,all,heating,GSHP,electricity,,,replace,non-federal,,,,,,,,,,,
1596,Energy Conservation Improvements Property Tax Exemption,updated,http://www.tax.ny.gov/research/property/assess/manuals/vol4/pt1/sec4_01/sec487_a.htm,low,"This program is a property tax exemption (100% exemption on increased home value for 15 years) rather than a direct purchase rebate or income tax credit. There are no direct equipment dollar rebate amounts, credit percentages based on equipment cost, or explicit performance criteria provided in the input. Reviewer should determine if/how property tax exemptions can be represented in Scout.",reference,Energy Conservation Improvements Property Tax Exemption (New York State Office of Real Property Tax Services): http://www.tax.ny.gov/research/property/assess/manuals/vol4/pt1/sec4_01/sec487_a.htm,NY,all residential,all,all,all,all,all,,,non-federal,,,,,,,,,,,
22072,Energy Conservation Improvements Property Tax Exemption,expired+updated,https://www.tax.ny.gov/research/property/assess/manuals/vol4/pt1/sec4_01/sec487.htm,low,"This program is a 15-year property tax exemption on added property value rather than a direct rebate or equipment credit. The eligible technologies (energy storage, micro-hydro, fuel cells, micro-CHP, solar, wind) do not match standard Scout equipment/envelope technology categories, and no direct dollar or percentage incentive value is provided.",reference,Energy Conservation Improvements Property Tax Exemption: https://www.tax.ny.gov/research/property/assess/manuals/vol4/pt1/sec4_01/sec487.htm,NY,all,all,all,all,all,all,,replace,non-federal,,,,,,,,2018,2024,,
5249,Local Option - Real Property Tax Exemption for Green Buildings,updated,https://www.tax.ny.gov/research/property/assess/manuals/vol4/pt2/sec4_06/sec470.htm,low,"This is an optional local property tax exemption on the added real property value for whole green buildings meeting LEED/Green Globes standards, scaling down over 10 years. Equipment-specific rebate amounts or credit percentages are not provided, and local adoption varies, making direct equipment-level modeling in Scout uncertain without further financial/building valuation assumptions.",reference,Local Option - Real Property Tax Exemption for Green Buildings: https://www.tax.ny.gov/research/property/assess/manuals/vol4/pt2/sec4_06/sec470.htm,NY,all,all,all,all,all,all,,replace,non-federal,,,"LEED, Green Globes, or ANSI certification",,,,,2013,,,
192,"Local Option - Solar, Wind & Biomass Energy Systems Exemption",expired+updated,http://www.tax.ny.gov/research/property/assess/manuals/vol4/pt1/sec4_01/sec487.htm,low,"This program is a property tax exemption equal to the increase in assessed value from solar, wind, biomass, micro-hydro, fuel cells, micro-CHP, or energy storage, rather than a direct rebate or percentage tax credit for energy efficiency equipment. Technologies covered do not map directly to standard Scout equipment categories (e.g., ASHP, HPWH), and specific financial incentive amounts depend on local property tax rates and assessed values. Additionally, local jurisdictions may opt out.",reference,"Local Option - Solar, Wind & Biomass Energy Systems Exemption: http://www.tax.ny.gov/research/property/assess/manuals/vol4/pt1/sec4_01/sec487.htm",NY,all,all,all,all,all,,,,non-federal,,,,,,,,1991,2025,,
22390,National Grid - Electric Vehicle Charging Station Make-Ready Program,expired+updated,https://www.nationalgridus.com/Upstate-NY-Business/Energy-Saving-Programs/Electric-Vehicle-Charging-Station-Program#dcfc,low,"EV charging make-ready infrastructure does not map directly to standard Scout building HVAC, water heating, or envelope technologies. The incentive percentage varies (50%, 90%, or 100%) depending on DAC location, public access, and plug type standardization. Program start and end years are not specified in the DSIRE record.",reference,National Grid - Electric Vehicle Charging Station Make-Ready Program: https://www.nationalgridus.com/Upstate-NY-Business/Energy-Saving-Programs/Electric-Vehicle-Charging-Station-Program#dcfc,NY,"commercial, residential",all,all,all,electricity,,,,non-federal,,,,,,,,,,,
3037,New York City - Property Tax Abatement for Photovoltaic (PV) and Energy Storage Equipment,expired+updated,https://www1.nyc.gov/nycbusiness/description/solar-electric-generating-systems-tax-abatement-program,medium,"Solar PV and battery storage do not map to Scout's core HVAC and envelope tech categories; tech(s) and end use(s) are set to 'all'. Incentive applies specifically to NYC, not the entire state of NY. The abatement is 7.5% per year for 4 years with a $62,500 annual cap; reviewer should confirm whether credit_pct should be modeled as 7.5% per year or 30% total.",reference,NYC Department of Buildings - Property Tax Abatement for Photovoltaic (PV) and Energy Storage Equipment: https://www1.nyc.gov/nycbusiness/description/solar-electric-generating-systems-tax-abatement-program,NY,all,all,all,all,electricity,,,replace,non-federal,,,,,7.5,62500,$/year,2024,2034,,
4703,New York City - Residential Solar Sales Tax Exemption,updated,,low,"Source URL is missing from input. Solar PV is outside standard Scout HVAC/envelope technologies. Incentive is a 100% local sales tax exemption, which requires translating NYC sales tax rate into an effective cost reduction or credit percentage.",reference,New York City - Residential Solar Sales Tax Exemption,NY,all residential,all,all,PV,electricity,,,,non-federal,,,,,,,,2005,,,
22411,PSEG Long Island - EV Make Ready Program,expired+updated,https://www.psegliny.com/saveenergyandmoney/GreenEnergy/EV/CommercialCustomers/MakeReady,low,"EV charging is outside Scout's primary building end uses and technologies. Additionally, incentive coverage spans 50-100% with varying caps per port ($3,000-$6,500 for Level 2 and $20,000-$65,000 for DCFC) depending on community status and plug accessibility. Reviewer should confirm if EV infrastructure should be modeled in Scout and if separate rows are needed per tier/charger level.",reference,PSEG Long Island - EV Make Ready Program: https://www.psegliny.com/saveenergyandmoney/GreenEnergy/EV/CommercialCustomers/MakeReady,NY,"commercial, multi-family residential",all,other,EV charger,electricity,,,,non-federal,,,,,,,,,,,
4874,Residential Wood Heating Fuel Exemption,updated,https://www.tax.ny.gov/pubs_and_bulls/tg_bulletins/st/residential_energy.htm,low,"This incentive is a sales tax exemption on heating fuels (4% state sales tax) rather than an equipment rebate/tax credit. Techs mapped to 'all' and fuels to 'all' (covers wood, natural gas, propane, electricity, steam, fuel oil, and coal). Credit pct set to 4% (state tax rate), though local sales tax exemptions vary from 1.5% to >4%. Start and end years are not provided in source text.",reference,Residential Wood Heating Fuel Exemption (New York State Department of Taxation and Finance): https://www.tax.ny.gov/pubs_and_bulls/tg_bulletins/st/residential_energy.htm,NY,all residential,all,heating,all,all,all,,,non-federal,,,,,4,,,,,,
1234,Solar Sales Tax Exemption,updated,https://www.tax.ny.gov/pubs_and_bulls/publications/sales/st_pubs_and_bulls_by_number.htm,low,"The incentive is a 100% exemption from NY state sales tax (and optional local sales tax), which requires converting state sales tax rates (~4%) to an effective credit percentage or rebate amount against equipment cost. Specific equipment efficiency criteria are not specified. Mapping solar PV, solar thermal, and energy storage to specific Scout technology categories needs determination.",reference,NY State Solar Sales Tax Exemption: https://www.tax.ny.gov/pubs_and_bulls/publications/sales/st_pubs_and_bulls_by_number.htm,NY,all,all,all,all,all,,,,non-federal,,,,,,,,2005,,,
3259,Hamilton County - Home Improvement Program,updated,https://www.hamiltoncountyohio.gov/community/home_improvement_program_hip.php#collapselinks-472-21b10,low,"This program is a low-interest loan (3% below market interest rate for up to $50,000 over 5 years) rather than a direct rebate or tax credit. No specific equipment performance thresholds or fixed rebate values are defined.",reference,Hamilton County Department of Planning and Development Home Improvement Program (HIP): https://www.hamiltoncountyohio.gov/community/home_improvement_program_hip.php#collapselinks-472-21b10,OH,"residential, commercial",all,all,all,all,all,,,non-federal,,,,,,,,2008,,,
2008,Edmond Electric - Energy Efficiency Rebate Programs,updated,https://www.edmondok.gov/1290/Rebates-Programs,low,"Rebate amounts range from $75/ton to $800/ton depending on heat pump type (ASHP, GSHP, mini-split, dual fuel) and efficiency tier. Specific rebate amounts, start/end years, and performance thresholds (SEER2/HSPF2/COP) must be confirmed from the source link https://www.edmondok.gov/1292/Heat-Pump-Rebates before finalizing.",reference,Edmond Electric Energy Efficiency Rebate Programs: https://www.edmondok.gov/1290/Rebates-Programs,OK,all residential,all,heating,ASHP,electricity,all,,replace,non-federal,,,,,,,$/ton,,,,
1230,Energy Efficient Residential Construction Tax Credit (Personal),updated,,low,"Source URL missing in input data. Program targets homebuilders/contractors for new construction under 2,000 sq ft. Tiered incentive structure ($2,000 for 20-39% above IECC 2003; $4,000 for 40%+ above IECC 2003). Reviewer should verify whether builder credits fit Scout adoption modeling.",reference,Energy Efficient Residential Construction Tax Credit (Personal) - Oklahoma Tax Commission,OK,all residential,new,all,all,all,all,,replace,non-federal,,,20,% above IECC 2003,,4000,$/home,2006,,,
3639,OG&E - Commercial Energy Efficiency Rebate Programs,updated,https://www.oge.com/wps/portal/ord/energy-solutions/efficiency-programs/commercial-industrial-energy-efficiency/!ut/p/z1/lZHLDoIwEEU_qUNbSruEVFvEpKAI2I1hRUgUXRi_XwwJCS_F2TVzz5zMFFlUINuUr7oqn_W9Ka_t-2zZBYNWWnDsxCmXwIQ-iiighGuC8i6gJdM7BUYlkQsJgY2fUUoACLJreF,low,"Specific rebate amounts per equipment type (max amounts of 50, 200, 350, 500, 3000 are listed in raw data but unmapped), rebate units, efficiency performance criteria, and active start/end years are not detailed in the summary and require review of OG&E rebate application guidelines.",reference,OG&E Commercial Energy Efficiency Rebate Programs: https://www.oge.com/wps/portal/ord/energy-solutions/efficiency-programs/commercial-industrial-energy-efficiency/!ut/p/z1/lZHLDoIwEEU_qUNbSruEVFvEpKAI2I1hRUgUXRi_XwwJCS_F2TVzz5zMFFlUINuUr7oqn_W9Ka_t-2zZBYNWWnDsxCmXwIQ-iiighGuC8i6gJdM7BUYlkQsJgY2fUUoACLJreF,OK,all commercial,all,cooling,central AC,electricity,,,replace,non-federal,,,,,,,,,,,
3590,Oklahoma Electric Cooperative - Energy Efficiency Rebate Program,updated,https://okcoop.org/energy-efficiency-rebates/,low,"DSIRE summary provides multiple rebate amounts ($750/ton, $1000, $300, $50) and several technologies (ASHP, GSHP, water heating, thermostats) without linking specific amounts to individual technologies or listing performance thresholds. Reviewer should verify rebate tier details from the linked 2025 proposal PDF before finalizing.",reference,Oklahoma Electric Cooperative - Energy Efficiency Rebate Program: https://okcoop.org/energy-efficiency-rebates/,OK,residential,all,heating,ASHP,electricity,all,,replace,non-federal,,,,,,750,$/ton,2025,2025,,
4525,Oklahoma Municipal Power Authority - WISE Energy Efficiency Rebate Program,updated,https://www.ompa.com/services/rebate-programs/,low,"This row captures the $500 Heat Pump Water Heater fuel-switching rebate (switching from gas). Additional rows should be drafted for other offered measures (ASHP, GSHP, ceiling insulation, air sealing, standard electric WH). Specific performance requirements (e.g. UEF thresholds) and program start/end years are not explicitly listed in the text and need verification.",reference,Oklahoma Municipal Power Authority - WISE Energy Efficiency Rebate Program: https://www.ompa.com/services/rebate-programs/,OK,all residential,all,water heating,electric WH,electricity,natural gas,,replace,non-federal,,,,,,500,$/unit,,,,
2158,EWEB - Residential Energy Efficiency Loan Programs,updated,http://www.eweb.org/residential-customers/rebates-loans-and-conservation,low,"This program provides 0% interest loans (up to $15,000 for ducted heat pumps, $2,500 for HPWH) rather than direct cash rebates or tax credits. Analyst must determine if loan financing is modeled in incentives.csv, quantify the benefit of 0% interest, and verify start/end dates and efficiency thresholds.",reference,EWEB Residential Energy Efficiency Loan Programs: http://www.eweb.org/residential-customers/rebates-loans-and-conservation,OR,all residential,all,heating,ASHP,electricity,electricity,,replace,non-federal,,,,,,,,,,,
2157,EWEB - Residential Energy Efficiency Rebate Programs,updated,http://www.eweb.org/residential-customers/rebates-loans-and-conservation,medium,"This program summary covers multiple technologies (HPWH, ducted/ductless heat pumps, insulation, windows). This draft row reflects the standard Heat Pump Water Heater rebate ($900). Additional rows should be drafted for ASHP ($1000 ducted, $800 ductless), windows ($4/sq ft), and insulation ($1/sq ft). Specific equipment efficiency thresholds (UEF, COP, R-value) and program start/end dates are not provided in the summary and need confirmation from EWEB.",reference,EWEB - Residential Energy Efficiency Rebate Programs: http://www.eweb.org/residential-customers/rebates-loans-and-conservation,OR,all residential,all,water heating,electric WH,electricity,all,,replace,non-federal,,,,,,900,$/unit,,,,
1232,Emerald PUD - Residential Energy Efficiency Loan Programs,updated,https://epud.upgrade.guide/recommendations/255b793d-9314-417d-aadd-c13be7448a42/?embed#,low,"This program is a 0% interest loan (up to $5,000 max) rather than a direct rebate/credit. Max loan amount varies by technology, but specific per-tech dollar limits and performance standards are not provided in the source text. Confirm how loan incentives should be modeled in Scout and split tech coverage across wall/roof/windows.",reference,Emerald PUD Residential Energy Efficiency Loan Program: https://epud.upgrade.guide/recommendations/255b793d-9314-417d-aadd-c13be7448a42/?embed#,OR,all residential,all,heating,wall,all,all,,replace,non-federal,,,,,,,,,,,
2132,Emerald PUD - Residential Energy Efficiency Rebate Program,updated,https://www.epud.org/conservation-energy-savings/residential-programs/,medium,"Program details do not specify explicit start or end years. HPWH eligibility specifies ENERGY STAR rated, replacement of electric storage water heater, and minimum 50 gallon capacity, but no explicit numeric UEF performance level is provided. This program record also covers heat pumps, insulation, windows, doors, and appliances, which should be split into separate candidate rows.",reference,Emerald PUD - Residential Energy Efficiency Rebate Program: https://www.epud.org/conservation-energy-savings/residential-programs/,OR,all residential,all,water heating,electric WH,electricity,electricity,,replace,non-federal,,,,,,900,$/unit,,,,
5416,Local Option - Rural Renewable Energy Development Zones,updated,https://www.oregon.gov/biz/programs/RuralRenewableEnergyDevelopment%28RRED%29Zone/Pages/default.aspx,low,"This is a 3-5 year local property tax exemption for commercial renewable energy projects (solar, wind, geothermal, biomass, biofuels) in designated rural zones, not a direct equipment rebate or income tax credit. Specific rebate amounts ($/unit) and performance efficiency thresholds are not specified in the DSIRE record and cannot be quantified in standard Scout incentive metrics without local tax rate and assessment modeling.",reference,Local Option - Rural Renewable Energy Development Zones: https://www.oregon.gov/biz/programs/RuralRenewableEnergyDevelopment%28RRED%29Zone/Pages/default.aspx,OR,commercial,all,all,all,all,,,,non-federal,,,,,,,,,,,
3963,McMinnville Water and Light - Residential Energy Efficiency Rebate Program,updated,https://www.mc-power.com/energy-efficiency/energy-efficiency-rebates-incentives/,low,"The DSIRE record covers multiple measure types (ASHP $750-$900, HPWH $525-$675, Ductless Heat Pump $600, insulation, windows). Drafted row focuses on ASHP using the minimum dollar amount ($750). Missing numeric equipment performance thresholds (SEER2/HSPF2/COP), program start/end years, and target market fraction.",reference,McMinnville Water & Light Residential Energy Efficiency Rebate Program: https://www.mc-power.com/energy-efficiency/energy-efficiency-rebates-incentives/,OR,all residential,all,heating,ASHP,electricity,,,replace,non-federal,,,,,,750,$/unit,,,,
2316,OTEC - Residential Energy Efficiency Rebate Program,updated,https://otec.coop/residential,low,"Program covers multiple technologies (heat pumps, HPWH, central AC, insulation, windows, appliances). This draft targets all-electric heat pumps (no wood heat) at $500 rebate. Other heat pump tiers exist ($150-$800). Specific efficiency performance levels (e.g. HSPF/SEER2) and start/end years are not explicitly provided in the record.",reference,Oregon Trail Electric Cooperative Residential Energy Efficiency Rebate Program: https://otec.coop/residential,OR,all residential,all,heating,ASHP,electricity,,,replace,non-federal,,,,,,500,$/unit,,,,
1674,Portland General Electric - Residential Energy Efficiency Rebate Program,updated,https://www.portlandgeneral.com/residential/energy-savings/special-offers-incentives,medium,"Drafted for ENERGY STAR Heat Pump Water Heater ($750 rebate). Start/end years and specific numeric performance levels (e.g. UEF threshold) are not specified in the input text. Additional rows should be drafted for other measures mentioned in the program details (ASHP/AC, gas furnace, duct sealing/insulation, gas WH).",reference,Portland General Electric Residential Energy Efficiency Rebate Program: https://www.portlandgeneral.com/residential/energy-savings/special-offers-incentives,OR,all residential,all,water heating,electric WH,electricity,,,replace,non-federal,,,,,,750,$/unit,,,,
165,Renewable Energy Systems Exemption,expired+updated,https://www.oregon.gov/energy/Incentives/Pages/default.aspx,low,"This program is a 100% property tax exemption on added property market value, rather than a direct rebate or income tax credit on equipment purchase cost. Check how property tax exemptions should be translated into capital cost reductions in Scout. GSHP chosen as candidate Scout tech for geothermal heating/cooling.",reference,Oregon Renewable Energy Systems Exemption (Oregon Department of Energy): https://www.oregon.gov/energy/Incentives/Pages/default.aspx,OR,all,all,heating,GSHP,electricity,,,replace,non-federal,,,,,,,,,2029,,
1056,Penelec SEF of the Community Foundation for the Alleghenies Grant Program (FirstEnergy Territory),updated,https://bccf.org/sustainable-energy-fund/,low,"Grant applications are currently paused ('not being accepted until further notice'). No specific dollar amounts, performance metrics, end uses, target technologies, start/end years, or building types are specified in the DSIRE record.",reference,Penelec SEF Grant Program (Community Foundation for the Alleghenies): https://bccf.org/sustainable-energy-fund/,PA,all,all,all,all,all,,,,non-federal,,,,,,,,,,,
5068,Philadelphia Gas Works - Commercial and Industrial Equipment Rebate Program,expired+updated,https://pgwenergysense.com/commercial-rebates/,low,"Program covers multiple equipment measures (VRF heat pumps at $450/ton, commercial boilers $2,700-$9,000, water heaters $4.25/MBH, roof insulation $0.60/sq ft, commercial cooking). Drafted row focuses on VRF heat pump; verify whether VRF technology is gas-engine heat pump or electric, obtain performance efficiency requirements from the utility website, and draft additional rows for other measures as needed.",reference,Philadelphia Gas Works - Commercial and Industrial Equipment Rebate Program: https://pgwenergysense.com/commercial-rebates/,PA,all commercial,all,heating,ASHP,natural gas,natural gas,,replace,non-federal,,,,,,450,$/ton,,,,
4831,Philadelphia Gas Works - Residential and Small Business Equipment Rebate Program,expired+updated,https://pgwenergysense.com/residential-rebates/,low,"Rebate amount for natural gas furnaces ranges from $250 to $800 depending on specific AFUE tiers not detailed in summary. Specific start and end years are not provided. The program also covers boilers ($700-$1,400), combi boilers ($1,000-$2,000), tankless water heaters ($350-$700), and roof insulation/air sealing ($0.30-$0.95/sf), which would require separate candidate rows.",reference,Philadelphia Gas Works - Residential Equipment Rebate Program: https://pgwenergysense.com/residential-rebates/,PA,all residential,all,heating,furnace (NG),natural gas,natural gas,,replace,non-federal,,,0.94,AFUE,,,$/unit,,,,
3352,Solar Energy Incentives Program,updated,https://dced.pa.gov/programs/alternative-clean-energy-program-ace/,low,"Program targets commercial, non-profit, and public entities with loans, grants, and loan guarantees for solar thermal and PV systems, manufacturing, and R&D. Specific grant amounts vary (capped at $1M or $1.50/W to $2.25/W for generation projects). Standard Scout tech mapping for solar PV/thermal is uncertain; mapped tentatively to electric WH for solar thermal. Review how grant/loan caps translate to Scout incentive parameters.",reference,Solar Energy Incentives Program: PA Department of Community and Economic Development https://dced.pa.gov/programs/alternative-clean-energy-program-ace/,PA,all commercial,all,water heating,electric WH,electricity,,,,non-federal,,,,,,,,2008,,,
22791,Solar Energy Program (Grant Category),updated,https://dced.pa.gov/programs/solar-energy-program-sep/,low,Solar PV generation/manufacturing grants ($1.50/W up to $1M) do not align neatly with standard Scout HVAC/envelope/water heating technology categories. Clarify whether solar PV generation should be tracked in Scout and whether start/end years can be confirmed from DCED application guidelines.,reference,Solar Energy Program (Grant Category): https://dced.pa.gov/programs/solar-energy-program-sep/,PA,all commercial,all,all,all,electricity,,,,non-federal,,,,,,1.50,$/W,,,,
22790,Solar for Schools Grant Program (S4S),updated,https://dced.pa.gov/programs/solar-for-schools-grant-program-s4s/,low,"Solar PV and solar thermal technologies do not map directly to standard Scout building end-use/equipment technologies. The grant amount varies by the applicant's Market Value/Personal Income Aid Ratio (30%, 40%, or 50% up to tier caps) and there is a conflict in the maximum dollar cap between summary ($360k/$480k/$600k) and details ($300k/$400k/$500k). Program start and end years are not provided in the source record.",reference,Solar for Schools Grant Program (S4S): https://dced.pa.gov/programs/solar-for-schools-grant-program-s4s/,PA,education,all,all,all,electricity,all,,replace,non-federal,,,,,,,,,,,
679,Sustainable Energy Fund (SEF) Loan Program (PPL Territory),updated,http://www.TheSEF.org,low,"Program is a loan/financing program ($5,000 to $1,000,000 loan range) rather than a direct equipment rebate or tax credit. No dollar rebate per unit/home, credit percentage, or numeric performance thresholds are provided. Reviewer should determine if/how clean energy financing/loan programs should be modeled in Scout incentives.csv.",reference,Sustainable Energy Fund (SEF) Loan Program (PPL Territory): http://www.TheSEF.org,PA,all commercial,all,all,all,all,,,,non-federal,,,,,,,,1999,,,
2801,Local Option - Property Tax Exemption for Renewable Energy Systems,updated,,low,"This is a property tax exemption program with no fixed rebate amount or credit percentage specified in the input text. Source URL is missing. Mapping solar water heating / PV to Scout technology categories (e.g., electric WH) needs verification, and tax savings need to be modeled as equivalent equipment incentives.",reference,Local Option - Property Tax Exemption for Renewable Energy Systems (Rhode Island Office of Energy Resources),RI,all residential,all,water heating,electric WH,solar,,,,non-federal,,,,,,,,2016,,,
3024,Rhode Island Energy (Gas) - Residential Gas Heating Rebate Programs,updated,https://www.rienergy.com/site/ways-to-save/save-money-with-rebates-and-incentives/natural-gas-heating,medium,"Drafted for the natural gas furnace measure (>=97% AFUE, $525 rebate). Separate candidate rows should be created for boilers ($775), tankless water heaters ($600), storage water heaters ($70), thermostats ($75/$25), and combined units ($950). Program start/end years are not explicitly stated in DSIRE.",reference,Rhode Island Energy (Gas) - Residential Gas Heating Rebate Programs: https://www.rienergy.com/site/ways-to-save/save-money-with-rebates-and-incentives/natural-gas-heating,RI,all residential,all,heating,furnace (NG),natural gas,natural gas,,replace,non-federal,,,0.97,AFUE,,525,$/unit,,,,
4806,Dominion Energy (Electric) - Residential EnergyWise Program,updated,https://www.dominionenergy.com/south-carolina/save-energy?tab=1,medium,"The DSIRE record contains incentives for multiple technologies (ASHP, CAC, HPWH, duct sealing/insulation, gas water heaters, gas furnaces). This draft row represents Heat Pump Water Heaters ($750). Separate rows should be created for other measures. Start and end years are not explicitly stated.",reference,Dominion Energy (Electric) - Residential EnergyWise Program: https://www.dominionenergy.com/south-carolina/save-energy?tab=1,SC,single family residential,all,water heating,electric WH,electricity,electricity,,replace,non-federal,,,,,,750,$/unit,,,,
3605,Duke Energy (Electric) - Residential Energy Efficiency Rebate Program,updated,https://www.duke-energy.com/home/products/smart-saver,medium,"DSIRE summary provides a flat $500 rebate for Heat Pump Water Heaters, but lacks explicit performance criteria (e.g., minimum UEF), start/end years, and market applicability fraction. Additional rows should be drafted for other eligible technologies in this program (ASHP, GSHP, CAC, duct sealing, insulation, smart thermostats).",reference,Duke Energy Smart $aver Program: https://www.duke-energy.com/home/products/smart-saver,SC,all residential,all,water heating,electric WH,electricity,all,,replace,non-federal,,,,,,500,$/unit,,,,
3968,Duke Energy Progress - Residential Energy Efficiency Rebate Program,updated,https://www.duke-energy.com/home/products/smart-saver,medium,"This program covers multiple technologies (e.g., ASHP $350-$900, GSHP $2300-$2500, CAC $200-$500, HPWH $500, Attic Insulation/Sealing $700); this row drafts Heat Pump Water Heater. Specific efficiency performance levels (e.g., UEF threshold) and start/end dates are not provided in the text and need verification from the program URL.",reference,Duke Energy Progress - Residential Energy Efficiency Rebate Program: https://www.duke-energy.com/home/products/smart-saver,SC,all residential,existing,water heating,electric WH,electricity,all,,replace,non-federal,,,,,,500,$/unit,,,,
2099,Palmetto Electric Cooperative - Buried Treasure Rebate Program,updated,https://www.palmetto.coop/buried-treasure,medium,"Start and end years are not provided in the source text. No specific performance level (COP/EER) threshold is listed. A separate row may be needed for Dual Fuel Heat Pumps (ASHP) capped at $700 vs GSHP capped at $1,000.",reference,Palmetto Electric Cooperative - Buried Treasure Rebate Program: https://www.palmetto.coop/buried-treasure,SC,all residential,all,heating,GSHP,electricity,all,,replace,non-federal,,,,,,200,$/ton,,,,
22419,Renewable Energy and Energy Storage Property Tax Exemption,updated,,low,Property tax exemptions (100% exemption on property tax value) cannot be directly mapped to equipment cost rebates ($/unit or % equipment credit). Renewable energy equipment and battery storage (<= 20 kW-AC) do not directly align with standard Scout energy efficiency / heat pump technologies. Start year inferred from 2021 bill enactment date.,reference,Renewable Energy and Energy Storage Property Tax Exemption: https://www.scstatehouse.gov/sess124_2021-2022/bills/3354.htm,SC,"all residential, commercial",all,all,all,electricity,,,,non-federal,,,,,,,,2021,,,
4229,Rock Hill Utilities - Water Heater and Heat Pump Rebate Program,updated,https://www.cityofrockhill.com/departments/utilities/residential-services/smartchoice-rebates-loans,medium,"Start year and end year are not explicitly specified in the source details. This row covers heat pump replacements ($400 rebate, >= 14 SEER); a separate row is required for the water heater rebate ($225, >= 40 gal).",reference,Rock Hill Utilities SmartChoice Rebate Program: https://www.cityofrockhill.com/departments/utilities/residential-services/smartchoice-rebates-loans,SC,all residential,all,heating,ASHP,electricity,,,replace,non-federal,,,14,SEER,,400,$/unit,,,,
4559,Santee Cooper - Commercial Energy Efficiency Rebate Program,updated,https://www.santeecooper.com/Save-Energy-Money/For-My-Business/Index.aspx,medium,"The program offers multiple commercial rebates across HVAC, lighting, refrigeration, and hot water equipment. Drafted specifically for Heat Pump Water Heaters ($350/unit). Specific performance efficiency thresholds (e.g., UEF) and program end year beyond 2025 are not provided in the summary.",reference,Santee Cooper - Commercial Energy Efficiency Rebate Program: https://www.santeecooper.com/Save-Energy-Money/For-My-Business/Index.aspx,SC,all commercial,all,water heating,electric WH,electricity,all,,replace,non-federal,,,,,,350,$/unit,2025,2025,,
2776,Santee Cooper - Renewable Energy Resource Loans,updated,https://www.santeecooper.com/Programs-Incentives/EmpowerHome/Loans/,low,"This is a loan program (up to $40,000 at 4.75% interest for up to 120 months) rather than a direct rebate or tax credit. No dollar rebate or percentage tax credit is specified. Technologies include solar water heating and renewable generation (PV, wind, micro-hydro, biomass). Reviewer should decide whether loan programs are included in Scout incentives and how financing parameters should be formatted.",reference,Santee Cooper - Renewable Energy Resource Loans: https://www.santeecooper.com/Programs-Incentives/EmpowerHome/Loans/,SC,all residential,all,water heating,electric WH,electricity,all,,replace,non-federal,,,,,,,,,,,
4558,Santee Cooper - Residential Energy Efficiency Existing Homes  Rebate Program,updated,https://www.santeecooper.com/Save-Energy-Money/For-My-Home/Index.aspx,medium,"DSIRE entry covers multiple technologies (ASHP, GSHP, HPWH, duct replacement, smart thermostats, refrigerators, clothes washers). Drafted specifically for Heat Pump Water Heaters ($400/unit). Additional rows should be drafted for ASHP ($300-$700/system), GSHP ($600/system), and other measures. Exact efficiency performance thresholds and start/end years are omitted from the summary and require verification from Santee Cooper documentation.",reference,Santee Cooper - Residential Energy Efficiency Existing Homes Rebate Program: https://www.santeecooper.com/Save-Energy-Money/For-My-Home/Index.aspx,SC,residential,existing,water heating,electric WH,electricity,electricity,,replace,non-federal,,,,,,400,$/unit,,,,
1803,"Solar Energy, Small Hydropower, and Geothermal Tax Credit (Personal)",updated,https://solar.sc.gov/financing-system/tax-credits-incentives-and-net-metering,medium,"The $3,500 rebate amount represents an annual cap per facility (with a 10-year carryforward for unused credit). Confirm if this cap should be treated as max per installation or if total cost cap should be higher. Start/end years are not explicitly bounded in the summary, though geothermal was added in 2016. Separate rows may be needed for Solar Water Heating or Solar PV if tracked in Scout.",reference,"South Carolina Department of Revenue Personal Tax Credit for Solar, Hydropower, and Geothermal: https://solar.sc.gov/financing-system/tax-credits-incentives-and-net-metering",SC,all residential,all,heating,GSHP,electricity,all,,replace,non-federal,,,,,25,3500,$/facility,,,,
2879,Large Commercial Wind and Solar Alternative Taxes,updated,https://dor.sd.gov/businesses/taxes/property-tax/,low,This program specifies alternative property taxation ($3/kW + per-kWh production tax) for utility-scale (minimum 5 MW) commercial wind and solar generation projects rather than behind-the-meter building energy efficiency or electrification equipment. Check if utility-scale generation incentives belong in sub_fed/incentives.csv.,reference,Large Commercial Wind and Solar Alternative Taxes (S.D. Department of Revenue): https://dor.sd.gov/businesses/taxes/property-tax/,SD,commercial,all,all,all,electricity,,,,non-federal,,,5,MW,,,,2007,,,
5422,Renewable Energy Facility Sales and Use Tax Reimbursement,updated,https://sdreadytowork.com/financing-incentives/tax-incentives/,low,This program provides a sales/use tax reimbursement for large renewable power generation facilities and manufacturing equipment ($2M-$20M minimum project cost). Standard Scout building end uses and technologies do not apply directly. Reviewer should verify if utility-scale energy generation/manufacturing incentives should be included in sub_fed/incentives.csv and how to model sales tax reimbursements.,reference,Renewable Energy Facility Sales and Use Tax Reimbursement: https://sdreadytowork.com/financing-incentives/tax-incentives/,SD,all commercial,all,all,all,electricity,,,,non-federal,,,,,,,,,,,
4068,Renewable Energy System Exemption,updated,https://dor.sd.gov/businesses/taxes/property-tax/,low,"Property tax exemption structure ($50,000 or 70% of assessed value) cannot be directly mapped to Scout's per-unit or percentage-of-cost rebate format without property valuation assumptions. Clarify tech mapping for geothermal systems and whether residential vs commercial duration limits (4 vs 3 years) should be split into separate rows.",reference,S.D. Department of Revenue Renewable Energy System Exemption: https://dor.sd.gov/businesses/taxes/property-tax/,SD,all,all,heating,GSHP,geothermal,all,,replace,non-federal,,,,,,,,2010,,,
3801,Energy Efficient Schools Initiative - Loans,updated,https://www.tn.gov/eesi/apply-now.html,low,"This is a low-interest loan program (1.5% interest rate, up to 100% of project cost with a $5 million max) rather than a direct rebate or tax credit. Reviewer should determine if loan programs are tracked in sub_fed/incentives.csv or if an equivalent buy-down/rebate amount needs to be calculated. No technology-specific rebate amounts or performance thresholds are provided.",reference,Energy Efficient Schools Initiative - Loans: https://www.tn.gov/eesi/apply-now.html,TN,all commercial,all,all,all,all,all,,replace,non-federal,,,,,,,,2008,,,
4328,Pathway Energy Efficiency Loan Program,updated,https://pathwaylending.org/energy-efficiency/,low,"This program provides low-interest loan financing (4-6% interest up to $5M) rather than direct grants, rebates, or tax credits. No direct rebate dollar amount or tax credit percentage exists. Need guidance on whether/how loan financing options should be modeled in Scout incentives.csv.",reference,Pathway Energy Efficiency Loan Program: https://pathwaylending.org/energy-efficiency/,TN,all commercial,all,all,all,all,all,,replace,non-federal,,,,,,,,,,,
22641,Tennessee  - National Electric Vehicle Infrastructure (NEVI) Formula Grant Program,updated,https://www.tn.gov/tdot/long-range-planning-home/air-quality-planning/tennessee-electric-vehicle-infrastructure--tevi-.html,low,"NEVI program funds public EV charging corridors/infrastructure, which falls outside standard Scout building equipment (HVAC, water heating, envelope) and end uses. No specific rebate amounts or performance criteria are given in the input summary. Review whether EV infrastructure programs should be included in Scout's sub_fed/incentives.csv.",reference,Tennessee Department of Transportation - National Electric Vehicle Infrastructure (NEVI) Formula Grant Program: https://www.tn.gov/tdot/long-range-planning-home/air-quality-planning/tennessee-electric-vehicle-infrastructure--tevi-.html,TN,all,all,all,all,electricity,,,,non-federal,,,,,,,,2023,,,
22590,Tennessee C-PACER Financing,updated,https://tnpace.org/,low,"This program is a C-PACER financing mechanism, not a direct rebate or tax credit. No specific rebate amounts, credit percentages, performance thresholds, or end-use specific incentive values are provided. A human reviewer should decide whether financing programs are tracked in incentives.csv and how loan terms/assessments should be converted into model inputs.",reference,Tennessee C-PACER Financing: https://tnpace.org/,TN,"commercial, multifamily residential",all,all,all,all,,,,non-federal,,,,,,,,2021,,,
2650,CenterPoint Energy - Residential and Hard-to-Reach Energy Efficiency Program,updated,https://cnpres.programprocessing.com/,low,"Incentives are structured as performance-based payments ($325/kW + $0.15/kWh saved for standard residential heat pump replacement, $425/kW + $0.26/kWh for hard-to-reach) paid directly to project sponsors/contractors rather than flat customer rebates. Need to confirm how to convert kW/kWh savings incentives into flat $/unit or $/cap incentive values for Scout, and verify specific performance level criteria and active program start/end years.",reference,CenterPoint Energy - Residential and Hard-to-Reach Energy Efficiency Program: https://cnpres.programprocessing.com/,TX,all residential,all,heating,ASHP,electricity,all,,replace,non-federal,,,,,,,,,,,
4720,City of Houston - Property Tax Abatement for Green Commercial Buildings,expired+updated,https://www.houstontx.gov/ecodev/tax_abatements.html,low,"This program provides a 5%-15% property tax abatement on value increases for LEED Silver/Gold/Platinum new commercial construction (minimum $3M project cost). It does not specify a direct equipment rebate amount or equipment-level tax credit percentage, making it difficult to map into Scout's equipment-level incentive schema. The summary also notes an expiration date of August 28, 2024 unless extended further.",reference,City of Houston - Property Tax Abatement for Green Commercial Buildings: https://www.houstontx.gov/ecodev/tax_abatements.html,TX,all commercial,new,all,all,all,all,,,non-federal,,,,,,,,2024,2024,,
2766,ENERGY STAR Sales Tax Holiday for Energy-Efficient Products,updated,https://comptroller.texas.gov/taxes/publications/96-1331.php,low,"The sales tax holiday applies to multiple technologies (air conditioners <= $6000, refrigerators <= $2000, ceiling fans, clothes washers, dishwashers, dehumidifiers, light bulbs); this row drafts air conditioners under cooling/central AC. The sales tax rate exemption is 6.25% state tax plus up to 2% local tax (6.25%-8.25%); 6.25% entered for credit_pct. Exact program start/end years for modeling need to be confirmed by reviewer.",reference,"TX ENERGY STAR Sales Tax Holiday: Comptroller of Public Accounts, https://comptroller.texas.gov/taxes/publications/96-1331.php",TX,all residential,all,cooling,central AC,electricity,,,replace,non-federal,,,ENERGY STAR,ENERGY STAR,6.25,,,,,,
3840,El Paso Electric Company - Small Business and Large Commercial Programs,updated,https://www.epelectric.com/energy-efficiency/texas-business-energy-efficiency,low,"Incentives are structured per peak kW saved (up to $400/kW for Small Commercial <=100 kW, up to $240/kW for Large Commercial >100 kW) across various equipment types including HVAC, cool roofs, and envelope measures. No specific equipment efficiency thresholds or start/end years are provided in the DSIRE record. Rooftop_ASHP-heat was selected as a representative commercial HVAC technology.",reference,El Paso Electric Small and Large Commercial Solutions Programs: https://www.epelectric.com/energy-efficiency/texas-business-energy-efficiency,TX,all commercial,all,cooling,rooftop_ASHP-heat,electricity,,,replace,non-federal,,,,,,400,$/kW,,,,
3285,Garland Power & Light - EnergySaver Energy Efficiency Rebate Programs,expired+updated,http://www.gpltexas.org/save-energy-money/energysaver-program,low,"Specific efficiency thresholds (SEER2/HSPF2) and exact rebate tiers within the $700-$900/unit range are not provided in the summary. Program start and end years are unstated. Program also covers room AC, weatherization ($2,000 max), and commercial lighting ($100/kW), which would require separate candidate rows if modeled.",reference,Garland Power & Light - EnergySaver Energy Efficiency Rebate Programs: http://www.gpltexas.org/save-energy-money/energysaver-program,TX,"residential, commercial",existing,heating,ASHP,electricity,,,replace,non-federal,,,,,,,$/unit,,,,
3322,Guadalupe Valley Electric Cooperative - Residential Energy Efficiency Rebate Programs,updated,https://www.gvec.org/electric/rebates/,medium,"Check start and end years for program validity. Input specifies $650 for 'Heat Pumps/Air Conditioner (18+ SEER)'; mapped to ASHP. EV charging, thermostat, and battery incentives were omitted as they fall outside core Scout building equipment measures.",reference,Guadalupe Valley Electric Cooperative - Residential Energy Efficiency Rebate Programs: https://www.gvec.org/electric/rebates/,TX,all residential,all,heating,ASHP,electricity,all,,replace,non-federal,,,18,SEER,,650,$/unit,,,,
4911,Harris County - Property Tax Abatement for Green Commercial Buildings,expired+updated,https://hcoed.harriscountytx.gov/gbta.aspx,low,This program is a county-level property tax abatement (1.0% to 10.0% tax abatement depending on LEED tier) for whole commercial new construction. It does not provide per-unit rebate amounts or specific HVAC/envelope performance metrics. Clarify how property tax incentives for whole LEED buildings should be represented in Scout.,reference,Harris County - Property Tax Abatement for Green Commercial Buildings: https://hcoed.harriscountytx.gov/gbta.aspx,TX,commercial,new construction,all,all,all,,,,non-federal,,,,,,,,,2027,,
22241,Light-Duty Motor Vehicle Purchase or Lease Incentive Program,updated,https://www.tceq.texas.gov/airquality/terp/ld.html/,low,"This program is for light-duty motor vehicles (EVs, CNG, LPG, fuel cell), which falls outside Scout's scope of building equipment and envelope upgrades. No specific rebate amounts, performance levels, or building-related parameters are provided.",reference,Light-Duty Motor Vehicle Purchase or Lease Incentive Program: https://www.tceq.texas.gov/airquality/terp/ld.html/,TX,,,,,,,,,non-federal,,,,,,,,,,,
22479,Oncor Electric Delivery - Commercial Solar Program,updated,https://www.oncor.com/takealoadofftexas/pages/commercial-solar,low,Specific incentive rebate amount or percentage is not listed (source directs applicant to contact utility). Solar PV is generation equipment rather than a standard Scout energy efficiency or envelope technology. Start and end years are not provided in the input record.,reference,Oncor Electric Delivery - Commercial Solar Program: https://www.oncor.com/takealoadofftexas/pages/commercial-solar,TX,commercial,all,all,PV,electricity,,,,non-federal,,,,,,,,,,,
3082,Oncor Electric Delivery - Commercial Standard Offer Rebate Program,updated,https://eepm.oncor.com/commercial-provider.aspx,low,"The program summary does not specify eligible technology types, performance thresholds, rebate amounts per kW/kWh, or effective years. Specific rate sheets or measure details from Oncor are required before creating measure-specific incentive rows.",reference,Oncor Commercial Standard Offer Rebate Program: https://eepm.oncor.com/commercial-provider.aspx,TX,all commercial,all,all,all,electricity,,,,non-federal,,,,,,,,,,,
22477,Pedernales Electric Cooperative Community Grants,updated,https://www.pec.coop/community-grants/,low,"Program is a competitive grant limited to non-profit organizations (501c3/501c4) rather than a broad equipment rebate. Specific eligible energy efficiency technologies, performance criteria, start/end years, and unit scaling/applicable fractions are not specified.",reference,Pedernales Electric Cooperative Community Grants: https://www.pec.coop/community-grants/,TX,commercial,all,all,all,electricity,,,,non-federal,,,,,,5000,$/project,,,,
81,Solar and Wind Energy Device Franchise Tax Deduction,updated,https://comptroller.texas.gov/taxes/franchise/,low,"Program is a corporate franchise tax deduction (deducting cost from taxable capital or 10% from income), not a direct rebate or tax credit percentage on equipment cost. Technology scope includes solar and wind energy devices (heating, cooling, electric power, storage) which does not map directly to specific Scout HVAC/envelope technologies.",reference,Solar and Wind Energy Device Franchise Tax Deduction: https://comptroller.texas.gov/taxes/franchise/,TX,all commercial,all,all,all,all,,,,non-federal,,,,,,,,,,,
1544,Texas-New Mexico Power Company - Commercial Market Transformation Program,updated,https://tnmp.com/energy-efficiency/commercial/large,low,"Broad commercial incentive program covering HVAC, lighting, envelope, water heating, and controls. Incentive rates are given as variable capacity/energy rates ($100-$400/kW or $0.01-$0.105/kWh) or flat tune-up rebates ($100-$1,500 based on tonnage). Specific performance criteria (SEER2/COP/EER) and unit rebate amounts per equipment type require consulting the program manual PDF to split into specific equipment rows (e.g., rooftop_ASHP-heat, central AC).",reference,Texas-New Mexico Power Company - Commercial Market Transformation Program: https://tnmp.com/energy-efficiency/commercial/large,TX,all commercial,all,all,all,electricity,,,replace,non-federal,,,,,,,,,,,
1543,Texas-New Mexico Power Company - Residential and Hard-to-Reach Standard Offer Programs,updated,https://tnmpefficiency.com/residential.php#existing-homes,medium,"Program includes multiple HVAC, envelope, and water heating measures. This draft reflects the standard residential ENERGY STAR Heat Pump Water Heater rebate for units <=55 gallons ($400; Hard-to-Reach income tier offers $500). Specific UEF performance criteria are not stated in the program details and should be verified from the 2025 Program Manual.",reference,Texas-New Mexico Power Company - Residential and Hard-to-Reach Standard Offer Programs: https://tnmpefficiency.com/residential.php#existing-homes,TX,all residential,all,water heating,electric WH,electricity,electricity,,replace,non-federal,,,,,,400,$/unit,2025,2025,,
2084,United Cooperative Services - Residential Energy Efficiency Rebate Program,updated,https://www.united-cs.com/rebate-programs,medium,"This draft row models the Heat Pump Water Heater rebate ($150/unit). Separate rows would be needed for ASHP ($200), GSHP ($200/ton), and Attic Insulation ($0.02/inch/sq ft). Specific minimum efficiency/performance criteria (e.g., UEF) and program start/end dates are not provided in the input text and need verification from the program website.",reference,United Cooperative Services - Residential Energy Efficiency Rebate Program: https://www.united-cs.com/rebate-programs,TX,all residential,all,water heating,electric WH,electricity,all,,replace,non-federal,,,,,,150,$/unit,,,,
727,Residential Energy Conservation Subsidy Exclusion (Corporate),updated,http://www.irs.gov/publications/p525/index.html,low,"This record describes an IRS tax exclusion (IRC Section 136) that makes utility energy conservation subsidies non-taxable to customers, rather than providing a direct equipment rebate or tax credit amount. There are no specific equipment efficiency levels, rebate dollar amounts, or start/end dates specified. Human reviewer should determine whether this tax rule belongs in incentives.csv or if it is already implicitly captured in utility rebate values.",reference,Residential Energy Conservation Subsidy Exclusion (Corporate): http://www.irs.gov/publications/p525/index.html,all,all residential,all,all,all,"electricity, natural gas",all,,,federal,,,,,,,,,,,
666,Residential Energy Conservation Subsidy Exclusion (Personal),updated,http://www.irs.gov/publications/p525/index.html,low,"This entry describes a tax exclusion under IRC Section 136 (making utility subsidies non-taxable income) rather than a direct rebate or tax credit for equipment purchase. There are no specific equipment technologies, performance thresholds, rebate amounts, or start/end years listed. Reviewer should determine whether tax exclusion rules belong in sub_fed/incentives.csv or if this entry should be excluded.",reference,Residential Energy Conservation Subsidy Exclusion (Personal): http://www.irs.gov/publications/p525/index.html,all,all residential,all,all,all,all,all,,,federal,,,,,,,,,,,
1070,Alternative Energy Sales Tax Exemption,expired+updated,,low,"This program provides a 100% sales tax exemption for large-scale (>=2 MW) alternative energy electricity generation facilities and fuel cells. It does not map directly to Scout building HVAC, water heating, or envelope technologies. Review whether utility/industrial-scale generation exemptions belong in sub_fed/incentives.csv and how credit_pct for sales tax exemptions should be quantified.",reference,Utah State Tax Commission - Alternative Energy Sales Tax Exemption,UT,commercial,all,all,all,electricity,,,,non-federal,,,2,MW,100,,,2004,2027,,
248,Renewable Energy Systems Tax Credit (Corporate),expired+updated,https://energy.utah.gov/tax-credits/renewable-energy-systems-tax-credit/,medium,"Check whether GSHP should be mapped to heating or all end uses, and whether start_year should be populated. The 10% credit up to $50,000 applies to commercial systems < 660 kW; end year 2027 is specified by H.B. 264 (2025).",reference,Utah Renewable Energy Systems Tax Credit (Corporate): https://energy.utah.gov/tax-credits/renewable-energy-systems-tax-credit/,UT,all commercial,all,heating,GSHP,electricity,all,,replace,non-federal,,,,,10,50000,$/unit,,2027,,
83,Renewable Energy Systems Tax Credit (Personal),expired+updated,https://energy.utah.gov/tax-credits/renewable-energy-systems-tax-credit/,medium,Check if GSHP should also be mapped to cooling or water heating end uses. Confirm start year and whether separate rows should be created for commercial GSHP systems or solar thermal water heating.,reference,Utah Renewable Energy Systems Tax Credit (Personal): https://energy.utah.gov/tax-credits/renewable-energy-systems-tax-credit/,UT,all residential,all,heating,GSHP,electricity,all,,replace,non-federal,,,,,25,2000,$/unit,2024,2027,,
4127,Columbia Gas of Virginia - Home Savings Rebate Program,updated,http://www.columbiagasva.com/ways-to-save/residential-customers,medium,"Furnace rebate amount ranges from $300 to $500 depending on efficiency tier/AFUE level not fully detailed in summary; used $300 baseline. Program start/end dates are not provided in input. Separate rows may be drafted for boilers, water heaters, thermostats, and windows.",reference,Columbia Gas of Virginia - Home Savings Rebate Program: http://www.columbiagasva.com/ways-to-save/residential-customers,VA,all residential,all,heating,furnace (NG),natural gas,natural gas,,replace,non-federal,,,0.90,AFUE,,300,$/unit,,,,
5503,Commercial Solar Property Tax Exemption,updated,https://energy.virginia.gov/renewable-energy/SolarPower.shtml#main,low,Property tax exemption (100% exemption for systems <=5 MW or <=20 MW for higher education; decreasing scale for 5-150 MW) does not directly map to Scout purchase rebate or tax credit metrics ($/unit or % equipment cost). Start and end years are not specified in the DSIRE summary.,reference,Commercial Solar Property Tax Exemption (Virginia Department Energy): https://energy.virginia.gov/renewable-energy/SolarPower.shtml#main,VA,commercial,all,all,PV,solar,,,,non-federal,,,,,,,,,,,
4362,Income Tax Deduction for Energy-Efficient Products,updated,,low,"Program covers multiple technologies (room AC, heat pumps, CAC, WH, furnaces, boilers, etc.); electric WH was selected for this candidate row. Incentive is a personal income tax deduction of 20% of sales tax paid (capped at $500), not a percentage of total equipment cost or a direct dollar rebate, so credit_pct and rebate_amount are left blank to avoid inventing numbers. Start year, end year, and source URL were not provided in input.",reference,Income Tax Deduction for Energy-Efficient Products: Virginia Department of Taxation,VA,all residential,all,water heating,electric WH,electricity,all,,replace,non-federal,,,1.7,EF,,,,,,,
2983,Local Option - Property Tax Assessment for Energy Efficient Buildings,updated,,low,This is state enabling legislation allowing local jurisdictions to reduce property tax rates for energy-efficient whole buildings. Specific tax rate reductions/rebate amounts vary by locality and are not specified at the state level. Needs local ordinance review if specific county/city incentives are to be modeled.,reference,Local Option - Property Tax Assessment for Energy Efficient Buildings; Virginia Department of Taxation,VA,all,all,all,all,all,,,,non-federal,,,"30% above code, or ENERGY STAR / LEED / Green Globes / EarthCraft",pct above code,,,,2008,,,
85,Local Option - Residential Property Tax Exemption for Solar,updated,https://www.deq.virginia.gov/our-programs/pollution-prevention/virginia-information-source-for-energy/programs-and-financial-incentives,low,"Property tax exemption lacks explicit numeric rebate dollar amounts, credit percentages, or performance thresholds. Solar PV/thermal technologies do not directly align with standard Scout equipment categories. A human reviewer should check whether property tax exemptions are modeled in Scout and how to assign equivalent financial values or applicable fractions.",reference,Local Option - Residential Property Tax Exemption for Solar: https://www.deq.virginia.gov/our-programs/pollution-prevention/virginia-information-source-for-energy/programs-and-financial-incentives,VA,all residential,all,all,all,electricity,all,,,non-federal,,,,,,,,2023,,,
5713,Washington Gas - Commercial Efficiency Rebate Program,updated,https://wgsmartsavings.com/programs-rebates/business/va,medium,"Program includes multiple equipment categories (boilers, furnaces, water heaters, food service equipment, thermostats); drafted row specifically targets natural gas furnaces (< 225 MBH). Start and end years are not explicitly provided in the input text. Rebate rate ($2.25/MBH) may require normalization/conversion to $/unit or $/MMBtu to align with Scout's cost inputs.",reference,Washington Gas Commercial Efficiency Rebate Program: https://wgsmartsavings.com/programs-rebates/business/va,VA,all commercial,all,heating,furnace (NG),natural gas,natural gas,,replace,non-federal,,,0.95,AFUE,,2.25,$/MBH,,,,
4474,Washington Gas - Residential Energy Efficiency Rebate Program,updated,https://wgsmartsavings.com/programs-rebates/home/va,medium,"Program includes multiple equipment types (furnaces, boilers, water heaters, windows, thermostats); this row captures Tier 2 natural gas furnaces (>=97% AFUE, $700 rebate). Separate rows are needed for other tiers/technologies. Start/end years and applicable fraction need confirmation.",reference,Washington Gas - Residential Energy Efficiency Rebate Program: https://wgsmartsavings.com/programs-rebates/home/va,VA,all residential,all,heating,furnace (NG),natural gas,natural gas,,replace,non-federal,,,0.97,AFUE,,700,$/unit,,,,
5495,U.S. Virgin Islands - Net Energy Billing (NEB) Program,updated,https://energy.vi.gov/neb/,low,"This record describes a Net Energy Billing tariff structure for distributed energy resources (solar, battery storage, wind) rather than a direct equipment upgrade rebate/tax credit. No specific dollar amounts, percentage credits, performance thresholds, or start/end dates are listed. Reviewer should verify if utility tariff/rate programs should be included in incentives.csv and gather specific rate/billing details if applicable.",reference,U.S. Virgin Islands - Net Energy Billing (NEB) Program: https://energy.vi.gov/neb/,VI,all,all,all,all,electricity,electricity,,,non-federal,,,,,,,,,,,
5498,U.S. Virgin Islands Property Tax Incentive,updated,https://ltg.gov.vi/press-release/property-tax-credits-deadline-for-new-homeowners/,low,"No specific dollar incentive, credit percentage, start/end years, performance thresholds, or targeted technologies are specified in the source summary. Property tax treatment (classifying renewable energy as personal property rather than real property) does not map directly to a equipment rebate/credit input in Scout.",reference,U.S. Virgin Islands Property Tax Incentive: https://ltg.gov.vi/press-release/property-tax-credits-deadline-for-new-homeowners/,VI,all,all,all,all,all,,,,non-federal,,,,,,,,,,,
22403,Burlington Electric Department - Electric Vehicle Rebate Program,expired+updated,https://www.burlingtonelectric.com/evrebates,low,"1) Electric vehicles fall outside Scout's standard building equipment/end use model; confirm if EV measures should be included in incentives.csv. 2) Multiple rebate tiers exist (New EV: $2,300, PHEV: $2,000, High-mileage: $3,250, Pre-owned: $1,300, Motorcycle: $500, plus moderate income bonuses of $200-$700); $2,300 for standard new EV was entered. 3) Program start and end years are not specified in source text.",reference,Burlington Electric Department - Electric Vehicle Rebate Program: https://www.burlingtonelectric.com/evrebates,VT,all residential,all,other,EV,electricity,,,replace,non-federal,,,,,,2300,$/unit,,,,
22404,Green Mountain Power EV Charging Station Program,updated,https://greenmountainpower.com/rebates-programs/electric-vehicles/in-home-ev-charger/,low,"EV charging stations do not map directly to standard Scout building end uses or technologies. No dollar value for the charger/rebate, performance levels, or start/end years were provided in the input text.",reference,Green Mountain Power EV Charging Station Program: https://greenmountainpower.com/rebates-programs/electric-vehicles/in-home-ev-charger/,VT,all residential,all,all,all,electricity,,,,non-federal,,,,,,,,,,,
22405,Green Mountain Power EV Rebate Program,expired+updated,https://greenmountainpower.com/rebates-programs/electric-vehicles/ev-rebate/,low,"This program provides incentives for electric vehicles (EVs/PHEVs), which are transportation equipment rather than building envelope/HVAC/appliance technologies modeled in Scout. Reviewer should determine if EV incentives should be excluded entirely from Scout's building incentives database or mapped to a specific secondary end use. Additionally, rebate amounts range from $750 to $3,200 depending on vehicle type (new vs used, BEV vs PHEV) and customer income level.",reference,Green Mountain Power EV Rebate Program: https://greenmountainpower.com/rebates-programs/electric-vehicles/ev-rebate/,VT,all residential,all,all,all,electricity,,,,non-federal,,,,,,2200,$/unit,,2023,,
3428,Investment Tax Credit,updated,http://tax.vermont.gov/business-and-corp/corp-and-business-income-taxes/tax-credits,medium,"Program covers multiple technologies (GSHP, solar thermal, solar water heat, etc.) for business properties. Drafted for GSHP. Confirm if additional rows should be created for other covered technologies like solar water heat. Specific performance requirements mirror the Federal Investment Tax Credit.",reference,Investment Tax Credit (Vermont Department of Taxes): http://tax.vermont.gov/business-and-corp/corp-and-business-income-taxes/tax-credits,VT,all commercial,all,heating,GSHP,electricity,all,,replace,non-federal,,,,,7.2,,,2024,2032,,
22343,Stowe Electric - Electric Bicycles,expired+updated,https://www.stoweelectric.com/rebates/e-bikes,low,Electric bicycles are transportation equipment and fall outside Scout's scope of building energy efficiency/decarbonization measures. There is no matching end use or technology category in Scout's controlled vocabulary; this row should likely be excluded from incentives.csv.,reference,Stowe Electric - Electric Bicycles: https://www.stoweelectric.com/rebates/e-bikes,VT,all residential,all,,,electricity,,,replace,non-federal,,,,,,150,$/unit,2025,2025,,
22342,Stowe Electric - Electric Lawnmowers,updated,https://www.stoweelectric.com/rebates/electric-yard-equipment,low,"Electric lawnmowers and lawn care equipment fall outside Scout's core building equipment taxonomy and end uses (heating, cooling, water heating, cooking, drying). Rebate amounts vary significantly by equipment type ($50-$100 for residential push/ride mowers, $100-$1000 for commercial).",reference,Stowe Electric - Electric Lawnmowers: https://www.stoweelectric.com/rebates/electric-yard-equipment,VT,"all residential, commercial",all,,,electricity,,,replace,non-federal,,,,,,50,$/unit,2025,,,
22347,Vermont Electric Coop - Electric Lawnmower Bill Credit,updated,https://vermontelectric.coop/energy-transformation-programs,low,Electric lawnmowers are non-building equipment and do not fit Scout's building energy end uses or technology taxonomy. A human analyst should confirm whether this record should be excluded from Scout entirely.,reference,Vermont Electric Coop - Electric Lawnmower Bill Credit: https://vermontelectric.coop/energy-transformation-programs,VT,"all residential, all commercial",all,,,electricity,,,replace,non-federal,,,,,,50,$/unit,2019,,,
1346,Vermont Gas - Commercial Energy Services,expired+updated,https://vgsvt.com/savings/commercial-energy-services/,low,"Rebate amount for commercial furnaces is given as a range ($500-$800) depending on equipment specifications; precise rebate tiers, required performance levels (AFUE), program start/end years, and applicable fraction must be confirmed from VGS documentation. Separate rows are also needed to cover other technologies listed in this program (boilers, water heaters, smart thermostats).",reference,Vermont Gas Commercial Energy Services: https://vgsvt.com/savings/commercial-energy-services/,VT,all commercial,all,heating,furnace (NG),natural gas,natural gas,,replace,non-federal,,,,AFUE,,,$/unit,,,,
22351,Vermont Public Power Supply Authority - Electric Bicycle and Retrofit Kit Rebate,expired+updated,https://vppsa.com/2023-e-bike-and-retrofit-kit-rebate/,low,"This incentive is for electric bicycles and retrofit kits, which are transportation equipment rather than building energy technologies. Scout models building end uses, so this record does not map to Scout's technology taxonomy and should likely be excluded from incentives.csv.",reference,Vermont Public Power Supply Authority - Electric Bicycle and Retrofit Kit Rebate: https://vppsa.com/2023-e-bike-and-retrofit-kit-rebate/,VT,,,,,electricity,,,,non-federal,,,,,,100,$/unit,2023,,,
22350,Vermont Public Power Supply Authority - Electric Lawnmower Rebate,updated,https://vppsa.com/2024-electric-lawn-mower-rebate/,low,"1. Electric lawnmowers/lawn care equipment are outside standard Scout building equipment end uses and technologies. 2. Multiple rebate tiers exist ($50 residential push, $100 residential ride-on / commercial push, $1,500 commercial ride-on); if incorporated into Scout, this program would need to be split into separate rows for residential/commercial and push/ride-on equipment.",reference,Vermont Public Power Supply Authority - Electric Lawnmower Rebate: https://vppsa.com/2024-electric-lawn-mower-rebate/,VT,"all residential, all commercial",all,all,all,electricity,all,,replace,non-federal,,,,,,,,2024,,,
22348,Vermont Public Power Supply Authority - Electric Vehicle Purchase Rebate,expired+updated,https://vppsa.com/2023-electric-vehicle-rebate/,low,"Electric vehicles (transportation) are outside Scout's standard building equipment and envelope scope. Also, rebate amounts vary by vehicle type ($1250 for new EV, $500 for new PHEV or pre-owned EV, $250 for pre-owned PHEV, plus $400 for income-qualifying customers).",reference,Vermont Public Power Supply Authority - Electric Vehicle Purchase Rebate: https://vppsa.com/2023-electric-vehicle-rebate/,VT,all residential,all,,,electricity,,,,non-federal,,,,,,1250,$/unit,2023,,,
3231,Columbia Rural Electric Association - Residential Energy Efficiency Rebate Program,updated,https://columbiarea.coop/rebate-offers,medium,"Program includes multiple HPWH rebate tiers ($1,400 to $2,200 depending on size/tier) as well as ASHP ($600-$1,560), ductless HP ($920), appliances, windows, insulation, and doors. Drafted row reflects 40-gallon HPWH base rebate ($1,400). Exact UEF numeric performance requirements for Tiers 3/4 were not specified in the input summary.",reference,Columbia REA Residential Energy Efficiency Rebate Program: https://columbiarea.coop/rebate-offers,WA,residential,all,water heating,electric WH,electricity,all,,replace,non-federal,,,,,,1400,$/unit,2025,,,
576,Renewable Energy Sales and Use Tax Exemption,updated,http://dor.wa.gov/Content/FindTaxesAndRates/TaxIncentives/IncentivePrograms.aspx#Energy,low,"Incentive provides 100% exemption from sales/use tax (or tax remittance), not a percentage of total project cost; effective rebate percentage depends on Washington local sales tax rates. Technologies include solar PV, solar thermal, biomass, and fuel cells, which do not directly align with Scout HVAC/envelope categories; mapped tentatively to 'electric WH' for solar thermal. Expiration dates vary by technology/statute (2018 for solar thermal under RCW 82.08.963 vs 2029/2034 for other systems); needs analyst review.",reference,Renewable Energy Sales and Use Tax Exemption (Washington State Department of Revenue): http://dor.wa.gov/Content/FindTaxesAndRates/TaxIncentives/IncentivePrograms.aspx#Energy,WA,all,all,water heating,electric WH,solar,all,,replace,non-federal,,,,,,,,2020,2029,,
5622,Seattle HomeWise: Weatherization,updated,http://www.seattle.gov/housing/homewise/,low,"No specific numeric rebate dollar amounts, performance criteria, start/end years, or tech-specific caps are provided in the source summary (program provides free weatherization services for income-qualified residents). Specific measure-level incentive values, income-eligibility constraints, and target technology categories (e.g., insulation vs. heating equipment) need to be determined before adding to incentives.csv.",reference,Seattle HomeWise: Weatherization (Seattle Office of Housing): http://www.seattle.gov/housing/homewise/,WA,all residential,all,heating,all,all,all,,replace,non-federal,,,,,,,,,,,
178,"Biogas, Solar, and Wind Energy Equipment Exemption",updated,,low,"Property tax exemption (100% exemption on added property value) does not provide a direct equipment purchase rebate or tax credit percentage on equipment cost. Eligible technologies (solar, wind, biogas) do not map directly to standard Scout HVAC/envelope technologies. Start year and end year are not explicitly specified in the source text.",reference,"Biogas, Solar, and Wind Energy Equipment Exemption (Wisconsin Department of Revenue): https://www.revenue.wi.gov/DORFAQ/renewable-energy.pdf",WI,all,all,all,all,all,,,,non-federal,,,,,,,,,,,
2050,Cedarburg Light & Water Utility - Commercial Energy Efficiency Rebate Program,expired+updated,https://wppienergy.org/customer-programs/rfp-for-energy-efficiency/,low,"Incentive amounts are case-by-case / RFP-based (up to $200,000 max per bid cycle for projects saving >= 100,000 kWh or reducing peak demand by >= 20 kW) with no fixed $/unit or $/kW rebate rate or performance efficiency threshold specified. Program covers multiple commercial/industrial end uses (cooling, chillers, lighting, motors, refrigeration); mapped conservatively to cooling/central AC as an example, but analyst needs to confirm target technologies and specific rebate schedules.",reference,Cedarburg Light & Water Utility - Commercial Energy Efficiency Rebate Program: https://wppienergy.org/customer-programs/rfp-for-energy-efficiency/,WI,commercial,all,cooling,central AC,electricity,,,replace,non-federal,,,,,,,,,,,
22074,Energy Innovation Grant Program,updated,https://psc.wi.gov/Pages/Programs/OEI/EnergyInnovationGrantProgram.aspx,low,"Program is a competitive grant open to municipalities, school districts, and manufacturers rather than a formulaic rebate. No standard rebate amount or equipment performance threshold is specified. Confirm whether competitive grant programs of this type should be parameterized for Scout.",reference,Energy Innovation Grant Program (Public Service Commission of Wisconsin): https://psc.wi.gov/Pages/Programs/OEI/EnergyInnovationGrantProgram.aspx,WI,all commercial,all,all,all,all,all,,,non-federal,,,,,,,,2023,2024,,
561,Special Assessment for Wind Energy Systems,updated,,low,"Utility-owned wind energy property tax assessments fall outside Scout's primary scope of building envelope and end-use equipment. Additionally, source URL, start/end years, and explicit monetary rebate or tax credit amounts per equipment unit are missing.",reference,West Virginia Division of Energy - Special Assessment for Wind Energy Systems,WV,all commercial,all,all,all,electricity,,,,non-federal,,,,,,,,,,,
22666,Alaska - National Electric Vehicle Infrastructure (NEVI) Formula Grant Program,expired,"https://www.akenergyauthority.org/What-We-Do/Alternative-Energy-and-Energy-Efficiency-Programs/Electric-Vehicles/EV-Infrastructure-Implementation-Plan#:~:text=Through%20the%20NEVI%20program%2C%20Alaska,and%20urban%20areas%20across%20Alaska.",low,"This program provides grant funding for electric vehicle (EV) charging infrastructure under the IIJA NEVI program. EV charging is outside Scout's current building energy/equipment end-use taxonomy (HVAC, water heating, envelope, etc.). Additionally, grant amounts are competitive/variable without a fixed per-unit or percentage rebate rate.",reference,"Alaska Energy Authority NEVI Formula Grant Program: https://www.akenergyauthority.org/What-We-Do/Alternative-Energy-and-Energy-Efficiency-Programs/Electric-Vehicles/EV-Infrastructure-Implementation-Plan#:~:text=Through%20the%20NEVI%20program%2C%20Alaska,and%20urban%20areas%20across%20Alaska.",AK,,,,,electricity,,,,non-federal,,,,,,,,2023,,,
22629,California - National Electric Vehicle Infrastructure (NEVI) Formula Grant Program,expired,https://www.energy.ca.gov/programs-and-topics/programs/national-electric-vehicle-infrastructure-nevi-formula-program,low,"EV charging infrastructure is outside Scout's core building equipment taxonomy (heating, cooling, water heating, envelope, etc.). Incentive amounts are competitive grant awards with no standardized fixed rebate amount or percentage per unit provided. Reviewer should check whether transportation EV charging programs belong in Scout's building-focused incentives.csv.",reference,California - National Electric Vehicle Infrastructure (NEVI) Formula Grant Program: https://www.energy.ca.gov/programs-and-topics/programs/national-electric-vehicle-infrastructure-nevi-formula-program,CA,,all,,,electricity,,,,non-federal,,,,,,,,2023,,,
22149,Clean Transportation Program,expired,https://www.energy.ca.gov/programs-and-topics/programs/clean-transportation-program,low,"Program funds clean transportation (EV charging infrastructure and low/zero-emission vehicles), which falls outside Scout's core building energy efficiency equipment/envelope categories. In addition, unit-level rebate amounts and performance standards are not provided in the source summary.",reference,Clean Transportation Program: https://www.energy.ca.gov/programs-and-topics/programs/clean-transportation-program,CA,all,all,,,electricity,,,,non-federal,,,,,,,,,,,
4054,Sales and Use Tax Exclusion for Advanced Transportation and Alternative Energy Manufacturing Program,expired,http://www.treasurer.ca.gov/caeatfa/ste/index.asp,low,"This program provides a sales and use tax exclusion for manufacturing property/facilities that produce advanced transportation or energy efficiency components, rather than incentives for building equipment or envelope upgrades in residential/commercial buildings. It appears to be out of scope for Scout's building energy model incentives.csv.",reference,Sales and Use Tax Exclusion for Advanced Transportation and Alternative Energy Manufacturing Program: http://www.treasurer.ca.gov/caeatfa/ste/index.asp,CA,,,,,,,,,non-federal,,,,,,,,2010,2025,,
22630,Hawaii - National Electric Vehicle Infrastructure (NEVI) Formula Grant Program,expired,https://hidot.hawaii.gov/highways/hawaii-nevi-state-plan/,low,EV charging infrastructure (NEVI) is outside Scout's core building energy decarbonization scope and end use categories. Grants are competitively awarded with no fixed rebate amount or percentage specified. Review whether this program should be excluded or if a custom EV tech mapping is needed.,reference,Hawaii NEVI Formula Grant Program: https://hidot.hawaii.gov/highways/hawaii-nevi-state-plan/,HI,commercial,all,all,all,electricity,,,,non-federal,,,,,,,,2024,,,
3284,Black Hills Energy (Gas) - Commercial Energy Efficiency Rebate Programs,expired,https://www.blackhillsenergy.com/efficiency-and-savings/commercial-rebates/iowa-gas-commercial-rebates,low,"Commercial furnace rebates range from $200 to $350 depending on efficiency, but specific performance level thresholds (e.g., AFUE values) are omitted in the summary text and must be verified on the program website. Rebate amount is left blank due to the unspecified tier structure. Applicable fraction is unstated.",reference,Black Hills Energy (Gas) - Commercial Energy Efficiency Rebate Programs: https://www.blackhillsenergy.com/efficiency-and-savings/commercial-rebates/iowa-gas-commercial-rebates,IA,all commercial,all,heating,furnace (NG),natural gas,natural gas,,replace,non-federal,,,,AFUE,,,$/unit,2025,,,
22645,Iowa - National Electric Vehicle Infrastructure (NEVI) Formula Grant Program,expired,https://iowadot.gov/iowaevplan,low,"EV charging infrastructure does not map to standard Scout building end uses or technologies (e.g., HVAC, water heating, envelope). Additionally, grant amounts are competitive and variable with no explicit dollar rebate or percentage credit provided.",reference,Iowa - National Electric Vehicle Infrastructure (NEVI) Formula Grant Program: https://iowadot.gov/iowaevplan,IA,,,,,electricity,,,,non-federal,,,,,,,,2024,,,
22655,Idaho - National Electric Vehicle Infrastructure (NEVI) Formula Grant Program,expired,https://oemr.idaho.gov/programs/national-electric-vehicle-infrastructure-program/,low,"This program supports electric vehicle (EV) charging infrastructure along highway corridors, which falls outside of Scout's scope of building equipment and envelope efficiency upgrades. Additionally, specific monetary grant amounts and eligibility metrics are determined competitively and not specified as fixed rebates. Verify if EV charging infrastructure should be excluded from sub_fed/incentives.csv.",reference,Idaho - National Electric Vehicle Infrastructure (NEVI) Formula Grant Program: https://oemr.idaho.gov/programs/national-electric-vehicle-infrastructure-program/,ID,,,,,electricity,,,,non-federal,,,,,,,,,,,
22643,Illinois - National Electric Vehicle Infrastructure (NEVI) Formula Grant Program,expired,https://idot.illinois.gov/transportation-system/environment/drive-electric.html,low,EV charging infrastructure does not map to Scout's core building equipment/envelope technologies or end uses. Grant amounts are awarded competitively on a project-by-project basis with no standard per-unit rebate dollar amount specified.,reference,Illinois - National Electric Vehicle Infrastructure (NEVI) Formula Grant Program: https://idot.illinois.gov/transportation-system/environment/drive-electric.html,IL,,,,,electricity,,,,non-federal,,,,,,,,2024,,,
22439,Improvement Valuation of Commercial Solar Energy Systems,expired,https://tax.illinois.gov/localgovernments/property/solar-energy-systems.html,low,"This program is a property tax assessment valuation methodology for commercial solar energy systems rather than a direct equipment rebate or tax credit. Standard rebate amounts, credit percentages, and performance thresholds are not provided. Review whether property tax valuation rules should be included in Scout sub_fed/incentives.csv or mapped to a specific cost reduction.",reference,Improvement Valuation of Commercial Solar Energy Systems (Illinois Department of Revenue): https://tax.illinois.gov/localgovernments/property/solar-energy-systems.html,IL,commercial,all,all,solar PV,electricity,,,,non-federal,,,,,,,,2018,,,
22644,Indiana - National Electric Vehicle Infrastructure (NEVI) Formula Grant Program,expired,https://chargingthecrossroads.com/,low,"EV charging infrastructure does not map directly to standard Scout building equipment end uses/technologies. Additionally, numeric incentive amounts and credit percentages are competitive/unspecified in the source text. Reviewer should determine whether EV charging programs belong in sub_fed/incentives.csv.",reference,Indiana - National Electric Vehicle Infrastructure (NEVI) Formula Grant Program: https://chargingthecrossroads.com/,IN,all commercial,all,all,all,electricity,,,,non-federal,,,,,,,,2023,,,
22646,Kentucky - National Electric Vehicle Infrastructure (NEVI) Formula Grant Program,expired,https://kyevcharging.com/,low,EV charging infrastructure (NEVI program) does not fall into Scout's standard building equipment/envelope decarbonization end uses or technologies. Incentive amounts are competitive and variable with no specific numeric unit rebate or percentage specified.,reference,Kentucky - National Electric Vehicle Infrastructure (NEVI) Formula Grant Program: https://kyevcharging.com/,KY,all commercial,all,heating,all,electricity,,,,non-federal,,,,,,,,2023,,,
22647,Michigan - National Electric Vehicle Infrastructure (NEVI) Formula Grant Program,expired,https://www.michigan.gov/mdot/travel/mobility/initiatives/nevi,low,EV charging infrastructure is outside Scout's core building equipment/envelope technology scope. Grant amounts are competitive and variable with no explicit dollar rebate per unit or percentage credit specified. Funding originates from IIJA (NEVI) rather than IRA.,reference,Michigan - National Electric Vehicle Infrastructure (NEVI) Formula Grant Program: https://www.michigan.gov/mdot/travel/mobility/initiatives/nevi,MI,commercial,all,,,electricity,,,,non-federal,,,,,,,,2024,,,
333,Nonrefundable Business Activity Tax Credit,expired,,low,"This program is an industry recruitment tax credit for alternative energy manufacturing, R&D, and business activity rather than a building end-use energy efficiency rebate/tax credit. No specific building tech, end use, or rebate dollar amounts apply.",reference,Nonrefundable Business Activity Tax Credit: Michigan Economic Development Corporation,MI,,,,,,,,,non-federal,,,,,,,,,2031,,
22648,Missouri - National Electric Vehicle Infrastructure (NEVI) Formula Grant Program,expired,https://www.modot.org/sites/default/files/documents/NEVI%20Plan%20update%202023_Revised_Sept2023Final.pdf,low,"EV charging infrastructure is outside the scope of Scout's building envelope and HVAC/water heating end-use equipment framework. Additionally, rebate/grant amounts are competitive and variable with no specific numeric incentive provided. Review whether this program should be excluded from sub_fed/incentives.csv.",reference,Missouri - National Electric Vehicle Infrastructure (NEVI) Formula Grant Program: https://www.modot.org/sites/default/files/documents/NEVI%20Plan%20update%202023_Revised_Sept2023Final.pdf,MO,,,,,electricity,,,,non-federal,,,,,,,,2024,,,
22656,Montana - National Electric Vehicle Infrastructure (NEVI) Formula Grant Program,expired,https://deq.mt.gov/energy/Programs/fuels,low,"1. EV charging infrastructure is outside Scout's core building equipment/envelope technology taxonomy (e.g., HVAC, water heating, insulation, windows); clarify if EV charging incentives should be tracked in sub_fed/incentives.csv or excluded. 2. Incentive amounts and rebate/grant values are awarded competitively and not specified as a fixed numeric dollar amount or percentage in the input text.",reference,Montana - National Electric Vehicle Infrastructure (NEVI) Formula Grant Program: https://deq.mt.gov/energy/Programs/fuels,MT,commercial,all,,all,electricity,,,,non-federal,,,,,,,,,,,
22664,North Carolina - National Electric Vehicle Infrastructure (NEVI) Formula Grant Program,expired,https://www.ncdot.gov/initiatives-policies/environmental/climate-change/NEVI/Pages/default.aspx,low,EV charging infrastructure (NEVI) does not map to Scout's building equipment/envelope end uses or technologies. Grant amounts are competitive/variable with no set dollar/unit value provided. Confirm whether EV infrastructure should be tracked in Scout's incentives.csv.,reference,North Carolina - National Electric Vehicle Infrastructure (NEVI) Formula Grant Program: https://www.ncdot.gov/initiatives-policies/environmental/climate-change/NEVI/Pages/default.aspx,NC,,,,,electricity,,,,non-federal,,,,,,,,2024,,,
22658,North Dakota - National Electric Vehicle Infrastructure (NEVI) Formula Grant Program,expired,https://www.dot.nd.gov/nevi,low,"EV charging infrastructure (EVSE) is outside Scout's building energy modeling scope (no applicable end use or tech in Scout taxonomy). Additionally, competitive grant amounts and standard building performance metrics are not specified.",reference,North Dakota NEVI Formula Grant Program: https://www.dot.nd.gov/nevi,ND,,,,,electricity,,,,non-federal,,,,,,,,2022,2026,,
22530,Granite State Clean Fleets (GSCF),expired,https://www.des.nh.gov/business-and-community/loans-and-grants/volkswagen-mitigation-trust,low,"This program targets municipal/public fleet vehicle replacements and EV charging infrastructure (EVSE), which fall outside Scout's core building equipment and envelope scope. Furthermore, applications closed on October 13, 2023, and grant amounts vary by project with no standard unit rebate given.",reference,Granite State Clean Fleets (GSCF): https://www.des.nh.gov/business-and-community/loans-and-grants/volkswagen-mitigation-trust,NH,all commercial,all,all,all,electricity,diesel,,replace,non-federal,,,,,,,,,2023,,
3980,Gross Receipts Tax Exemption for Sales of Wind and Solar Systems to Government Entities,expired,,low,"1. Program applies to wind turbine, PV, and solar thermal electric systems sold to government entities; check if generation technologies are within scope for Scout modeling. 2. Specific tax credit/exemption rate depends on the NM gross receipts tax rate, which is not provided. 3. Source URL is missing in input data.",reference,Gross Receipts Tax Exemption for Sales of Wind and Solar Systems to Government Entities: New Mexico Taxation & Revenue Department,NM,commercial,all,all,all,electricity,,,,non-federal,,,,,,,,2010,,,
22724,New Mexico - Home Electrification and Appliance Rebate (HEAR) Program,expired,https://clean.energy.nm.gov/programs/hear/,medium,"HEAR covers multiple technologies (ASHP up to $8000, HPWH up to $1750, insulation up to $1600, electric cooking/dryers up to $840); separate rows needed for each technology. Exact performance criteria beyond ENERGY STAR are not detailed in summary. End year not specified.",reference,New Mexico Home Electrification and Appliance Rebate (HEAR) Program: https://clean.energy.nm.gov/programs/hear/,NM,all residential,all,heating,ASHP,electricity,all,yes,replace,non-federal,yes,,,,,8000,$/unit,2024,,,"Program targets low- and moderate-income households (<80% AMI gets 100% covered up to cap, 80-150% AMI gets 50% covered up to cap). Applicable fraction depends on income-eligible share of housing stock."
22631,Nevada - National Electric Vehicle Infrastructure (NEVI) Formula Grant Program,expired,https://www.dot.nv.gov/mobility/alternative-fueling-infrastructure-plan,low,"EV charging infrastructure programs (NEVI) fall outside Scout's building energy equipment taxonomy (heating, cooling, water heating, envelope, etc.). Additionally, incentive amounts are competitive grants with no fixed per-unit rebate or formula given. Recommend excluding from incentives.csv.",reference,Nevada - National Electric Vehicle Infrastructure (NEVI) Formula Grant Program: https://www.dot.nv.gov/mobility/alternative-fueling-infrastructure-plan,NV,,all,,,electricity,,,,non-federal,,,,,,,,2022,,,
4690,ConEd (Electric) - Commercial and Industrial Energy Efficiency Program,expired,https://www.coned.com/en/save-money/rebates-incentives-tax-credits/rebates-incentives-tax-credits-for-commercial-industrial-buildings-customers/save-with-energy-efficiency-upgrades,low,"Program covers multiple commercial technologies (Unitary HVAC @ $75/ton, PTAC/PTHP @ $150/ton, VRF/Chillers @ $0.30/kWh saved, lighting, refrigeration). Selected Unitary HVAC ($75/ton) as candidate row. Specific efficiency performance thresholds (e.g. EER/IEER) and official start year are not stated in text and must be verified from the program manual.",reference,ConEd (Electric) - Commercial and Industrial Energy Efficiency Program: https://www.coned.com/en/save-money/rebates-incentives-tax-credits/rebates-incentives-tax-credits-for-commercial-industrial-buildings-customers/save-with-energy-efficiency-upgrades,NY,all commercial,all,cooling,central AC,electricity,all,,replace,non-federal,,,,,,75,$/ton,,2025,,
22562,NY-Sun PV Incentive Program (Commercial and Industrial),expired,https://www.nyserda.ny.gov/All-Programs/NY-Sun,low,Base incentive amounts depend on active MW block allocations which are not explicitly provided (Upstate block is currently fully allocated); solar PV is an onsite generation technology that falls outside standard Scout building end-use/equipment taxonomy.,reference,NYSERDA NY-Sun PV Incentive Program (Commercial and Industrial): https://www.nyserda.ny.gov/All-Programs/NY-Sun,NY,all commercial,all,all,PV,electricity,all,,,non-federal,,,,,,,,,2030,,
22098,NYSERDA Residential and Retail Energy Storage Incentive Program,expired,https://www.nyserda.ny.gov/All-Programs/Energy-Storage-Program/Developers-and-Contractors/Residential-and-Retail-Storage-Incentives,low,"Energy storage (battery systems) does not map directly to standard Scout HVAC/envelope/water heating technology categories. Incentive amounts vary by utility territory and sector (e.g., $200/kWh for residential rest of state, $250/kWh for Con Ed residential, $175/kWh for retail rest of state, $125/kWh for Westchester Con Ed retail). Multiple rows may need to be split out by sector and region.",reference,NYSERDA Residential and Retail Energy Storage Incentive Program: https://www.nyserda.ny.gov/All-Programs/Energy-Storage-Program/Developers-and-Contractors/Residential-and-Retail-Storage-Incentives,NY,"all residential, all commercial",all,all,all,electricity,,,replace,non-federal,,,,,,,$/kWh,,2030,,
22657,New York - National Electric Vehicle Infrastructure (NEVI) Formula Grant Program,expired,https://www.nyserda.ny.gov/All-Programs/ChargeNY/Charge-Electric/Charging-Station-Programs/National-Electric-Vehicle-Infrastructure-Program,low,"EV charging infrastructure is outside Scout's core building end-use and technology vocabulary (e.g., heating, cooling, water heating). No specific numeric rebate amounts, percentage credits, performance levels, or timeline years are defined in the text, as grants are awarded competitively.",reference,New York - National Electric Vehicle Infrastructure (NEVI) Formula Grant Program: https://www.nyserda.ny.gov/All-Programs/ChargeNY/Charge-Electric/Charging-Station-Programs/National-Electric-Vehicle-Infrastructure-Program,NY,all,all,,,electricity,,,,non-federal,,,,,,,,,,,
22649,Ohio - National Electric Vehicle Infrastructure (NEVI) Formula Grant Program,expired,https://drive.ohio.gov/programs/electric/infrastructure/nevi/nevi,low,"EV charging infrastructure under the NEVI program (IIJA) does not map to standard Scout building end uses or equipment technologies. Additionally, incentive amounts are competitive grant awards rather than fixed dollar/percentage rebates per unit.",reference,DriveOhio NEVI Formula Grant Program: https://drive.ohio.gov/programs/electric/infrastructure/nevi/nevi,OH,all,all,all,all,electricity,,,,non-federal,,,,,,,,2023,,,
4217,Qualified Energy Property Tax Exemption for Projects 250 kW or Less,expired,https://development.ohio.gov/business/state-incentives/qualified-energy-project-tax-exemption,low,"This program provides a 100% property tax exemption for solar/wind electricity generation equipment (<=250 kW), rather than an upfront capital rebate or tax credit. Need to decide if solar PV / clean generation property tax exemptions should be modeled in Scout, and if so, how to convert property tax savings into equipment rebate/tax credit units.",reference,Ohio Qualified Energy Property Tax Exemption for Projects 250 kW or Less: https://development.ohio.gov/business/state-incentives/qualified-energy-project-tax-exemption,OH,all,all,all,all,electricity,,,,non-federal,,,,,,,,2010,2028,,
4311,Qualified Energy Property Tax Exemption for Projects over 250 kW (Payment in Lieu),expired,https://development.ohio.gov/business/state-incentives/qualified-energy-project-tax-exemption,low,"Program is a property tax exemption with a payment-in-lieu-of-tax (PILOT) structure ($6,000-$8,000/MW) for large commercial/utility renewable energy systems >250 kW. This does not map cleanly to Scout building equipment rebate formats ($/unit, credit %) or standard technology categories. Application deadline is December 31, 2028.",reference,Qualified Energy Property Tax Exemption for Projects over 250 kW (Payment in Lieu) - Ohio Development Services Agency: https://development.ohio.gov/business/state-incentives/qualified-energy-project-tax-exemption,OH,all commercial,all,all,all,electricity,,,,non-federal,,,250,kW,,,,,2028,,
22659,Oregon - National Electric Vehicle Infrastructure (NEVI) Formula Grant Program,expired,https://www.oregon.gov/odot/climate/pages/nevi.aspx,low,"EV charging infrastructure funded via NEVI/IIJA is outside Scout's scope of building equipment energy decarbonization. Additionally, grant amounts are awarded competitively on a project-by-project basis so no specific rebate dollar amount, percentage, or building equipment performance threshold is available.",reference,Oregon Department of Transportation - National Electric Vehicle Infrastructure (NEVI) Formula Grant Program: https://www.oregon.gov/odot/climate/pages/nevi.aspx,OR,all,all,all,all,electricity,,,,non-federal,,,,,,,,2024,,,
22725,Rhode Island – Home Electrification and Appliance Rebate (HEAR) Program,expired,https://energy.ri.gov/energy-incentives/home-energy-rebate-program,low,"Program includes multiple technologies (electric panel upgrades, wiring, heat pump clothes dryers, and electric/induction stoves) and income tiers ($840 for low-income <80% AMI vs $420 for moderate-income 80-150% AMI). Drafted row specifically for heat pump clothes dryers at the low-income tier. Need guidance on whether to create separate rows for other technologies/income tiers. ENERGY STAR certification is required, but exact numeric efficiency threshold (e.g., Combined Energy Factor) is not explicitly stated in text.",reference,Rhode Island Home Electrification and Appliance Rebate (HEAR) Program: https://energy.ri.gov/energy-incentives/home-energy-rebate-program,RI,all residential,all,drying,clothes dryer,electricity,all,,replace,non-federal,yes,,,,,840,$/unit,2024,,,
22665,South Carolina - National Electric Vehicle Infrastructure (NEVI) Formula Grant Program,expired,https://southcarolina-ev.com/,low,EV charging infrastructure is outside Scout's standard building equipment/envelope end uses. No specific numeric incentive amounts or tech specifications are provided in the input text. Reviewer should determine if EV programs belong in Scout sub_fed/incentives.csv.,reference,South Carolina - National Electric Vehicle Infrastructure (NEVI) Formula Grant Program: https://southcarolina-ev.com/,SC,all,all,all,all,electricity,,,,non-federal,,,,,,,,2024,,,
22660,South Dakota - National Electric Vehicle Infrastructure (NEVI) Formula Grant Program,expired,https://dot.sd.gov/ev,low,"EV charging infrastructure does not map to standard Scout building equipment end uses or envelope technologies. Additionally, specific grant amounts per unit/site and detailed technical performance metrics are not specified in the summary.",reference,South Dakota Department of Transportation - National Electric Vehicle Infrastructure (NEVI) Formula Grant Program: https://dot.sd.gov/ev,SD,,,,,electricity,,,,non-federal,,,,,,,,2024,,,
22474,Alternative Fuel Vehicle Refueling Property Tax Credit (Corporate),expired,https://www.irs.gov/credits-deductions/alternative-fuel-vehicle-refueling-property-credit,low,"EV charging and alternative fuel refueling equipment do not fit standard Scout building end uses or technologies. The credit is 6% base or 30% with prevailing wage/apprenticeship requirements, capped at $100,000 per item of property. OBBB repealed this credit for equipment placed in service after June 30, 2026.",reference,Alternative Fuel Vehicle Refueling Property Tax Credit (Corporate): https://www.irs.gov/credits-deductions/alternative-fuel-vehicle-refueling-property-credit,all,all commercial,all,all,all,electricity,,,,federal,yes,,,,30,100000,$/unit,2023,2026,,
1271,Energy-Efficient Commercial Buildings Tax Deduction,expired,https://www.irs.gov/credits-deductions/energy-efficient-commercial-buildings-deduction,medium,"This is a tax deduction ranging from $0.50-$1.00/sq ft (base) to $2.50-$5.00/sq ft (with IRA prevailing wage/apprenticeship labor requirements) depending on energy cost savings (25%-50% over ASHRAE 90.1). Set rebate_amount to $0.50/sq ft base minimum. End year set to 2026 per OBBB repeal for construction starting after June 30, 2026. Reviewer should determine if/how Scout handles tax deductions vs standard tax credits/rebates and whether bonus tier ($2.50/sq ft) should be modeled.",reference,179D Energy-Efficient Commercial Buildings Tax Deduction: https://www.irs.gov/credits-deductions/energy-efficient-commercial-buildings-deduction,all,all commercial,all,all,all,all,all,,replace,federal,yes,,25,% energy savings,,0.50,$/sq ft,2023,2026,,
1272,Energy-Efficient New Homes Tax Credit for Home Builders,expired,,medium,"Section 45L applies to whole-building new construction (ENERGY STAR or DOE Zero Energy Ready Home) rather than single equipment upgrades. Rebate values range from $500 to $5,000 per unit depending on single-family vs. multifamily and prevailing wage requirements. Drafted $2,500 as the baseline single-family ENERGY STAR amount; reviewer should decide if separate rows are needed for ZERH ($5,000/unit) and multifamily tiers ($500-$5,000/unit).",reference,Section 45L Energy-Efficient New Homes Tax Credit: https://www.irs.gov/pub/irs-drop/n-23-65.pdf,all,all residential,new construction,all,all,all,all,,,federal,yes,,,,,2500,$/unit,2023,2026,,
1274,Residential Energy Efficiency Tax Credit,expired,https://www.energy.gov/save/home-upgrades,medium,"DSIRE record covers full 25C tax credit with multiple eligible tech categories (ASHP, HPWH, CAC, furnaces, windows, doors, insulation, panels). Drafted specifically for electric heat pumps ($2,000 / 30%). Additional rows should be drafted for the other tech categories. Specific numeric performance thresholds (e.g., CEE highest tier metrics) are not provided in the text and require secondary lookup.",reference,25C IRA tax credit: https://www.energy.gov/save/home-upgrades,all,all residential,all,heating,ASHP,electricity,all,yes,replace,federal,yes,,,,30,2000,$/unit,2023,2025,,
1235,Residential Renewable Energy Tax Credit,expired,https://www.energy.gov/save/home-upgrades,medium,"Drafted for GSHP. Specific numeric performance thresholds (e.g., COP/EER) for ENERGY STAR criteria are not stated in the source text. Additional candidate rows may be needed for solar water heating or battery storage.",reference,Residential Renewable Energy Tax Credit (Section 25D): https://www.energy.gov/save/home-upgrades,all,all residential,all,heating,GSHP,electricity,all,,replace,federal,yes,,,,30,,,2022,2025,,
22661,Utah - National Electric Vehicle Infrastructure (NEVI) Formula Grant Program,expired,https://udotinput.utah.gov/evplan?HTTPSRedirected=true,low,"1. EV charging infrastructure falls outside standard Scout building equipment and envelope technologies (e.g., HVAC, water heating, insulation). Confirm if EV infrastructure should be included in Scout. 2. Incentive amounts are awarded competitively and vary, so no fixed rebate dollar amount, percentage, or specific performance levels are provided. 3. Confirm start/end years if applicable.",reference,Utah National Electric Vehicle Infrastructure (NEVI) Formula Grant Program: https://udotinput.utah.gov/evplan?HTTPSRedirected=true,UT,commercial,all,all,all,electricity,,,,non-federal,,,,,,,,,,,
381,Tax Abatement for Solar Manufacturers,expired,http://dor.wa.gov/content/findtaxesandrates/bandotax,low,"This program provides a Business & Occupation (B&O) tax rate reduction for solar equipment manufacturers, rather than a consumer or building-level incentive for equipment/envelope retrofits. It does not fit Scout's sub_fed/incentives.csv target scope (building energy efficiency and decarbonization measures), so end use, building type, tech, and rebate fields are left blank.",reference,Tax Abatement for Solar Manufacturers (Washington State Department of Revenue): http://dor.wa.gov/content/findtaxesandrates/bandotax,WA,,,,,,,,,non-federal,,,,,,,,2009,2032,,
22662,Washington - National Electric Vehicle Infrastructure (NEVI) Formula Grant Program,expired,https://wsdot.wa.gov/construction-planning/statewide-plans/washington-state-plan-electric-vehicle-infrastructure-deployment,low,"This program funds highway electric vehicle charging infrastructure established under IIJA (BIL), not building equipment or envelope upgrades within Scout's scope. Additionally, rebate amounts and financial incentives are variable competitive grant awards without fixed per-unit or percentage rates. Recommend excluding from Scout building incentives dataset.",reference,Washington - National Electric Vehicle Infrastructure (NEVI) Formula Grant Program: https://wsdot.wa.gov/construction-planning/statewide-plans/washington-state-plan-electric-vehicle-infrastructure-deployment,WA,,,,,electricity,,,,non-federal,,,,,,,,,,,
22650,Wisconsin - National Electric Vehicle Infrastructure (NEVI) Formula Grant Program,expired,https://wisconsindot.gov/Pages/projects/multimodal/electrification.aspx,low,"EV charging infrastructure is outside Scout's core building equipment/envelope end-use taxonomy. Additionally, grant amounts vary competitively and no fixed per-unit rebate dollar amount or performance metrics are specified in the DSIRE record.",reference,Wisconsin - National Electric Vehicle Infrastructure (NEVI) Formula Grant Program: https://wisconsindot.gov/Pages/projects/multimodal/electrification.aspx,WI,all commercial,all,,,electricity,,,,non-federal,,,,,,,,2024,,,
22663,Wyoming - National Electric Vehicle Infrastructure (NEVI) Formula Grant Program,expired,https://www.dot.state.wy.us/home/planning_projects/zero-emission-vehicles/national-electric-vehicle-infrastructure-(nevi)-program.html,low,"EV charging infrastructure is outside Scout's core building energy equipment/envelope scope. Specific rebate amounts, performance thresholds, and years are not provided in the source text due to competitive bidding structure.",reference,Wyoming National Electric Vehicle Infrastructure (NEVI) Formula Grant Program: https://www.dot.state.wy.us/home/planning_projects/zero-emission-vehicles/national-electric-vehicle-infrastructure-(nevi)-program.html,WY,commercial,all,all,all,electricity,,,,non-federal,,,,,,,,,,,
